ec5_branch_owner_uuid,ec5_branch_uuid,created_at,uploaded_at,title,lat_11_Localizacion_del_,long_11_Localizacion_del_,accuracy_11_Localizacion_del_,UTM_Northing_11_Localizacion_del_,UTM_Easting_11_Localizacion_del_,UTM_Zone_11_Localizacion_del_,12_Se_pudo_reconocer,13_Especie,14_Edad_meses,15_Altura_cm,16_Foto_del_plantado,17_Observacion,18_Presencia_de_tuto,19_Estado_fitosanita,20_Observaciones__Fi,21_Estado_General_de,22_Observaciones__Ta,23_Origen,24_Tipo_de_intervenc,25_Posee_cao_de_rieg,26_Plantado_en_suelo,27_Otras_observacion
bd5c133e-9851-4af0-9aa0-cd8bc592797a,6b32281b-400e-4d87-839e-5f5d06478afa,2026-06-04T20:11:18.000Z,2026-06-04T20:13:13.000Z,6b32281b-400e-4d87-839e-5f5d06478afa,-31.728727,-60.548452,10,6487017,732272,20J,Reconocida,Jacaranda,36,250,https://five.epicollect.net/api/media/plan-de-arbolado-parana-2024-2028?type=photo&format=entry_original&name=6b32281b-400e-4d87-839e-5f5d06478afa_1780603870.jpg,,Si,Saludable ,,Saludable,,Vivero municipal,Parques y/o plazas,No,Natural,
bd5c133e-9851-4af0-9aa0-cd8bc592797a,d151b1ce-7363-4093-aebc-c132fa683279,2026-06-04T20:10:24.000Z,2026-06-04T20:13:11.000Z,d151b1ce-7363-4093-aebc-c132fa683279,-31.728658,-60.548408,9,6487025,732277,20J,Reconocida,Lapacho,36,250,https://five.epicollect.net/api/media/plan-de-arbolado-parana-2024-2028?type=photo&format=entry_original&name=d151b1ce-7363-4093-aebc-c132fa683279_1780603817.jpg,,Si,Saludable ,,Saludable,,Vivero municipal,Parques y/o plazas,No,Natural,
bd5c133e-9851-4af0-9aa0-cd8bc592797a,b692c868-77d7-4669-addd-07817586cab3,2026-06-04T20:09:43.000Z,2026-06-04T20:13:09.000Z,b692c868-77d7-4669-addd-07817586cab3,-31.728679,-60.548367,10,6487023,732281,20J,Reconocida,Lapacho,36,250,https://five.epicollect.net/api/media/plan-de-arbolado-parana-2024-2028?type=photo&format=entry_original&name=b692c868-77d7-4669-addd-07817586cab3_1780603772.jpg,,Si,Saludable ,,Saludable,,Vivero municipal,Parques y/o plazas,No,Natural,
bd5c133e-9851-4af0-9aa0-cd8bc592797a,baea80c1-540d-4abd-98b1-ad6cf2aaf186,2026-06-04T20:09:05.000Z,2026-06-04T20:13:08.000Z,baea80c1-540d-4abd-98b1-ad6cf2aaf186,-31.728662,-60.548312,10,6487024,732286,20J,Reconocida,Lapacho,36,120,https://five.epicollect.net/api/media/plan-de-arbolado-parana-2024-2028?type=photo&format=entry_original&name=baea80c1-540d-4abd-98b1-ad6cf2aaf186_1780603738.jpg,,Si,Saludable ,,Saludable,,Vivero municipal,Parques y/o plazas,No,Natural,
bd5c133e-9851-4af0-9aa0-cd8bc592797a,f09cea4c-a287-442e-a468-775c528197d4,2026-06-04T20:08:19.000Z,2026-06-04T20:13:06.000Z,f09cea4c-a287-442e-a468-775c528197d4,-31.728642,-60.548267,9,6487026,732290,20J,Reconocida,Lapacho,36,180,https://five.epicollect.net/api/media/plan-de-arbolado-parana-2024-2028?type=photo&format=entry_original&name=f09cea4c-a287-442e-a468-775c528197d4_1780603678.jpg,Afectado por hongos,Si,Saludable ,,Saludable,,Vivero municipal,Parques y/o plazas,No,Natural,
bd5c133e-9851-4af0-9aa0-cd8bc592797a,a45279de-4c39-4d13-98fb-fdf0a08d95f3,2026-06-04T20:07:22.000Z,2026-06-04T20:13:04.000Z,a45279de-4c39-4d13-98fb-fdf0a08d95f3,-31.728561,-60.548197,10,6487035,732297,20J,Reconocida,Lapacho,36,250,https://five.epicollect.net/api/media/plan-de-arbolado-parana-2024-2028?type=photo&format=entry_original&name=a45279de-4c39-4d13-98fb-fdf0a08d95f3_1780603636.jpg,,Si,Saludable ,,Saludable,,Vivero municipal,Parques y/o plazas,No,Natural,
bd5c133e-9851-4af0-9aa0-cd8bc592797a,626e2a48-dab7-4243-bf2c-c1e007a05864,2026-06-04T20:06:50.000Z,2026-06-04T20:13:02.000Z,626e2a48-dab7-4243-bf2c-c1e007a05864,-31.728548,-60.548217,9,6487037,732295,20J,Reconocida,Lapacho,36,50,https://five.epicollect.net/api/media/plan-de-arbolado-parana-2024-2028?type=photo&format=entry_original&name=626e2a48-dab7-4243-bf2c-c1e007a05864_1780603604.jpg,,Si,Saludable ,,Saludable,,Vivero municipal,Parques y/o plazas,No,Natural,
bd5c133e-9851-4af0-9aa0-cd8bc592797a,1e78adec-67c9-433b-8b48-89a80e7a2faa,2026-06-04T20:05:47.000Z,2026-06-04T20:13:00.000Z,1e78adec-67c9-433b-8b48-89a80e7a2faa,-31.728822,-60.548218,11,6487006,732294,20J,Reconocida,Lapacho,36,250,https://five.epicollect.net/api/media/plan-de-arbolado-parana-2024-2028?type=photo&format=entry_original&name=1e78adec-67c9-433b-8b48-89a80e7a2faa_1780603541.jpg,,Si,Saludable ,,Saludable,,Vivero municipal,Parques y/o plazas,No,Natural,
bd5c133e-9851-4af0-9aa0-cd8bc592797a,f23937c8-7d68-428e-b775-41cdd085dc46,2026-06-04T20:05:16.000Z,2026-06-04T20:12:58.000Z,f23937c8-7d68-428e-b775-41cdd085dc46,-31.72886,-60.548195,10,6487002,732296,20J,Reconocida,Lapacho,36,250,https://five.epicollect.net/api/media/plan-de-arbolado-parana-2024-2028?type=photo&format=entry_original&name=f23937c8-7d68-428e-b775-41cdd085dc46_1780603511.jpg,,Si,Saludable ,,Saludable,,Vivero municipal,Parques y/o plazas,No,Natural,
bd5c133e-9851-4af0-9aa0-cd8bc592797a,e6c96eab-fe4b-4832-8fef-3d19120379fe,2026-06-04T20:04:37.000Z,2026-06-04T20:12:56.000Z,e6c96eab-fe4b-4832-8fef-3d19120379fe,-31.728775,-60.54817,10,6487012,732299,20J,Reconocida,Lapacho,36,150,https://five.epicollect.net/api/media/plan-de-arbolado-parana-2024-2028?type=photo&format=entry_original&name=e6c96eab-fe4b-4832-8fef-3d19120379fe_1780603471.jpg,,Si,Saludable ,,Saludable,,Vivero municipal,Parques y/o plazas,No,Natural,
bd5c133e-9851-4af0-9aa0-cd8bc592797a,3c9eba7c-29a3-4f03-b9e4-3330e213b405,2026-06-04T20:04:07.000Z,2026-06-04T20:12:54.000Z,3c9eba7c-29a3-4f03-b9e4-3330e213b405,-31.728782,-60.54819,10,6487011,732297,20J,Reconocida,Lapacho,36,100,https://five.epicollect.net/api/media/plan-de-arbolado-parana-2024-2028?type=photo&format=entry_original&name=3c9eba7c-29a3-4f03-b9e4-3330e213b405_1780603443.jpg,,Si,Saludable ,,Saludable,,Vivero municipal,Parques y/o plazas,No,Natural,
bd5c133e-9851-4af0-9aa0-cd8bc592797a,73050121-61d4-41c1-a5f2-ac645909bd68,2026-06-04T20:03:26.000Z,2026-06-04T20:12:53.000Z,73050121-61d4-41c1-a5f2-ac645909bd68,-31.728774,-60.548221,9,6487012,732294,20J,Reconocida,Lapacho,36,180,https://five.epicollect.net/api/media/plan-de-arbolado-parana-2024-2028?type=photo&format=entry_original&name=73050121-61d4-41c1-a5f2-ac645909bd68_1780603399.jpg,,Si,Saludable ,,Saludable,,Vivero municipal,Parques y/o plazas,No,Natural,
bd5c133e-9851-4af0-9aa0-cd8bc592797a,b8c01e3f-19fd-436f-b0a8-f839492a4bdb,2026-06-04T20:02:48.000Z,2026-06-04T20:12:51.000Z,b8c01e3f-19fd-436f-b0a8-f839492a4bdb,-31.72874,-60.548203,10,6487015,732296,20J,Reconocida,Lapacho,36,250,https://five.epicollect.net/api/media/plan-de-arbolado-parana-2024-2028?type=photo&format=entry_original&name=b8c01e3f-19fd-436f-b0a8-f839492a4bdb_1780603350.jpg,,Si,Saludable ,,Saludable,,Vivero municipal,Parques y/o plazas,No,Natural,
bd5c133e-9851-4af0-9aa0-cd8bc592797a,d903b089-6bac-4226-9d07-c4685084c97f,2026-06-04T20:02:02.000Z,2026-06-04T20:12:49.000Z,d903b089-6bac-4226-9d07-c4685084c97f,-31.728743,-60.548186,9,6487015,732298,20J,Reconocida,Lapacho,36,200,https://five.epicollect.net/api/media/plan-de-arbolado-parana-2024-2028?type=photo&format=entry_original&name=d903b089-6bac-4226-9d07-c4685084c97f_1780603317.jpg,,Si,Saludable ,,Saludable,,Vivero municipal,Parques y/o plazas,No,Natural,
bd5c133e-9851-4af0-9aa0-cd8bc592797a,f3c49e84-8f19-43da-ba37-40a54ee80029,2026-06-04T20:01:23.000Z,2026-06-04T20:12:47.000Z,f3c49e84-8f19-43da-ba37-40a54ee80029,-31.72873,-60.548199,9,6487017,732296,20J,Reconocida,Lapacho,36,200,https://five.epicollect.net/api/media/plan-de-arbolado-parana-2024-2028?type=photo&format=entry_original&name=f3c49e84-8f19-43da-ba37-40a54ee80029_1780603267.jpg,,Si,Saludable ,,Saludable,,Vivero municipal,Parques y/o plazas,No,Natural,
bd5c133e-9851-4af0-9aa0-cd8bc592797a,f3c1fa66-b851-4922-8935-9d4f5b8035d0,2026-06-04T20:00:35.000Z,2026-06-04T20:12:45.000Z,f3c1fa66-b851-4922-8935-9d4f5b8035d0,-31.728722,-60.548146,9,6487017,732301,20J,Reconocida,Lapacho,36,100,https://five.epicollect.net/api/media/plan-de-arbolado-parana-2024-2028?type=photo&format=entry_original&name=f3c1fa66-b851-4922-8935-9d4f5b8035d0_1780603227.jpg,,Si,Saludable ,,Saludable,,Vivero municipal,Parques y/o plazas,No,Natural,
bd5c133e-9851-4af0-9aa0-cd8bc592797a,3b4e0a4b-ded6-4b3f-8b63-66a923042188,2026-06-04T20:00:04.000Z,2026-06-04T20:12:43.000Z,3b4e0a4b-ded6-4b3f-8b63-66a923042188,-31.728746,-60.548106,10,6487015,732305,20J,Reconocida,Guarán,36,180,https://five.epicollect.net/api/media/plan-de-arbolado-parana-2024-2028?type=photo&format=entry_original&name=3b4e0a4b-ded6-4b3f-8b63-66a923042188_1780603193.jpg,,Si,Saludable ,,Saludable,,Vivero municipal,Parques y/o plazas,No,Natural,
bd5c133e-9851-4af0-9aa0-cd8bc592797a,66026b99-20a9-4ed1-999d-7810bb90dcb2,2026-06-04T19:59:20.000Z,2026-06-04T20:12:41.000Z,66026b99-20a9-4ed1-999d-7810bb90dcb2,-31.72879,-60.548075,10,6487010,732308,20J,Reconocida,Lapacho,36,250,https://five.epicollect.net/api/media/plan-de-arbolado-parana-2024-2028?type=photo&format=entry_original&name=66026b99-20a9-4ed1-999d-7810bb90dcb2_1780603154.jpg,,Si,Saludable ,,Saludable,,Vivero municipal,Parques y/o plazas,No,Natural,
bd5c133e-9851-4af0-9aa0-cd8bc592797a,827c40c6-a6b8-400b-a6b0-7858ec0e847d,2026-06-04T19:58:46.000Z,2026-06-04T20:12:40.000Z,827c40c6-a6b8-400b-a6b0-7858ec0e847d,-31.728788,-60.548098,10,6487010,732306,20J,Reconocida,Lapacho,36,180,https://five.epicollect.net/api/media/plan-de-arbolado-parana-2024-2028?type=photo&format=entry_original&name=827c40c6-a6b8-400b-a6b0-7858ec0e847d_1780603119.jpg,,Si,Saludable ,,Saludable,,Vivero municipal,Parques y/o plazas,No,Natural,
bd5c133e-9851-4af0-9aa0-cd8bc592797a,eb59bf50-a994-4071-b6ff-944d4f914169,2026-06-04T19:58:07.000Z,2026-06-04T20:12:38.000Z,eb59bf50-a994-4071-b6ff-944d4f914169,-31.728794,-60.548129,9,6487009,732303,20J,Reconocida,Lapacho,36,250,https://five.epicollect.net/api/media/plan-de-arbolado-parana-2024-2028?type=photo&format=entry_original&name=eb59bf50-a994-4071-b6ff-944d4f914169_1780603081.jpg,,Si,Saludable ,,Saludable,,Vivero municipal,Parques y/o plazas,No,Natural,
bd5c133e-9851-4af0-9aa0-cd8bc592797a,76c0b666-4d7b-4d3c-ad57-da70d29a1bd2,2026-06-04T19:57:27.000Z,2026-06-04T20:12:36.000Z,76c0b666-4d7b-4d3c-ad57-da70d29a1bd2,-31.728847,-60.548083,9,6487003,732307,20J,Reconocida,Lapacho,36,200,https://five.epicollect.net/api/media/plan-de-arbolado-parana-2024-2028?type=photo&format=entry_original&name=76c0b666-4d7b-4d3c-ad57-da70d29a1bd2_1780603041.jpg,,Si,Saludable ,,Saludable,,Vivero municipal,Parques y/o plazas,No,Natural,
bd5c133e-9851-4af0-9aa0-cd8bc592797a,abdaac33-3544-4fd0-8783-e0934213790e,2026-06-04T19:56:58.000Z,2026-06-04T20:12:34.000Z,abdaac33-3544-4fd0-8783-e0934213790e,-31.72885,-60.548046,9,6487003,732311,20J,Reconocida,Lapacho,36,250,https://five.epicollect.net/api/media/plan-de-arbolado-parana-2024-2028?type=photo&format=entry_original&name=abdaac33-3544-4fd0-8783-e0934213790e_1780603012.jpg,,Si,Saludable ,,Saludable,,Vivero municipal,Parques y/o plazas,No,Natural,
bd5c133e-9851-4af0-9aa0-cd8bc592797a,ff337e03-7532-4eb6-8f37-858b146f7128,2026-06-04T19:56:18.000Z,2026-06-04T20:12:32.000Z,ff337e03-7532-4eb6-8f37-858b146f7128,-31.728848,-60548,10,6487003,732315,20J,Reconocida,Lapacho,36,250,https://five.epicollect.net/api/media/plan-de-arbolado-parana-2024-2028?type=photo&format=entry_original&name=ff337e03-7532-4eb6-8f37-858b146f7128_1780602970.jpg,,Si,Saludable ,,Saludable,,Vivero municipal,Parques y/o plazas,No,Natural,
bd5c133e-9851-4af0-9aa0-cd8bc592797a,74d4c5df-4cac-46e7-9566-a1c3f8cf6451,2026-06-04T19:51:50.000Z,2026-06-04T20:12:30.000Z,74d4c5df-4cac-46e7-9566-a1c3f8cf6451,-31.72972,-60.547458,9,6486905,732364,20J,Reconocida,Tipa,36,10,https://five.epicollect.net/api/media/plan-de-arbolado-parana-2024-2028?type=photo&format=entry_original&name=74d4c5df-4cac-46e7-9566-a1c3f8cf6451_1780602700.jpg,,Si,Saludable ,,Saludable,,Vivero municipal,Parques y/o plazas,No,Natural,
bd5c133e-9851-4af0-9aa0-cd8bc592797a,c48c9f3a-7308-45ff-9fe4-0acf299d4f3a,2026-06-04T19:50:51.000Z,2026-06-04T20:12:29.000Z,c48c9f3a-7308-45ff-9fe4-0acf299d4f3a,-31.72971,-60.5475,9,6486906,732360,20J,Reconocida,Tipa,36,10,https://five.epicollect.net/api/media/plan-de-arbolado-parana-2024-2028?type=photo&format=entry_original&name=c48c9f3a-7308-45ff-9fe4-0acf299d4f3a_1780602645.jpg,,Si,Saludable ,,Saludable,,Vivero municipal,Parques y/o plazas,No,Natural,
bd5c133e-9851-4af0-9aa0-cd8bc592797a,9e8e0e51-126e-47c5-a0ba-32fd7bdf3a5c,2026-06-04T19:50:10.000Z,2026-06-04T20:12:27.000Z,9e8e0e51-126e-47c5-a0ba-32fd7bdf3a5c,-31.729703,-60.547539,10,6486907,732356,20J,Reconocida,Jacaranda,36,10,https://five.epicollect.net/api/media/plan-de-arbolado-parana-2024-2028?type=photo&format=entry_original&name=9e8e0e51-126e-47c5-a0ba-32fd7bdf3a5c_1780602604.jpg,,Si,Saludable ,,Saludable,,Vivero municipal,Parques y/o plazas,No,Natural,
bd5c133e-9851-4af0-9aa0-cd8bc592797a,b4b8ef5e-017e-419a-85c4-5d54818dffe4,2026-06-04T19:49:28.000Z,2026-06-04T20:12:25.000Z,b4b8ef5e-017e-419a-85c4-5d54818dffe4,-31.729726,-60.547505,10,6486905,732360,20J,Reconocida,Timbó,36,200,https://five.epicollect.net/api/media/plan-de-arbolado-parana-2024-2028?type=photo&format=entry_original&name=b4b8ef5e-017e-419a-85c4-5d54818dffe4_1780602560.jpg,,Si,Saludable ,,Saludable,,Vivero municipal,Parques y/o plazas,No,Natural,
bd5c133e-9851-4af0-9aa0-cd8bc592797a,bd106937-64a1-4ea9-8b66-ee1738de9138,2026-06-04T19:48:14.000Z,2026-06-04T20:12:23.000Z,bd106937-64a1-4ea9-8b66-ee1738de9138,-31.729741,-60.547439,9,6486903,732366,20J,Reconocida,Lapacho,36,200,https://five.epicollect.net/api/media/plan-de-arbolado-parana-2024-2028?type=photo&format=entry_original&name=bd106937-64a1-4ea9-8b66-ee1738de9138_1780602486.jpg,,Si,Saludable ,,Saludable,,Vivero municipal,Parques y/o plazas,No,Natural,
bd5c133e-9851-4af0-9aa0-cd8bc592797a,584fea2f-e143-46d8-9413-711ea673f5e9,2026-06-04T19:47:31.000Z,2026-06-04T20:12:21.000Z,584fea2f-e143-46d8-9413-711ea673f5e9,-31.729713,-60.547431,10,6486906,732367,20J,Reconocida,Guarán,36,150,https://five.epicollect.net/api/media/plan-de-arbolado-parana-2024-2028?type=photo&format=entry_original&name=584fea2f-e143-46d8-9413-711ea673f5e9_1780602444.jpg,,Si,Saludable ,,Saludable,,Vivero municipal,Parques y/o plazas,No,Natural,
bd5c133e-9851-4af0-9aa0-cd8bc592797a,fdf856ce-6500-4171-931d-9757ebc165b8,2026-06-04T19:46:49.000Z,2026-06-04T20:12:19.000Z,fdf856ce-6500-4171-931d-9757ebc165b8,-31.729783,-60.547408,10,6486898,732369,20J,Reconocida,Guarán,36,150,https://five.epicollect.net/api/media/plan-de-arbolado-parana-2024-2028?type=photo&format=entry_original&name=fdf856ce-6500-4171-931d-9757ebc165b8_1780602401.jpg,,Si,Saludable ,,Saludable,,Vivero municipal,Parques y/o plazas,No,Natural,
bd5c133e-9851-4af0-9aa0-cd8bc592797a,6eeb236d-768f-46a0-938b-d23aae1d4da0,2026-06-04T19:46:11.000Z,2026-06-04T20:12:18.000Z,6eeb236d-768f-46a0-938b-d23aae1d4da0,-31.72979,-60.547403,9,6486897,732369,20J,Reconocida,Guarán,36,150,https://five.epicollect.net/api/media/plan-de-arbolado-parana-2024-2028?type=photo&format=entry_original&name=6eeb236d-768f-46a0-938b-d23aae1d4da0_1780602364.jpg,,Si,Saludable ,,Saludable,,Vivero municipal,Parques y/o plazas,No,Natural,
bd5c133e-9851-4af0-9aa0-cd8bc592797a,f7d9e3e4-1f02-456c-bcbb-ac356c4e25cc,2026-06-04T19:45:20.000Z,2026-06-04T20:12:16.000Z,f7d9e3e4-1f02-456c-bcbb-ac356c4e25cc,-31.729809,-60.547413,10,6486895,732368,20J,Reconocida,Lapacho,36,200,https://five.epicollect.net/api/media/plan-de-arbolado-parana-2024-2028?type=photo&format=entry_original&name=f7d9e3e4-1f02-456c-bcbb-ac356c4e25cc_1780602313.jpg,,Si,Saludable ,,Saludable,,Vivero municipal,Parques y/o plazas,No,Natural,
bd5c133e-9851-4af0-9aa0-cd8bc592797a,96426d07-015f-4ae9-a4ae-329b8d00f7ca,2026-06-04T19:44:29.000Z,2026-06-04T20:12:14.000Z,96426d07-015f-4ae9-a4ae-329b8d00f7ca,-31.72988,-60.547345,10,6486887,732374,20J,Reconocida,Timbó,36,100,https://five.epicollect.net/api/media/plan-de-arbolado-parana-2024-2028?type=photo&format=entry_original&name=96426d07-015f-4ae9-a4ae-329b8d00f7ca_1780602263.jpg,,Si,Saludable ,,Saludable,,Vivero municipal,Parques y/o plazas,No,Natural,
bd5c133e-9851-4af0-9aa0-cd8bc592797a,06121129-1b2f-4b71-b82c-fab182bda40a,2026-06-04T19:43:57.000Z,2026-06-04T20:12:12.000Z,06121129-1b2f-4b71-b82c-fab182bda40a,-31.729896,-60.547335,9,6486885,732375,20J,Reconocida,Lapacho,36,180,https://five.epicollect.net/api/media/plan-de-arbolado-parana-2024-2028?type=photo&format=entry_original&name=06121129-1b2f-4b71-b82c-fab182bda40a_1780602230.jpg,,Si,Saludable ,,Saludable,,Vivero municipal,Parques y/o plazas,No,Natural,
bd5c133e-9851-4af0-9aa0-cd8bc592797a,df5eb6af-9c94-44da-ae30-a96549a66c4c,2026-06-04T19:43:10.000Z,2026-06-04T20:12:10.000Z,df5eb6af-9c94-44da-ae30-a96549a66c4c,-31.72989,-60.547344,9,6486886,732374,20J,Reconocida,Tipa,36,50,https://five.epicollect.net/api/media/plan-de-arbolado-parana-2024-2028?type=photo&format=entry_original&name=df5eb6af-9c94-44da-ae30-a96549a66c4c_1780602181.jpg,,Si,Saludable ,,Saludable,,Vivero municipal,Parques y/o plazas,No,Natural,
bd5c133e-9851-4af0-9aa0-cd8bc592797a,796fd5f9-7a31-44c2-ba38-27f309f0f631,2026-06-04T19:41:59.000Z,2026-06-04T20:12:08.000Z,796fd5f9-7a31-44c2-ba38-27f309f0f631,-31.729924,-60.547313,9,6486882,732377,20J,Reconocida,Lapacho,36,250,https://five.epicollect.net/api/media/plan-de-arbolado-parana-2024-2028?type=photo&format=entry_original&name=796fd5f9-7a31-44c2-ba38-27f309f0f631_1780602112.jpg,,Si,Saludable ,,Saludable,,Vivero municipal,Parques y/o plazas,No,Natural,
bd5c133e-9851-4af0-9aa0-cd8bc592797a,992a965f-6a75-4bb7-9022-2da5673c5800,2026-06-04T19:41:08.000Z,2026-06-04T20:12:07.000Z,992a965f-6a75-4bb7-9022-2da5673c5800,-31.729944,-60.547308,10,6486880,732378,20J,Reconocida,Timbó,36,100,https://five.epicollect.net/api/media/plan-de-arbolado-parana-2024-2028?type=photo&format=entry_original&name=992a965f-6a75-4bb7-9022-2da5673c5800_1780602060.jpg,,Si,Saludable ,,Saludable,,Vivero municipal,Parques y/o plazas,No,Natural,
bd5c133e-9851-4af0-9aa0-cd8bc592797a,918a688d-61f3-42ed-8734-7afb56f8d35e,2026-06-04T19:40:32.000Z,2026-06-04T20:12:04.000Z,918a688d-61f3-42ed-8734-7afb56f8d35e,-31.729921,-60.547287,9,6486883,732380,20J,Reconocida,Timbó,36,150,https://five.epicollect.net/api/media/plan-de-arbolado-parana-2024-2028?type=photo&format=entry_original&name=918a688d-61f3-42ed-8734-7afb56f8d35e_1780602026.jpg,,Si,Saludable ,,Saludable,,Vivero municipal,Parques y/o plazas,No,Natural,
bd5c133e-9851-4af0-9aa0-cd8bc592797a,0fc340d6-9442-4f85-9d2a-8afa998049d6,2026-06-04T19:39:56.000Z,2026-06-04T20:12:03.000Z,0fc340d6-9442-4f85-9d2a-8afa998049d6,-31.729946,-60.547295,9,6486880,732379,20J,Reconocida,Lapacho,36,250,https://five.epicollect.net/api/media/plan-de-arbolado-parana-2024-2028?type=photo&format=entry_original&name=0fc340d6-9442-4f85-9d2a-8afa998049d6_1780601978.jpg,,Si,Saludable ,,Saludable,,Vivero municipal,Parques y/o plazas,No,Natural,
bd5c133e-9851-4af0-9aa0-cd8bc592797a,d695a230-1376-45cd-96d5-56bc25692398,2026-06-04T19:38:24.000Z,2026-06-04T20:12:01.000Z,d695a230-1376-45cd-96d5-56bc25692398,-31.73,-60.547241,9,6486874,732384,20J,Reconocida,Lapacho,36,250,https://five.epicollect.net/api/media/plan-de-arbolado-parana-2024-2028?type=photo&format=entry_original&name=d695a230-1376-45cd-96d5-56bc25692398_1780601896.jpg,,Si,Saludable ,,Saludable,,Vivero municipal,Parques y/o plazas,No,Natural,
bd5c133e-9851-4af0-9aa0-cd8bc592797a,d329a1d5-b1b1-4e9a-9f92-c7f7cc7eba82,2026-06-04T19:37:37.000Z,2026-06-04T20:11:59.000Z,d329a1d5-b1b1-4e9a-9f92-c7f7cc7eba82,-31.73002,-60.547219,9,6486871,732386,20J,Reconocida,Guarán,36,150,https://five.epicollect.net/api/media/plan-de-arbolado-parana-2024-2028?type=photo&format=entry_original&name=d329a1d5-b1b1-4e9a-9f92-c7f7cc7eba82_1780601850.jpg,,Si,Saludable ,,Saludable,,Vivero municipal,Parques y/o plazas,No,Natural,
bd5c133e-9851-4af0-9aa0-cd8bc592797a,0e637aba-d493-41e3-9c5a-3eb2c724987f,2026-06-04T19:36:39.000Z,2026-06-04T20:11:57.000Z,0e637aba-d493-41e3-9c5a-3eb2c724987f,-31.730047,-60.547207,10,6486868,732387,20J,Reconocida,Palo Borracho,36,200,https://five.epicollect.net/api/media/plan-de-arbolado-parana-2024-2028?type=photo&format=entry_original&name=0e637aba-d493-41e3-9c5a-3eb2c724987f_1780601776.jpg,,Si,Saludable ,,Saludable,,Vivero municipal,Parques y/o plazas,No,Natural,
bd5c133e-9851-4af0-9aa0-cd8bc592797a,8fbef377-f452-47c9-a58b-c57f3e6a47f8,2026-06-04T19:35:59.000Z,2026-06-04T20:11:55.000Z,8fbef377-f452-47c9-a58b-c57f3e6a47f8,-31.730048,-60.547194,17,6486868,732388,20J,Reconocida,Lapacho,36,200,https://five.epicollect.net/api/media/plan-de-arbolado-parana-2024-2028?type=photo&format=entry_original&name=8fbef377-f452-47c9-a58b-c57f3e6a47f8_1780601739.jpg,,Si,Saludable ,,Saludable,,Vivero municipal,Parques y/o plazas,No,Natural,
bd5c133e-9851-4af0-9aa0-cd8bc592797a,2178f82e-f365-4862-adf1-890ec3fe5732,2026-06-04T19:35:25.000Z,2026-06-04T20:11:53.000Z,2178f82e-f365-4862-adf1-890ec3fe5732,-31.730076,-60.547203,10,6486865,732387,20J,Reconocida,Timbó,36,210,https://five.epicollect.net/api/media/plan-de-arbolado-parana-2024-2028?type=photo&format=entry_original&name=2178f82e-f365-4862-adf1-890ec3fe5732_1780601717.jpg,,Si,Saludable ,,Saludable,,Vivero municipal,Parques y/o plazas,No,Natural,
bd5c133e-9851-4af0-9aa0-cd8bc592797a,7ebf1c63-a297-4164-966a-42d292e1a360,2026-06-04T19:34:43.000Z,2026-06-04T20:11:52.000Z,7ebf1c63-a297-4164-966a-42d292e1a360,-31.730087,-60.547182,12,6486864,732389,20J,Reconocida,Tipa,36,50,https://five.epicollect.net/api/media/plan-de-arbolado-parana-2024-2028?type=photo&format=entry_original&name=7ebf1c63-a297-4164-966a-42d292e1a360_1780601677.jpg,,Si,Saludable ,,Saludable,,Vivero municipal,Parques y/o plazas,No,Natural,
bd5c133e-9851-4af0-9aa0-cd8bc592797a,fbd871b5-1ea7-4784-8f57-eb9482a3cfca,2026-06-04T19:34:12.000Z,2026-06-04T20:11:50.000Z,fbd871b5-1ea7-4784-8f57-eb9482a3cfca,-31.73012,-60.547184,10,6486860,732389,20J,Reconocida,Jacaranda,36,250,https://five.epicollect.net/api/media/plan-de-arbolado-parana-2024-2028?type=photo&format=entry_original&name=fbd871b5-1ea7-4784-8f57-eb9482a3cfca_1780601645.jpg,,Si,Saludable ,,Saludable,,Vivero municipal,Parques y/o plazas,No,Natural,
bd5c133e-9851-4af0-9aa0-cd8bc592797a,72457c89-2856-42bc-916e-7f090c39a279,2026-06-04T19:33:35.000Z,2026-06-04T20:11:48.000Z,72457c89-2856-42bc-916e-7f090c39a279,-31.730121,-60.547139,10,6486860,732393,20J,Reconocida,Lapacho,36,250,https://five.epicollect.net/api/media/plan-de-arbolado-parana-2024-2028?type=photo&format=entry_original&name=72457c89-2856-42bc-916e-7f090c39a279_1780601607.jpg,,Si,Saludable ,,Saludable,,Vivero municipal,Parques y/o plazas,No,Natural,
bd5c133e-9851-4af0-9aa0-cd8bc592797a,5cad877d-48c9-4aad-acca-7c47104da3dc,2026-06-04T19:32:55.000Z,2026-06-04T20:11:46.000Z,5cad877d-48c9-4aad-acca-7c47104da3dc,-31.730112,-60.547146,11,6486861,732393,20J,Reconocida,Timbó,36,150,https://five.epicollect.net/api/media/plan-de-arbolado-parana-2024-2028?type=photo&format=entry_original&name=5cad877d-48c9-4aad-acca-7c47104da3dc_1780601566.jpg,,Si,Saludable ,,Saludable,,Vivero municipal,Parques y/o plazas,No,Natural,
bd5c133e-9851-4af0-9aa0-cd8bc592797a,bb29efd4-683f-4e0a-9fc1-b5c27585661d,2026-06-04T19:32:14.000Z,2026-06-04T20:11:44.000Z,bb29efd4-683f-4e0a-9fc1-b5c27585661d,-31.730111,-60.547089,10,6486861,732398,20J,Reconocida,Tipa,36,50,https://five.epicollect.net/api/media/plan-de-arbolado-parana-2024-2028?type=photo&format=entry_original&name=bb29efd4-683f-4e0a-9fc1-b5c27585661d_1780601523.jpg,,Si,Saludable ,,Saludable,,Vivero municipal,Parques y/o plazas,No,Natural,
bd5c133e-9851-4af0-9aa0-cd8bc592797a,dae5673e-4a65-45d6-a91b-37bfe9f246b7,2026-06-04T19:31:33.000Z,2026-06-04T20:11:42.000Z,dae5673e-4a65-45d6-a91b-37bfe9f246b7,-31.730265,-60.547037,10,6486844,732403,20J,Reconocida,Guarán,36,200,https://five.epicollect.net/api/media/plan-de-arbolado-parana-2024-2028?type=photo&format=entry_original&name=dae5673e-4a65-45d6-a91b-37bfe9f246b7_1780601469.jpg,,Si,Saludable ,,,,Vivero municipal,Parques y/o plazas,No,Natural,
bd5c133e-9851-4af0-9aa0-cd8bc592797a,41fb69c5-5683-4390-bcdb-2cbd0bde2783,2026-06-04T19:30:08.000Z,2026-06-04T20:11:40.000Z,41fb69c5-5683-4390-bcdb-2cbd0bde2783,-31.730296,-60.546964,10,6486840,732409,20J,Reconocida,Timbó,36,50,https://five.epicollect.net/api/media/plan-de-arbolado-parana-2024-2028?type=photo&format=entry_original&name=41fb69c5-5683-4390-bcdb-2cbd0bde2783_1780601397.jpg,,Si,Saludable ,,Saludable,,Vivero municipal,Parques y/o plazas,No,Natural,
bd5c133e-9851-4af0-9aa0-cd8bc592797a,10b1eab2-052d-4367-b787-6c2945f662b2,2026-06-04T19:29:33.000Z,2026-06-04T20:11:38.000Z,10b1eab2-052d-4367-b787-6c2945f662b2,-31.730317,-60.546961,9,6486838,732410,20J,Reconocida,Timbó,36,100,https://five.epicollect.net/api/media/plan-de-arbolado-parana-2024-2028?type=photo&format=entry_original&name=10b1eab2-052d-4367-b787-6c2945f662b2_1780601364.jpg,,Si,Saludable ,,Saludable,,Vivero municipal,Parques y/o plazas,No,Natural,
bd5c133e-9851-4af0-9aa0-cd8bc592797a,5ac76c67-ab5a-426f-8295-46a9b02f4558,2026-06-04T19:28:54.000Z,2026-06-04T20:11:36.000Z,5ac76c67-ab5a-426f-8295-46a9b02f4558,-31.730321,-60.547001,9,6486838,732406,20J,Reconocida,Lapacho,36,250,https://five.epicollect.net/api/media/plan-de-arbolado-parana-2024-2028?type=photo&format=entry_original&name=5ac76c67-ab5a-426f-8295-46a9b02f4558_1780601324.jpg,,Si,Saludable ,,Saludable,,Vivero municipal,Parques y/o plazas,No,Natural,
bd5c133e-9851-4af0-9aa0-cd8bc592797a,2a97a222-16a2-460d-84dd-5d64e8dec557,2026-06-04T19:28:14.000Z,2026-06-04T20:11:34.000Z,2a97a222-16a2-460d-84dd-5d64e8dec557,-31.730307,-60.546991,10,6486839,732407,20J,Reconocida,Timbó,36,100,https://five.epicollect.net/api/media/plan-de-arbolado-parana-2024-2028?type=photo&format=entry_original&name=2a97a222-16a2-460d-84dd-5d64e8dec557_1780601276.jpg,Saludable,Si,Saludable ,,Saludable,,Vivero municipal,Parques y/o plazas,No,Natural,
312e05d6-f640-43be-9c51-280af68f0b4d,13007d0f-e569-4c05-9a1d-e9b9a65dcec2,2026-04-28T18:11:41.000Z,2026-04-28T18:11:54.000Z,13007d0f-e569-4c05-9a1d-e9b9a65dcec2,-31.721383,-60.515912,11,6487762,735375,20J,Reconocida,Ceibo,36,150,https://five.epicollect.net/api/media/plan-de-arbolado-parana-2024-2028?type=photo&format=entry_original&name=13007d0f-e569-4c05-9a1d-e9b9a65dcec2_1777399878.jpg,,Si,Saludable ,,Saludable,,Vivero municipal,Alineación,No,Natural,
ecaff50f-1977-4c15-b92d-f2030d62e7ab,7130105c-cc8e-4b37-a4ec-ceb680078b8f,2026-04-23T19:05:47.000Z,2026-04-23T19:21:54.000Z,7130105c-cc8e-4b37-a4ec-ceb680078b8f,-31.745046,-60.498468,15,6485100,736968,20J,Reconocida,Guarán,36,110,https://five.epicollect.net/api/media/plan-de-arbolado-parana-2024-2028?type=photo&format=entry_original&name=7130105c-cc8e-4b37-a4ec-ceb680078b8f_1776971139.jpg,,Si,Saludable ,,Saludable,,Vivero municipal,Parques y/o plazas,No,Natural,
0e4ffa3f-5dd4-41f1-b0c2-f5623a445e7b,ff0a576c-0844-4730-99ad-1be461ffd3a5,2026-04-23T19:21:04.000Z,2026-04-27T11:27:30.000Z,ff0a576c-0844-4730-99ad-1be461ffd3a5,-31.745553,-60.49881,2,6485045,736934,20J,Reconocida,Farolito,36,100,https://five.epicollect.net/api/media/plan-de-arbolado-parana-2024-2028?type=photo&format=entry_original&name=ff0a576c-0844-4730-99ad-1be461ffd3a5_1776972026.jpg,,Si,Saludable ,,Saludable,,Vivero municipal,Parques y/o plazas,No,Natural,
0e4ffa3f-5dd4-41f1-b0c2-f5623a445e7b,03bfba1c-40d8-4881-8b70-d57633e5a340,2026-04-23T19:19:54.000Z,2026-04-27T11:28:20.000Z,03bfba1c-40d8-4881-8b70-d57633e5a340,-31.745511,-60.498806,2,6485049,736935,20J,Reconocida,Farolito,36,100,https://five.epicollect.net/api/media/plan-de-arbolado-parana-2024-2028?type=photo&format=entry_original&name=03bfba1c-40d8-4881-8b70-d57633e5a340_1776971965.jpg,,Si,Saludable ,,Saludable,,Vivero municipal,Parques y/o plazas,No,Natural,
0e4ffa3f-5dd4-41f1-b0c2-f5623a445e7b,b248d589-4e83-4d3b-9cfa-2f3137d46b06,2026-04-23T19:18:59.000Z,2026-04-27T11:29:19.000Z,b248d589-4e83-4d3b-9cfa-2f3137d46b06,-31.745466,-60.498787,2,6485054,736937,20J,Reconocida,Pororó,36,80,https://five.epicollect.net/api/media/plan-de-arbolado-parana-2024-2028?type=photo&format=entry_original&name=b248d589-4e83-4d3b-9cfa-2f3137d46b06_1776971913.jpg,,Si,Saludable ,Pororo,,,Vivero municipal,Parques y/o plazas,No,Natural,
0e4ffa3f-5dd4-41f1-b0c2-f5623a445e7b,ef54679a-cc54-4581-a3ef-fdae0d83d39a,2026-04-23T19:17:01.000Z,2026-04-27T11:28:51.000Z,ef54679a-cc54-4581-a3ef-fdae0d83d39a,-31.745438,-60.498718,2,6485057,736943,20J,Reconocida,Pororó,36,80,https://five.epicollect.net/api/media/plan-de-arbolado-parana-2024-2028?type=photo&format=entry_original&name=ef54679a-cc54-4581-a3ef-fdae0d83d39a_1776971642.jpg,,Si,Saludable ,,Saludable,,Vivero municipal,Parques y/o plazas,No,Natural,
0e4ffa3f-5dd4-41f1-b0c2-f5623a445e7b,5cbca68e-2292-4491-be19-24a8d495a793,2026-04-23T19:13:03.000Z,2026-04-27T11:29:45.000Z,5cbca68e-2292-4491-be19-24a8d495a793,-31.745458,-60.4987,2,6485055,736945,20J,Reconocida,Viraró,36,100,https://five.epicollect.net/api/media/plan-de-arbolado-parana-2024-2028?type=photo&format=entry_original&name=5cbca68e-2292-4491-be19-24a8d495a793_1776971558.jpg,Viraro,Si,Saludable ,,Saludable,,Vivero municipal,Parques y/o plazas,No,Natural,
0e4ffa3f-5dd4-41f1-b0c2-f5623a445e7b,7ce67a60-31d0-44b1-9c1a-02227f016116,2026-04-23T19:09:28.000Z,2026-04-23T19:21:40.000Z,7ce67a60-31d0-44b1-9c1a-02227f016116,-31.745505,-60.498679,2,6485050,736947,20J,Reconocida,Lapacho,36,120,https://five.epicollect.net/api/media/plan-de-arbolado-parana-2024-2028?type=photo&format=entry_original&name=7ce67a60-31d0-44b1-9c1a-02227f016116_1776971360.jpg,,Si,Saludable ,,Saludable,,Vivero municipal,Parques y/o plazas,No,Natural,
0e4ffa3f-5dd4-41f1-b0c2-f5623a445e7b,afdcf78e-8b03-42cc-981c-8aa5d512ac42,2026-04-23T19:07:13.000Z,2026-04-23T19:21:39.000Z,afdcf78e-8b03-42cc-981c-8aa5d512ac42,-31.74496,-60.498655,2,6485110,736950,20J,Reconocida,Guarán,36,100,https://five.epicollect.net/api/media/plan-de-arbolado-parana-2024-2028?type=photo&format=entry_original&name=afdcf78e-8b03-42cc-981c-8aa5d512ac42_1776971224.jpg,,Si,Saludable ,,Saludable,,Vivero municipal,Parques y/o plazas,No,Natural,
0e4ffa3f-5dd4-41f1-b0c2-f5623a445e7b,57d727a8-08c1-4196-a2f4-0290b32d82c0,2026-04-23T19:05:46.000Z,2026-04-23T19:21:37.000Z,57d727a8-08c1-4196-a2f4-0290b32d82c0,-31.744979,-60.498545,2,6485108,736961,20J,Reconocida,Sen del Campo,36,120,https://five.epicollect.net/api/media/plan-de-arbolado-parana-2024-2028?type=photo&format=entry_original&name=57d727a8-08c1-4196-a2f4-0290b32d82c0_1776971125.jpg,,Si,Saludable ,,Saludable,,Vivero municipal,Parques y/o plazas,No,Natural,
0e4ffa3f-5dd4-41f1-b0c2-f5623a445e7b,bf4b939e-7b97-4132-b588-e8fa4849b7df,2026-04-23T19:04:27.000Z,2026-04-23T19:21:35.000Z,bf4b939e-7b97-4132-b588-e8fa4849b7df,,,,,,,Reconocida,Sen del Campo,36,120,https://five.epicollect.net/api/media/plan-de-arbolado-parana-2024-2028?type=photo&format=entry_original&name=bf4b939e-7b97-4132-b588-e8fa4849b7df_1776971060.jpg,,Si,Saludable ,,Saludable,,Vivero municipal,Parques y/o plazas,No,Natural,
0e4ffa3f-5dd4-41f1-b0c2-f5623a445e7b,0af7df99-00cc-453a-921d-54fe96d065e7,2026-04-23T19:03:12.000Z,2026-04-23T19:21:34.000Z,0af7df99-00cc-453a-921d-54fe96d065e7,-31.74523,-60.498493,1,6485080,736965,20J,Reconocida,Pesuña de Vaca,36,100,https://five.epicollect.net/api/media/plan-de-arbolado-parana-2024-2028?type=photo&format=entry_original&name=0af7df99-00cc-453a-921d-54fe96d065e7_1776970972.jpg,,Si,Saludable ,,Saludable,,Vivero municipal,Parques y/o plazas,No,Natural,
0e4ffa3f-5dd4-41f1-b0c2-f5623a445e7b,807268b8-e9bd-44c9-a35d-240bec807bbc,2026-04-23T19:02:26.000Z,2026-04-23T19:21:32.000Z,807268b8-e9bd-44c9-a35d-240bec807bbc,-31.745307,-60.498537,1,6485071,736961,20J,Reconocida,Pesuña de Vaca,36,100,https://five.epicollect.net/api/media/plan-de-arbolado-parana-2024-2028?type=photo&format=entry_original&name=807268b8-e9bd-44c9-a35d-240bec807bbc_1776970936.jpg,,Si,Saludable ,,Saludable,,Vivero municipal,Parques y/o plazas,No,Natural,
f284a3de-1cce-412f-ba49-a5ca35309e02,59ba9df4-71e5-440a-ae51-cceda7524e9e,2026-04-19T22:07:22.000Z,2026-04-20T12:14:28.000Z,59ba9df4-71e5-440a-ae51-cceda7524e9e,-31.744527,-60.529996,9,6485226,733982,20J,Reconocida,No identificada,36,180,https://five.epicollect.net/api/media/plan-de-arbolado-parana-2024-2028?type=photo&format=entry_original&name=59ba9df4-71e5-440a-ae51-cceda7524e9e_1776636436.jpg,Platano,Si,Saludable ,,Saludable,,Vivero municipal,Parques y/o plazas,No,Natural,
f284a3de-1cce-412f-ba49-a5ca35309e02,d772f07d-37de-4338-b00d-5350389d2d76,2026-04-19T22:06:35.000Z,2026-04-19T22:08:44.000Z,d772f07d-37de-4338-b00d-5350389d2d76,-31.744447,-60.530052,9,6485235,733977,20J,Reconocida,No identificada,36,160,https://five.epicollect.net/api/media/plan-de-arbolado-parana-2024-2028?type=photo&format=entry_original&name=d772f07d-37de-4338-b00d-5350389d2d76_1776636385.jpg,Platano,Si,Saludable ,,,,Vivero municipal,Parques y/o plazas,No,Natural,
f284a3de-1cce-412f-ba49-a5ca35309e02,497c4a68-4886-477f-93f2-ab0224f668c8,2026-04-19T22:05:48.000Z,2026-04-20T12:13:26.000Z,497c4a68-4886-477f-93f2-ab0224f668c8,-31.744403,-60.530255,9,6485240,733958,20J,Reconocida,Sauce Criollo,36,250,https://five.epicollect.net/api/media/plan-de-arbolado-parana-2024-2028?type=photo&format=entry_original&name=497c4a68-4886-477f-93f2-ab0224f668c8_1776636341.jpg,,Si,Saludable ,,Saludable,,Vivero municipal,Parques y/o plazas,No,Natural,
f284a3de-1cce-412f-ba49-a5ca35309e02,f7dd39d5-1624-45e8-bf59-2415d6cee341,2026-04-19T22:05:10.000Z,2026-04-19T22:08:38.000Z,f7dd39d5-1624-45e8-bf59-2415d6cee341,-31.744351,-60.530213,9,6485246,733962,20J,Reconocida,Pesuña de Vaca,36,180,https://five.epicollect.net/api/media/plan-de-arbolado-parana-2024-2028?type=photo&format=entry_original&name=f7dd39d5-1624-45e8-bf59-2415d6cee341_1776636302.jpg,,Si,Saludable ,,Saludable,,Vivero municipal,Parques y/o plazas,No,Natural,
f284a3de-1cce-412f-ba49-a5ca35309e02,7473da11-14c9-4420-a506-5d78802489b5,2026-04-19T22:04:36.000Z,2026-04-19T22:08:36.000Z,7473da11-14c9-4420-a506-5d78802489b5,-31.744267,-60.530165,9,6485255,733966,20J,Reconocida,Pesuña de Vaca,36,180,https://five.epicollect.net/api/media/plan-de-arbolado-parana-2024-2028?type=photo&format=entry_original&name=7473da11-14c9-4420-a506-5d78802489b5_1776636268.jpg,,Si,Saludable ,,Saludable,,Vivero municipal,Parques y/o plazas,No,Natural,
5aeb0c14-134f-406d-aa19-93585c0849cc,7a0c6b4f-9db5-4b2c-a144-12f0ab2a8029,2026-04-19T21:49:23.000Z,2026-04-19T21:56:54.000Z,7a0c6b4f-9db5-4b2c-a144-12f0ab2a8029,-31.74091,-60.534864,9,6485637,733530,20J,Reconocida,Pesuña de Vaca,36,160,https://five.epicollect.net/api/media/plan-de-arbolado-parana-2024-2028?type=photo&format=entry_original&name=7a0c6b4f-9db5-4b2c-a144-12f0ab2a8029_1776635354.jpg,,Si,Saludable ,,Saludable,,Vivero municipal,Parques y/o plazas,No,Natural,
5aeb0c14-134f-406d-aa19-93585c0849cc,7928adb7-d077-4ffe-8a49-de68a25d71f9,2026-04-19T21:48:53.000Z,2026-04-19T21:56:51.000Z,7928adb7-d077-4ffe-8a49-de68a25d71f9,-31.740973,-60.534894,9,6485631,733527,20J,Reconocida,Pesuña de Vaca,36,160,https://five.epicollect.net/api/media/plan-de-arbolado-parana-2024-2028?type=photo&format=entry_original&name=7928adb7-d077-4ffe-8a49-de68a25d71f9_1776635326.jpg,,Si,Saludable ,,Saludable,,Vivero municipal,Parques y/o plazas,No,Natural,
5aeb0c14-134f-406d-aa19-93585c0849cc,9b239bdb-c62b-4ac4-8eb1-8225e07aaa9b,2026-04-19T21:48:15.000Z,2026-04-19T21:56:49.000Z,9b239bdb-c62b-4ac4-8eb1-8225e07aaa9b,-31.741035,-60.534937,9,6485624,733522,20J,Reconocida,Pesuña de Vaca,36,160,https://five.epicollect.net/api/media/plan-de-arbolado-parana-2024-2028?type=photo&format=entry_original&name=9b239bdb-c62b-4ac4-8eb1-8225e07aaa9b_1776635288.jpg,,Si,Saludable ,,Saludable,,Vivero municipal,Parques y/o plazas,No,Natural,
5aeb0c14-134f-406d-aa19-93585c0849cc,ab02be94-ec1f-4f56-a6fe-485bf19b51b7,2026-04-19T21:47:30.000Z,2026-04-19T21:56:46.000Z,ab02be94-ec1f-4f56-a6fe-485bf19b51b7,-31.741101,-60.534977,9,6485617,733518,20J,Reconocida,Pesuña de Vaca,36,160,https://five.epicollect.net/api/media/plan-de-arbolado-parana-2024-2028?type=photo&format=entry_original&name=ab02be94-ec1f-4f56-a6fe-485bf19b51b7_1776635243.jpg,,Si,Saludable ,,Saludable,,Vivero municipal,Parques y/o plazas,No,Natural,
5aeb0c14-134f-406d-aa19-93585c0849cc,95a180b9-a998-44a7-a76e-8016b003a325,2026-04-19T21:47:00.000Z,2026-04-19T21:56:43.000Z,95a180b9-a998-44a7-a76e-8016b003a325,-31.741165,-60.535001,9,6485609,733516,20J,Reconocida,Pesuña de Vaca,36,160,https://five.epicollect.net/api/media/plan-de-arbolado-parana-2024-2028?type=photo&format=entry_original&name=95a180b9-a998-44a7-a76e-8016b003a325_1776635212.jpg,,Si,Saludable ,,Saludable,,Vivero municipal,Parques y/o plazas,No,Natural,
5aeb0c14-134f-406d-aa19-93585c0849cc,779c30f5-2052-4ae7-a86c-af0c3fd8a0d2,2026-04-19T21:46:15.000Z,2026-04-19T21:56:41.000Z,779c30f5-2052-4ae7-a86c-af0c3fd8a0d2,-31.74132,-60.535001,9,6485592,733516,20J,Reconocida,Pesuña de Vaca,36,160,https://five.epicollect.net/api/media/plan-de-arbolado-parana-2024-2028?type=photo&format=entry_original&name=779c30f5-2052-4ae7-a86c-af0c3fd8a0d2_1776635170.jpg,,Si,Saludable ,,,,Vivero municipal,Parques y/o plazas,No,Natural,
5aeb0c14-134f-406d-aa19-93585c0849cc,429c00ff-84c2-44a4-9e4a-d252cce8cdef,2026-04-19T21:45:44.000Z,2026-04-19T21:56:38.000Z,429c00ff-84c2-44a4-9e4a-d252cce8cdef,-31.741342,-60.534962,9,6485590,733519,20J,Reconocida,Pesuña de Vaca,36,160,https://five.epicollect.net/api/media/plan-de-arbolado-parana-2024-2028?type=photo&format=entry_original&name=429c00ff-84c2-44a4-9e4a-d252cce8cdef_1776635136.jpg,,Si,Saludable ,,Saludable,,Vivero municipal,Parques y/o plazas,No,Natural,
5aeb0c14-134f-406d-aa19-93585c0849cc,3ce46bea-0e73-4fbd-b604-76434e2c74f2,2026-04-19T21:45:01.000Z,2026-04-19T21:56:36.000Z,3ce46bea-0e73-4fbd-b604-76434e2c74f2,-31.741394,-60.53484,9,6485584,733531,20J,Reconocida,Lapacho,36,200,https://five.epicollect.net/api/media/plan-de-arbolado-parana-2024-2028?type=photo&format=entry_original&name=3ce46bea-0e73-4fbd-b604-76434e2c74f2_1776635094.jpg,,Si,Saludable ,,Saludable,,Vivero municipal,Parques y/o plazas,No,Natural,
5aeb0c14-134f-406d-aa19-93585c0849cc,5bacf1c2-e00d-40a6-88a8-1ec95bdfa949,2026-04-19T21:44:24.000Z,2026-04-19T21:56:33.000Z,5bacf1c2-e00d-40a6-88a8-1ec95bdfa949,-31.741331,-60.53479,9,6485591,733536,20J,Reconocida,Lapacho,36,180,https://five.epicollect.net/api/media/plan-de-arbolado-parana-2024-2028?type=photo&format=entry_original&name=5bacf1c2-e00d-40a6-88a8-1ec95bdfa949_1776635057.jpg,,Si,Saludable ,,Saludable,,Vivero municipal,Parques y/o plazas,No,Natural,
5aeb0c14-134f-406d-aa19-93585c0849cc,2c12d11a-7749-46b6-8084-86ba9b11fc74,2026-04-19T21:43:48.000Z,2026-04-19T21:56:31.000Z,2c12d11a-7749-46b6-8084-86ba9b11fc74,-31.74124,-60.534758,9,6485601,733539,20J,Reconocida,Lapacho,36,180,https://five.epicollect.net/api/media/plan-de-arbolado-parana-2024-2028?type=photo&format=entry_original&name=2c12d11a-7749-46b6-8084-86ba9b11fc74_1776635019.jpg,,Si,Saludable ,,Saludable,,Vivero municipal,Parques y/o plazas,No,Natural,
5aeb0c14-134f-406d-aa19-93585c0849cc,a17d81f0-d55d-4766-9537-e4c531287b82,2026-04-19T21:42:59.000Z,2026-04-19T21:56:28.000Z,a17d81f0-d55d-4766-9537-e4c531287b82,-31.741229,-60.534848,9,6485602,733530,20J,Reconocida,Lapacho,36,180,https://five.epicollect.net/api/media/plan-de-arbolado-parana-2024-2028?type=photo&format=entry_original&name=a17d81f0-d55d-4766-9537-e4c531287b82_1776634972.jpg,,Si,Saludable ,,Saludable,,Vivero municipal,Parques y/o plazas,No,Natural,
5aeb0c14-134f-406d-aa19-93585c0849cc,6afe1887-5ebc-467d-9193-b09168574c81,2026-04-19T21:42:23.000Z,2026-04-19T21:56:26.000Z,6afe1887-5ebc-467d-9193-b09168574c81,-31.74117,-60.534846,8,6485609,733531,20J,Reconocida,Lapacho,36,180,https://five.epicollect.net/api/media/plan-de-arbolado-parana-2024-2028?type=photo&format=entry_original&name=6afe1887-5ebc-467d-9193-b09168574c81_1776634934.jpg,,Si,Saludable ,,Saludable,,Vivero municipal,Parques y/o plazas,No,Natural,
5aeb0c14-134f-406d-aa19-93585c0849cc,4b03e9b8-a0a9-48b3-b55d-ae46260bc850,2026-04-19T21:41:37.000Z,2026-04-19T21:56:21.000Z,4b03e9b8-a0a9-48b3-b55d-ae46260bc850,-31.741154,-60.534771,8,6485610,733538,20J,Reconocida,Lapacho,36,200,https://five.epicollect.net/api/media/plan-de-arbolado-parana-2024-2028?type=photo&format=entry_original&name=4b03e9b8-a0a9-48b3-b55d-ae46260bc850_1776634890.jpg,,Si,Saludable ,,Saludable,,Vivero municipal,Parques y/o plazas,No,Natural,
5aeb0c14-134f-406d-aa19-93585c0849cc,fef90f8d-be46-4c89-8d6c-f09a7a4f3e59,2026-04-19T21:40:44.000Z,2026-04-19T21:56:18.000Z,fef90f8d-be46-4c89-8d6c-f09a7a4f3e59,-31.741038,-60.534786,9,6485623,733537,20J,Reconocida,Lapacho,36,180,https://five.epicollect.net/api/media/plan-de-arbolado-parana-2024-2028?type=photo&format=entry_original&name=fef90f8d-be46-4c89-8d6c-f09a7a4f3e59_1776634836.jpg,,Si,Saludable ,,Saludable,,Vivero municipal,Parques y/o plazas,No,Natural,
5aeb0c14-134f-406d-aa19-93585c0849cc,4d8bf4d8-7092-4a36-9502-96cff86b2cd8,2026-04-19T21:40:04.000Z,2026-04-19T21:56:16.000Z,4d8bf4d8-7092-4a36-9502-96cff86b2cd8,-31.740974,-60.534787,9,6485630,733537,20J,Reconocida,Lapacho,36,200,https://five.epicollect.net/api/media/plan-de-arbolado-parana-2024-2028?type=photo&format=entry_original&name=4d8bf4d8-7092-4a36-9502-96cff86b2cd8_1776634797.jpg,,Si,Saludable ,,Saludable,,Vivero municipal,Parques y/o plazas,No,Natural,
5aeb0c14-134f-406d-aa19-93585c0849cc,c347d488-f1f5-4293-85f0-22ab7996db33,2026-04-19T21:39:28.000Z,2026-04-19T21:56:13.000Z,c347d488-f1f5-4293-85f0-22ab7996db33,-31.74092,-60.534792,9,6485636,733536,20J,Reconocida,Lapacho,36,180,https://five.epicollect.net/api/media/plan-de-arbolado-parana-2024-2028?type=photo&format=entry_original&name=c347d488-f1f5-4293-85f0-22ab7996db33_1776634761.jpg,,Si,Saludable ,,Saludable,,Vivero municipal,Parques y/o plazas,No,Natural,
5aeb0c14-134f-406d-aa19-93585c0849cc,d2284f3e-de2f-4a49-87b6-92ded08c53d7,2026-04-19T21:38:31.000Z,2026-04-19T21:56:11.000Z,d2284f3e-de2f-4a49-87b6-92ded08c53d7,-31.740911,-60.534703,9,6485637,733545,20J,Reconocida,Lapacho,36,180,https://five.epicollect.net/api/media/plan-de-arbolado-parana-2024-2028?type=photo&format=entry_original&name=d2284f3e-de2f-4a49-87b6-92ded08c53d7_1776634704.jpg,,Si,Saludable ,,Saludable,,Vivero municipal,Parques y/o plazas,No,Natural,
5aeb0c14-134f-406d-aa19-93585c0849cc,13718ac8-66eb-42f2-8b28-8588ff86c530,2026-04-19T21:37:45.000Z,2026-04-19T21:56:08.000Z,13718ac8-66eb-42f2-8b28-8588ff86c530,-31.740983,-60.534702,9,6485629,733545,20J,Reconocida,Lapacho,36,180,https://five.epicollect.net/api/media/plan-de-arbolado-parana-2024-2028?type=photo&format=entry_original&name=13718ac8-66eb-42f2-8b28-8588ff86c530_1776634657.jpg,,Si,Saludable ,,Saludable,,Vivero municipal,Parques y/o plazas,No,Natural,
5aeb0c14-134f-406d-aa19-93585c0849cc,870a33e3-2153-45e2-99a6-1cb7380171cf,2026-04-19T21:37:05.000Z,2026-04-19T21:56:06.000Z,870a33e3-2153-45e2-99a6-1cb7380171cf,-31.741067,-60.53468,9,6485620,733547,20J,Reconocida,Ibirapitá,36,200,https://five.epicollect.net/api/media/plan-de-arbolado-parana-2024-2028?type=photo&format=entry_original&name=870a33e3-2153-45e2-99a6-1cb7380171cf_1776634620.jpg,,Si,Saludable ,,Saludable,,Vivero municipal,Parques y/o plazas,No,Natural,
5aeb0c14-134f-406d-aa19-93585c0849cc,b3e204aa-b8cf-4b4f-841d-28bee8e9fac1,2026-04-19T21:36:28.000Z,2026-04-19T21:56:03.000Z,b3e204aa-b8cf-4b4f-841d-28bee8e9fac1,-31.741054,-60.534594,9,6485621,733555,20J,Reconocida,Ibirapitá,36,175,https://five.epicollect.net/api/media/plan-de-arbolado-parana-2024-2028?type=photo&format=entry_original&name=b3e204aa-b8cf-4b4f-841d-28bee8e9fac1_1776634573.jpg,,Si,Saludable ,,Saludable,,Vivero municipal,Parques y/o plazas,No,Natural,
5aeb0c14-134f-406d-aa19-93585c0849cc,cc9ccbcc-0e4a-4016-9a45-d9a6dffd8a99,2026-04-19T21:35:42.000Z,2026-04-19T21:56:00.000Z,cc9ccbcc-0e4a-4016-9a45-d9a6dffd8a99,-31.741122,-60.534678,8,6485614,733547,20J,Reconocida,Ibirapitá,36,200,https://five.epicollect.net/api/media/plan-de-arbolado-parana-2024-2028?type=photo&format=entry_original&name=cc9ccbcc-0e4a-4016-9a45-d9a6dffd8a99_1776634530.jpg,,Si,Saludable ,,Saludable,,Vivero municipal,Parques y/o plazas,No,Natural,
5aeb0c14-134f-406d-aa19-93585c0849cc,061432f6-e3bb-4607-8e22-2dbd0d89d5e3,2026-04-19T21:34:55.000Z,2026-04-19T21:55:58.000Z,061432f6-e3bb-4607-8e22-2dbd0d89d5e3,-31.741188,-60.534678,9,6485606,733546,20J,Reconocida,Ibirapitá,36,180,https://five.epicollect.net/api/media/plan-de-arbolado-parana-2024-2028?type=photo&format=entry_original&name=061432f6-e3bb-4607-8e22-2dbd0d89d5e3_1776634488.jpg,,Si,Saludable ,,Saludable,,Vivero municipal,Parques y/o plazas,No,Natural,
5aeb0c14-134f-406d-aa19-93585c0849cc,6f516798-e981-440b-89ee-185151838032,2026-04-19T21:34:13.000Z,2026-04-19T21:55:55.000Z,6f516798-e981-440b-89ee-185151838032,-31.741211,-60.534721,22,6485604,733542,20J,Reconocida,Ibirapitá,36,200,https://five.epicollect.net/api/media/plan-de-arbolado-parana-2024-2028?type=photo&format=entry_original&name=6f516798-e981-440b-89ee-185151838032_1776634446.jpg,,Si,Saludable ,,Saludable,,Vivero municipal,Parques y/o plazas,No,Natural,
5aeb0c14-134f-406d-aa19-93585c0849cc,4b62a805-ddce-490d-ade2-ffd9de91caeb,2026-04-19T21:32:33.000Z,2026-04-19T21:55:53.000Z,4b62a805-ddce-490d-ade2-ffd9de91caeb,-31.740854,-60.534646,9,6485643,733550,20J,Reconocida,Pesuña de Vaca,36,160,https://five.epicollect.net/api/media/plan-de-arbolado-parana-2024-2028?type=photo&format=entry_original&name=4b62a805-ddce-490d-ade2-ffd9de91caeb_1776634345.jpg,,Si,Saludable ,,Saludable,,Vivero municipal,Parques y/o plazas,No,Natural,
5aeb0c14-134f-406d-aa19-93585c0849cc,a9846636-3dfa-42cd-9f25-20d5bfedb31e,2026-04-19T21:31:37.000Z,2026-04-19T21:55:40.000Z,a9846636-3dfa-42cd-9f25-20d5bfedb31e,-31.740936,-60.534613,9,6485634,733553,20J,Reconocida,Pesuña de Vaca,36,150,https://five.epicollect.net/api/media/plan-de-arbolado-parana-2024-2028?type=photo&format=entry_original&name=a9846636-3dfa-42cd-9f25-20d5bfedb31e_1776634291.jpg,,Si,Saludable ,,Saludable,,Vivero municipal,Parques y/o plazas,No,Natural,
5aeb0c14-134f-406d-aa19-93585c0849cc,87f4c22b-9750-40dd-8665-e7c17ee61147,2026-04-19T21:30:49.000Z,2026-04-19T21:55:38.000Z,87f4c22b-9750-40dd-8665-e7c17ee61147,-31.741023,-60.534551,9,6485624,733559,20J,Reconocida,Pesuña de Vaca,36,160,https://five.epicollect.net/api/media/plan-de-arbolado-parana-2024-2028?type=photo&format=entry_original&name=87f4c22b-9750-40dd-8665-e7c17ee61147_1776634227.jpg,Seco,Si,No saludable,,No saludable,,Vivero municipal,Parques y/o plazas,No,Natural,
5aeb0c14-134f-406d-aa19-93585c0849cc,c9d25ae3-edc6-40d5-a6c2-def3e3a78b91,2026-04-19T21:29:37.000Z,2026-04-19T21:55:35.000Z,c9d25ae3-edc6-40d5-a6c2-def3e3a78b91,-31.741098,-60.534497,9,6485616,733564,20J,Reconocida,Pesuña de Vaca,36,160,https://five.epicollect.net/api/media/plan-de-arbolado-parana-2024-2028?type=photo&format=entry_original&name=c9d25ae3-edc6-40d5-a6c2-def3e3a78b91_1776634171.jpg,,Si,Saludable ,,Saludable,,Vivero municipal,Parques y/o plazas,No,Natural,
5aeb0c14-134f-406d-aa19-93585c0849cc,84f1ad7c-b174-408d-8d06-12231a0b6def,2026-04-19T21:29:01.000Z,2026-04-19T21:55:33.000Z,84f1ad7c-b174-408d-8d06-12231a0b6def,-31.74115,-60.534459,8,6485610,733567,20J,Reconocida,Pesuña de Vaca,36,170,https://five.epicollect.net/api/media/plan-de-arbolado-parana-2024-2028?type=photo&format=entry_original&name=84f1ad7c-b174-408d-8d06-12231a0b6def_1776634111.jpg,,Si,Saludable ,,Saludable,,Vivero municipal,Parques y/o plazas,No,Natural,
5aeb0c14-134f-406d-aa19-93585c0849cc,4ad9852d-2d3f-4ccc-8ad1-4888e280f221,2026-04-19T21:27:31.000Z,2026-04-19T21:55:30.000Z,4ad9852d-2d3f-4ccc-8ad1-4888e280f221,-31.741226,-60.53441,9,6485601,733572,20J,Reconocida,Pesuña de Vaca,36,170,https://five.epicollect.net/api/media/plan-de-arbolado-parana-2024-2028?type=photo&format=entry_original&name=4ad9852d-2d3f-4ccc-8ad1-4888e280f221_1776634042.jpg,,Si,Saludable ,,Saludable,,Vivero municipal,Parques y/o plazas,No,Natural,
5aeb0c14-134f-406d-aa19-93585c0849cc,65193995-1f6d-416e-bc8f-c213a90cbd53,2026-04-19T21:26:57.000Z,2026-04-19T21:55:28.000Z,65193995-1f6d-416e-bc8f-c213a90cbd53,-31.741293,-60.534367,9,6485594,733576,20J,Reconocida,Pesuña de Vaca,36,160,https://five.epicollect.net/api/media/plan-de-arbolado-parana-2024-2028?type=photo&format=entry_original&name=65193995-1f6d-416e-bc8f-c213a90cbd53_1776634010.jpg,,Si,Saludable ,,Saludable,,Vivero municipal,Parques y/o plazas,No,Natural,
5aeb0c14-134f-406d-aa19-93585c0849cc,5cea6fa4-3843-4531-81dd-1fd3a96f4a1c,2026-04-19T21:26:19.000Z,2026-04-19T21:55:25.000Z,5cea6fa4-3843-4531-81dd-1fd3a96f4a1c,-31.741358,-60.534322,9,6485587,733580,20J,Reconocida,Pesuña de Vaca,36,160,https://five.epicollect.net/api/media/plan-de-arbolado-parana-2024-2028?type=photo&format=entry_original&name=5cea6fa4-3843-4531-81dd-1fd3a96f4a1c_1776633970.jpg,,Si,Saludable ,,Saludable,,Vivero municipal,Parques y/o plazas,No,Natural,
5aeb0c14-134f-406d-aa19-93585c0849cc,46022a03-7ba2-4c44-ae12-fa9bc98c4725,2026-04-19T21:25:26.000Z,2026-04-19T21:55:22.000Z,46022a03-7ba2-4c44-ae12-fa9bc98c4725,-31.741202,-60.534457,8,6485604,733567,20J,Reconocida,Ibirapitá,36,180,https://five.epicollect.net/api/media/plan-de-arbolado-parana-2024-2028?type=photo&format=entry_original&name=46022a03-7ba2-4c44-ae12-fa9bc98c4725_1776633919.jpg,,Si,Saludable ,,Saludable,,Vivero municipal,Parques y/o plazas,No,Natural,
5aeb0c14-134f-406d-aa19-93585c0849cc,406d0b2d-34d6-4934-8253-452b214de604,2026-04-19T21:24:36.000Z,2026-04-19T21:55:20.000Z,406d0b2d-34d6-4934-8253-452b214de604,-31.741275,-60.534535,9,6485596,733560,20J,Reconocida,Ibirapitá,36,180,https://five.epicollect.net/api/media/plan-de-arbolado-parana-2024-2028?type=photo&format=entry_original&name=406d0b2d-34d6-4934-8253-452b214de604_1776633870.jpg,,Si,Saludable ,,Saludable,,Vivero municipal,Parques y/o plazas,No,Natural,
5aeb0c14-134f-406d-aa19-93585c0849cc,154eaf10-f674-4c62-8fa6-cb70ed29b5b0,2026-04-19T21:23:58.000Z,2026-04-19T21:55:18.000Z,154eaf10-f674-4c62-8fa6-cb70ed29b5b0,-31.741329,-60.534601,9,6485590,733553,20J,Reconocida,Ibirapitá,36,200,https://five.epicollect.net/api/media/plan-de-arbolado-parana-2024-2028?type=photo&format=entry_original&name=154eaf10-f674-4c62-8fa6-cb70ed29b5b0_1776633831.jpg,,Si,Saludable ,,Saludable,,Vivero municipal,Parques y/o plazas,No,Natural,
5aeb0c14-134f-406d-aa19-93585c0849cc,aa755653-0220-4e87-a27a-36749146be5e,2026-04-19T21:23:09.000Z,2026-04-19T21:55:15.000Z,aa755653-0220-4e87-a27a-36749146be5e,-31.741375,-60.53464,9,6485585,733550,20J,Reconocida,Ibirapitá,36,180,https://five.epicollect.net/api/media/plan-de-arbolado-parana-2024-2028?type=photo&format=entry_original&name=aa755653-0220-4e87-a27a-36749146be5e_1776633783.jpg,,Si,Saludable ,,Saludable,,Vivero municipal,Parques y/o plazas,No,Natural,
5aeb0c14-134f-406d-aa19-93585c0849cc,2a314d21-411d-461f-8e26-78e169abe669,2026-04-19T21:22:19.000Z,2026-04-19T21:55:12.000Z,2a314d21-411d-461f-8e26-78e169abe669,-31.741479,-60.534546,9,6485574,733558,20J,Reconocida,Pesuña de Vaca,36,170,https://five.epicollect.net/api/media/plan-de-arbolado-parana-2024-2028?type=photo&format=entry_original&name=2a314d21-411d-461f-8e26-78e169abe669_1776633733.jpg,,Si,Saludable ,,Saludable,,Vivero municipal,Parques y/o plazas,No,Natural,
5aeb0c14-134f-406d-aa19-93585c0849cc,295b42d5-37cc-4d6b-836e-c9e228b29b4a,2026-04-19T21:21:33.000Z,2026-04-19T21:55:08.000Z,295b42d5-37cc-4d6b-836e-c9e228b29b4a,-31.741447,-60.534445,9,6485577,733568,20J,Reconocida,Pesuña de Vaca,36,160,https://five.epicollect.net/api/media/plan-de-arbolado-parana-2024-2028?type=photo&format=entry_original&name=295b42d5-37cc-4d6b-836e-c9e228b29b4a_1776633686.jpg,,Si,Saludable ,,Saludable,,Vivero municipal,Parques y/o plazas,No,Natural,
5aeb0c14-134f-406d-aa19-93585c0849cc,81dffb51-b43a-48b0-bb73-c8ee1d9696d5,2026-04-19T21:20:57.000Z,2026-04-19T21:55:06.000Z,81dffb51-b43a-48b0-bb73-c8ee1d9696d5,-31.741433,-60.534361,9,6485578,733576,20J,Reconocida,Pesuña de Vaca,36,160,https://five.epicollect.net/api/media/plan-de-arbolado-parana-2024-2028?type=photo&format=entry_original&name=81dffb51-b43a-48b0-bb73-c8ee1d9696d5_1776633649.jpg,,Si,Saludable ,,Saludable,,Vivero municipal,Parques y/o plazas,No,Natural,
5aeb0c14-134f-406d-aa19-93585c0849cc,bdb6fecc-7a64-4c4a-8b08-286902ae7563,2026-04-19T21:19:47.000Z,2026-04-19T21:55:02.000Z,bdb6fecc-7a64-4c4a-8b08-286902ae7563,-31.741446,-60.534263,9,6485577,733585,20J,Reconocida,Guarán,36,200,https://five.epicollect.net/api/media/plan-de-arbolado-parana-2024-2028?type=photo&format=entry_original&name=bdb6fecc-7a64-4c4a-8b08-286902ae7563_1776633581.jpg,,Si,Saludable ,,Saludable,,Vivero municipal,Parques y/o plazas,No,Natural,
5aeb0c14-134f-406d-aa19-93585c0849cc,31e456c8-c156-4058-a246-aa8487484ea8,2026-04-19T21:19:10.000Z,2026-04-19T21:54:59.000Z,31e456c8-c156-4058-a246-aa8487484ea8,-31.741453,-60.534247,9,6485576,733587,20J,Reconocida,Guarán,36,200,https://five.epicollect.net/api/media/plan-de-arbolado-parana-2024-2028?type=photo&format=entry_original&name=31e456c8-c156-4058-a246-aa8487484ea8_1776633544.jpg,,Si,Saludable ,,Saludable,,Vivero municipal,Parques y/o plazas,No,Natural,
5aeb0c14-134f-406d-aa19-93585c0849cc,2040063e-6b60-4a25-8c91-3b1b5feb680c,2026-04-19T21:18:30.000Z,2026-04-19T21:54:57.000Z,2040063e-6b60-4a25-8c91-3b1b5feb680c,-31.741496,-60.534251,10,6485571,733586,20J,Reconocida,Guarán,36,200,https://five.epicollect.net/api/media/plan-de-arbolado-parana-2024-2028?type=photo&format=entry_original&name=2040063e-6b60-4a25-8c91-3b1b5feb680c_1776633504.jpg,,Si,Saludable ,,Saludable,,Vivero municipal,Parques y/o plazas,No,Natural,
5aeb0c14-134f-406d-aa19-93585c0849cc,e4d0385b-f66b-4c2f-9976-14b584f21783,2026-04-19T21:16:55.000Z,2026-04-19T21:54:52.000Z,e4d0385b-f66b-4c2f-9976-14b584f21783,-31.741528,-60.53423,13,6485568,733588,20J,Reconocida,Guarán,36,200,https://five.epicollect.net/api/media/plan-de-arbolado-parana-2024-2028?type=photo&format=entry_original&name=e4d0385b-f66b-4c2f-9976-14b584f21783_1776633408.jpg,,Si,Saludable ,,Saludable,,Vivero municipal,Parques y/o plazas,No,Natural,
5aeb0c14-134f-406d-aa19-93585c0849cc,bcb439f5-9939-45d8-8f48-940e6a7368a5,2026-04-19T21:15:35.000Z,2026-04-19T21:54:49.000Z,bcb439f5-9939-45d8-8f48-940e6a7368a5,-31.741553,-60.534466,9,6485565,733566,20J,Reconocida,Lapacho,36,200,https://five.epicollect.net/api/media/plan-de-arbolado-parana-2024-2028?type=photo&format=entry_original&name=bcb439f5-9939-45d8-8f48-940e6a7368a5_1776633328.jpg,,Si,Saludable ,,Saludable,,Vivero municipal,Parques y/o plazas,No,Natural,
5aeb0c14-134f-406d-aa19-93585c0849cc,887a86e2-a87c-4aef-a2d1-6c470ee8b469,2026-04-19T21:14:51.000Z,2026-04-19T21:54:46.000Z,887a86e2-a87c-4aef-a2d1-6c470ee8b469,-31.741537,-60.534388,9,6485567,733573,20J,Reconocida,Lapacho,36,200,https://five.epicollect.net/api/media/plan-de-arbolado-parana-2024-2028?type=photo&format=entry_original&name=887a86e2-a87c-4aef-a2d1-6c470ee8b469_1776633285.jpg,,Si,Saludable ,,Saludable,,Vivero municipal,Parques y/o plazas,No,Natural,
5aeb0c14-134f-406d-aa19-93585c0849cc,ceed3bcd-8c4f-4f6c-a06a-320c09919c11,2026-04-19T21:14:12.000Z,2026-04-19T21:54:44.000Z,ceed3bcd-8c4f-4f6c-a06a-320c09919c11,-31.741532,-60.534309,9,6485567,733581,20J,Reconocida,Ibirapitá,36,200,https://five.epicollect.net/api/media/plan-de-arbolado-parana-2024-2028?type=photo&format=entry_original&name=ceed3bcd-8c4f-4f6c-a06a-320c09919c11_1776633246.jpg,,Si,Saludable ,,Saludable,,Vivero municipal,Parques y/o plazas,No,Natural,
5aeb0c14-134f-406d-aa19-93585c0849cc,1bb1b4a6-667b-423d-a8f5-459142a22678,2026-04-19T21:13:22.000Z,2026-04-19T21:54:41.000Z,1bb1b4a6-667b-423d-a8f5-459142a22678,-31.741591,-60.534329,9,6485561,733579,20J,Reconocida,Pesuña de Vaca,36,160,https://five.epicollect.net/api/media/plan-de-arbolado-parana-2024-2028?type=photo&format=entry_original&name=1bb1b4a6-667b-423d-a8f5-459142a22678_1776633195.jpg,,Si,Saludable ,,Saludable,,Vivero municipal,Parques y/o plazas,No,Natural,
5aeb0c14-134f-406d-aa19-93585c0849cc,7beb5771-ec7d-45b9-a114-61f48008cae9,2026-04-19T21:12:43.000Z,2026-04-19T21:54:34.000Z,7beb5771-ec7d-45b9-a114-61f48008cae9,-31.74164,-60.534419,9,6485556,733570,20J,Reconocida,Pesuña de Vaca,36,160,https://five.epicollect.net/api/media/plan-de-arbolado-parana-2024-2028?type=photo&format=entry_original&name=7beb5771-ec7d-45b9-a114-61f48008cae9_1776633156.jpg,,Si,Saludable ,,Saludable,,Vivero municipal,Parques y/o plazas,No,Natural,
5aeb0c14-134f-406d-aa19-93585c0849cc,2b98c224-b41f-4647-92f0-d7f391fb15d4,2026-04-19T21:12:09.000Z,2026-04-19T21:54:32.000Z,2b98c224-b41f-4647-92f0-d7f391fb15d4,-31.741662,-60.534488,9,6485553,733563,20J,Reconocida,Pesuña de Vaca,36,160,https://five.epicollect.net/api/media/plan-de-arbolado-parana-2024-2028?type=photo&format=entry_original&name=2b98c224-b41f-4647-92f0-d7f391fb15d4_1776633123.jpg,,Si,Saludable ,,Saludable,,Vivero municipal,Parques y/o plazas,No,Natural,
5aeb0c14-134f-406d-aa19-93585c0849cc,942e7cac-a31f-4f48-b992-87b38a257553,2026-04-19T21:11:37.000Z,2026-04-19T21:54:29.000Z,942e7cac-a31f-4f48-b992-87b38a257553,-31.741695,-60.534544,9,6485550,733558,20J,Reconocida,Pesuña de Vaca,36,150,https://five.epicollect.net/api/media/plan-de-arbolado-parana-2024-2028?type=photo&format=entry_original&name=942e7cac-a31f-4f48-b992-87b38a257553_1776633091.jpg,,Si,Saludable ,,Saludable,,Vivero municipal,Parques y/o plazas,No,Natural,
5aeb0c14-134f-406d-aa19-93585c0849cc,d5729357-7fa9-4d84-b94d-3007372e9a81,2026-04-19T21:10:52.000Z,2026-04-19T21:54:26.000Z,d5729357-7fa9-4d84-b94d-3007372e9a81,-31.741581,-60.534648,9,6485563,733548,20J,Reconocida,Lapacho,36,200,https://five.epicollect.net/api/media/plan-de-arbolado-parana-2024-2028?type=photo&format=entry_original&name=d5729357-7fa9-4d84-b94d-3007372e9a81_1776633046.jpg,,Si,Saludable ,,Saludable,,Vivero municipal,Parques y/o plazas,No,Natural,
5aeb0c14-134f-406d-aa19-93585c0849cc,e29e8075-1392-4a6c-a675-b9a1a1f623a5,2026-04-19T21:10:14.000Z,2026-04-19T21:54:24.000Z,e29e8075-1392-4a6c-a675-b9a1a1f623a5,-31.741665,-60.534617,9,6485553,733551,20J,Reconocida,Lapacho,36,200,https://five.epicollect.net/api/media/plan-de-arbolado-parana-2024-2028?type=photo&format=entry_original&name=e29e8075-1392-4a6c-a675-b9a1a1f623a5_1776633008.jpg,,Si,Saludable ,,Saludable,,Vivero municipal,Parques y/o plazas,No,Natural,
5aeb0c14-134f-406d-aa19-93585c0849cc,02c86946-e3f9-46b6-86eb-b60ed135b867,2026-04-19T21:09:31.000Z,2026-04-19T21:54:21.000Z,02c86946-e3f9-46b6-86eb-b60ed135b867,-31.741711,-60.53463,10,6485548,733550,20J,Reconocida,Crespón,36,250,https://five.epicollect.net/api/media/plan-de-arbolado-parana-2024-2028?type=photo&format=entry_original&name=02c86946-e3f9-46b6-86eb-b60ed135b867_1776632966.jpg,,Si,Saludable ,,Saludable,,Vivero municipal,Parques y/o plazas,No,Natural,
5aeb0c14-134f-406d-aa19-93585c0849cc,f95d1753-90e4-4cda-8d3b-75e21d0d3e9a,2026-04-19T21:08:59.000Z,2026-04-19T21:54:19.000Z,f95d1753-90e4-4cda-8d3b-75e21d0d3e9a,-31.74173,-60.534652,9,6485546,733548,20J,Reconocida,Guarán,36,200,https://five.epicollect.net/api/media/plan-de-arbolado-parana-2024-2028?type=photo&format=entry_original&name=f95d1753-90e4-4cda-8d3b-75e21d0d3e9a_1776632932.jpg,,Si,Saludable ,,Saludable,,Vivero municipal,Parques y/o plazas,No,Natural,
5aeb0c14-134f-406d-aa19-93585c0849cc,5d5306f5-0a90-4c78-a374-aa6aaab6befb,2026-04-19T21:08:03.000Z,2026-04-19T21:54:16.000Z,5d5306f5-0a90-4c78-a374-aa6aaab6befb,-31.741727,-60.53465,9,6485546,733548,20J,Reconocida,Guarán,36,200,https://five.epicollect.net/api/media/plan-de-arbolado-parana-2024-2028?type=photo&format=entry_original&name=5d5306f5-0a90-4c78-a374-aa6aaab6befb_1776632871.jpg,,Si,Saludable ,,Saludable,,Vivero municipal,Parques y/o plazas,No,Natural,
5aeb0c14-134f-406d-aa19-93585c0849cc,fa4b3ac4-ff78-4c0b-936c-88dd7167c92e,2026-04-19T21:07:22.000Z,2026-04-19T21:54:14.000Z,fa4b3ac4-ff78-4c0b-936c-88dd7167c92e,-31.741742,-60.534678,9,6485545,733545,20J,Reconocida,Crespón,36,250,https://five.epicollect.net/api/media/plan-de-arbolado-parana-2024-2028?type=photo&format=entry_original&name=fa4b3ac4-ff78-4c0b-936c-88dd7167c92e_1776632832.jpg,,Si,Saludable ,,Saludable,,Vivero municipal,Parques y/o plazas,No,Natural,
5aeb0c14-134f-406d-aa19-93585c0849cc,85deb8b4-c3e3-4b10-a9e6-3861ff8412c7,2026-04-19T21:06:22.000Z,2026-04-19T21:54:11.000Z,85deb8b4-c3e3-4b10-a9e6-3861ff8412c7,-31.741599,-60.534731,9,6485561,733540,20J,Reconocida,Lapacho,36,200,https://five.epicollect.net/api/media/plan-de-arbolado-parana-2024-2028?type=photo&format=entry_original&name=85deb8b4-c3e3-4b10-a9e6-3861ff8412c7_1776632777.jpg,,Si,Saludable ,,Saludable,,Vivero municipal,Parques y/o plazas,No,Natural,
5aeb0c14-134f-406d-aa19-93585c0849cc,e0c379a8-218e-42e7-8737-17397e9f69e0,2026-04-19T21:05:42.000Z,2026-04-19T21:54:09.000Z,e0c379a8-218e-42e7-8737-17397e9f69e0,-31.741673,-60.534724,9,6485553,733541,20J,Reconocida,Lapacho,36,200,https://five.epicollect.net/api/media/plan-de-arbolado-parana-2024-2028?type=photo&format=entry_original&name=e0c379a8-218e-42e7-8737-17397e9f69e0_1776632735.jpg,,Si,Saludable ,,Saludable,,Vivero municipal,Parques y/o plazas,No,Natural,
5aeb0c14-134f-406d-aa19-93585c0849cc,07e4e297-8cc1-41a8-80e1-c8ba47bce849,2026-04-19T21:04:40.000Z,2026-04-19T21:51:00.000Z,07e4e297-8cc1-41a8-80e1-c8ba47bce849,-31.741761,-60.534737,9,6485543,733539,20J,Reconocida,Pesuña de Vaca,36,150,https://five.epicollect.net/api/media/plan-de-arbolado-parana-2024-2028?type=photo&format=entry_original&name=07e4e297-8cc1-41a8-80e1-c8ba47bce849_1776632668.jpg,,Si,Saludable ,,Saludable,,Vivero municipal,Parques y/o plazas,No,Natural,
5aeb0c14-134f-406d-aa19-93585c0849cc,b179fae1-5763-4e89-b225-0158e08a71a0,2026-04-19T21:04:02.000Z,2026-04-19T21:50:57.000Z,b179fae1-5763-4e89-b225-0158e08a71a0,-31.741785,-60.53479,9,6485540,733534,20J,Reconocida,Pesuña de Vaca,36,160,https://five.epicollect.net/api/media/plan-de-arbolado-parana-2024-2028?type=photo&format=entry_original&name=b179fae1-5763-4e89-b225-0158e08a71a0_1776632636.jpg,,Si,Saludable ,,Saludable,,Vivero municipal,Parques y/o plazas,No,Natural,
5aeb0c14-134f-406d-aa19-93585c0849cc,fb29bb39-ec3b-453d-a299-0ede4aa1fef1,2026-04-19T21:03:10.000Z,2026-04-19T21:50:55.000Z,fb29bb39-ec3b-453d-a299-0ede4aa1fef1,-31.741674,-60.534806,9,6485553,733533,20J,Reconocida,Lapacho,36,200,https://five.epicollect.net/api/media/plan-de-arbolado-parana-2024-2028?type=photo&format=entry_original&name=fb29bb39-ec3b-453d-a299-0ede4aa1fef1_1776632583.jpg,,Si,Saludable ,,Saludable,,Vivero municipal,Parques y/o plazas,No,Natural,
5aeb0c14-134f-406d-aa19-93585c0849cc,a8d86528-f8d9-4c3c-bf0f-97b0949b7bbc,2026-04-19T21:02:30.000Z,2026-04-19T21:50:52.000Z,a8d86528-f8d9-4c3c-bf0f-97b0949b7bbc,-31.741645,-60.5349,9,6485556,733524,20J,Reconocida,Ibirapitá,36,180,https://five.epicollect.net/api/media/plan-de-arbolado-parana-2024-2028?type=photo&format=entry_original&name=a8d86528-f8d9-4c3c-bf0f-97b0949b7bbc_1776632542.jpg,,Si,Saludable ,,Saludable,,Vivero municipal,Parques y/o plazas,No,Natural,
5aeb0c14-134f-406d-aa19-93585c0849cc,d37ceb17-54c2-4d4e-b42e-c145128a7a9a,2026-04-19T21:01:35.000Z,2026-04-19T21:50:50.000Z,d37ceb17-54c2-4d4e-b42e-c145128a7a9a,-31.741767,-60.534952,9,6485543,733519,20J,Reconocida,Pesuña de Vaca,36,150,https://five.epicollect.net/api/media/plan-de-arbolado-parana-2024-2028?type=photo&format=entry_original&name=d37ceb17-54c2-4d4e-b42e-c145128a7a9a_1776632488.jpg,,Si,Saludable ,,Saludable,,Vivero municipal,Parques y/o plazas,No,Natural,
5aeb0c14-134f-406d-aa19-93585c0849cc,0892cf1b-b8e5-4fe2-b04c-45ac48fe81e6,2026-04-19T21:00:28.000Z,2026-04-19T21:50:47.000Z,0892cf1b-b8e5-4fe2-b04c-45ac48fe81e6,-31.741715,-60.535008,9,6485549,733514,20J,Reconocida,Pesuña de Vaca,36,150,https://five.epicollect.net/api/media/plan-de-arbolado-parana-2024-2028?type=photo&format=entry_original&name=0892cf1b-b8e5-4fe2-b04c-45ac48fe81e6_1776632417.jpg,,Si,Saludable ,,Saludable,,Vivero municipal,Parques y/o plazas,No,Natural,
5aeb0c14-134f-406d-aa19-93585c0849cc,b941bdf3-ec92-4a02-a56f-d6b3c63707f9,2026-04-19T20:59:45.000Z,2026-04-19T21:50:44.000Z,b941bdf3-ec92-4a02-a56f-d6b3c63707f9,-31.741647,-60535,9,6485556,733515,20J,Reconocida,Ibirapitá,36,200,https://five.epicollect.net/api/media/plan-de-arbolado-parana-2024-2028?type=photo&format=entry_original&name=b941bdf3-ec92-4a02-a56f-d6b3c63707f9_1776632377.jpg,,Si,Saludable ,,Saludable,,Vivero municipal,Parques y/o plazas,No,Natural,
5aeb0c14-134f-406d-aa19-93585c0849cc,eefcf01e-3481-48e4-b621-ba85f5c01187,2026-04-19T20:58:50.000Z,2026-04-19T21:50:42.000Z,eefcf01e-3481-48e4-b621-ba85f5c01187,-31.741703,-60.535062,9,6485550,733509,20J,Reconocida,Pesuña de Vaca,36,150,https://five.epicollect.net/api/media/plan-de-arbolado-parana-2024-2028?type=photo&format=entry_original&name=eefcf01e-3481-48e4-b621-ba85f5c01187_1776632314.jpg,,Si,Saludable ,,Saludable,,Vivero municipal,Parques y/o plazas,No,Natural,
5aeb0c14-134f-406d-aa19-93585c0849cc,369e2082-6ff9-4242-a657-6e18b8c7e49b,2026-04-19T20:57:51.000Z,2026-04-19T21:50:39.000Z,369e2082-6ff9-4242-a657-6e18b8c7e49b,-31.741675,-60.535104,9,6485553,733505,20J,Reconocida,Pesuña de Vaca,36,160,https://five.epicollect.net/api/media/plan-de-arbolado-parana-2024-2028?type=photo&format=entry_original&name=369e2082-6ff9-4242-a657-6e18b8c7e49b_1776632252.jpg,,Si,Saludable ,,Saludable,,Vivero municipal,Parques y/o plazas,No,Natural,
5aeb0c14-134f-406d-aa19-93585c0849cc,55231813-7c83-4309-bbb4-9c30f5786555,2026-04-19T20:57:05.000Z,2026-04-19T21:50:37.000Z,55231813-7c83-4309-bbb4-9c30f5786555,-31.741622,-60.535098,9,6485559,733506,20J,Reconocida,Lapacho,36,200,https://five.epicollect.net/api/media/plan-de-arbolado-parana-2024-2028?type=photo&format=entry_original&name=55231813-7c83-4309-bbb4-9c30f5786555_1776632218.jpg,,Si,Saludable ,,Saludable,,Vivero municipal,Parques y/o plazas,No,Natural,
5aeb0c14-134f-406d-aa19-93585c0849cc,424189ee-e73e-4ebe-b289-a37754312d0d,2026-04-19T20:56:24.000Z,2026-04-19T21:50:35.000Z,424189ee-e73e-4ebe-b289-a37754312d0d,-31.741568,-60.535102,9,6485565,733505,20J,Reconocida,Ibirapitá,36,180,https://five.epicollect.net/api/media/plan-de-arbolado-parana-2024-2028?type=photo&format=entry_original&name=424189ee-e73e-4ebe-b289-a37754312d0d_1776632177.jpg,,Si,Saludable ,,Saludable,,Vivero municipal,Parques y/o plazas,No,Natural,
5aeb0c14-134f-406d-aa19-93585c0849cc,2c3e6f2a-25de-4765-a1fb-fe5ae9b2aba0,2026-04-19T20:55:46.000Z,2026-04-19T21:50:29.000Z,2c3e6f2a-25de-4765-a1fb-fe5ae9b2aba0,-31.741552,-60.535136,9,6485567,733502,20J,Reconocida,Lapacho,36,180,https://five.epicollect.net/api/media/plan-de-arbolado-parana-2024-2028?type=photo&format=entry_original&name=2c3e6f2a-25de-4765-a1fb-fe5ae9b2aba0_1776632139.jpg,,Si,Saludable ,,Saludable,,Vivero municipal,Parques y/o plazas,No,Natural,
5aeb0c14-134f-406d-aa19-93585c0849cc,f84b98c1-9107-4358-8533-4efcf6dfbed8,2026-04-19T20:55:14.000Z,2026-04-19T21:50:27.000Z,f84b98c1-9107-4358-8533-4efcf6dfbed8,-31.74149,-60.535139,9,6485574,733502,20J,Reconocida,Lapacho,36,200,https://five.epicollect.net/api/media/plan-de-arbolado-parana-2024-2028?type=photo&format=entry_original&name=f84b98c1-9107-4358-8533-4efcf6dfbed8_1776632104.jpg,,Si,Saludable ,,Saludable,,Vivero municipal,Parques y/o plazas,No,Natural,
5aeb0c14-134f-406d-aa19-93585c0849cc,c4ba58e1-28dc-4753-8217-9557c3c932a3,2026-04-19T20:54:27.000Z,2026-04-19T21:50:24.000Z,c4ba58e1-28dc-4753-8217-9557c3c932a3,-31.741504,-60.535187,9,6485572,733497,20J,Reconocida,Pesuña de Vaca,36,160,https://five.epicollect.net/api/media/plan-de-arbolado-parana-2024-2028?type=photo&format=entry_original&name=c4ba58e1-28dc-4753-8217-9557c3c932a3_1776632059.jpg,,Si,Saludable ,,Saludable,,Vivero municipal,Parques y/o plazas,No,Natural,
5aeb0c14-134f-406d-aa19-93585c0849cc,00bcb4ef-2819-4f60-93ed-a6577b2e31a8,2026-04-19T20:53:25.000Z,2026-04-19T21:50:22.000Z,00bcb4ef-2819-4f60-93ed-a6577b2e31a8,-31.741413,-60.535146,9,6485582,733502,20J,Reconocida,Crespón,36,250,https://five.epicollect.net/api/media/plan-de-arbolado-parana-2024-2028?type=photo&format=entry_original&name=00bcb4ef-2819-4f60-93ed-a6577b2e31a8_1776631994.jpg,,Si,Saludable ,,Saludable,,Vivero municipal,Parques y/o plazas,No,Natural,
5aeb0c14-134f-406d-aa19-93585c0849cc,4fd1d590-06e5-4293-9230-4d7a52b59050,2026-04-19T20:52:21.000Z,2026-04-19T21:50:18.000Z,4fd1d590-06e5-4293-9230-4d7a52b59050,-31.741397,-60.535142,9,6485584,733502,20J,Reconocida,Crespón,36,250,https://five.epicollect.net/api/media/plan-de-arbolado-parana-2024-2028?type=photo&format=entry_original&name=4fd1d590-06e5-4293-9230-4d7a52b59050_1776631912.jpg,,Si,Saludable ,,Saludable,,Vivero municipal,Parques y/o plazas,No,Natural,
5aeb0c14-134f-406d-aa19-93585c0849cc,8ef8938a-8ce9-4e63-92f8-844d11a28f6d,2026-04-19T20:51:24.000Z,2026-04-19T21:50:16.000Z,8ef8938a-8ce9-4e63-92f8-844d11a28f6d,-31.741367,-60.535132,9,6485587,733503,20J,Reconocida,Crespón,36,250,https://five.epicollect.net/api/media/plan-de-arbolado-parana-2024-2028?type=photo&format=entry_original&name=8ef8938a-8ce9-4e63-92f8-844d11a28f6d_1776631876.jpg,,Si,Saludable ,,Saludable,,Vivero municipal,Parques y/o plazas,No,Natural,
5aeb0c14-134f-406d-aa19-93585c0849cc,fbf699ac-8a35-48ba-9292-84dd3e56a800,2026-04-19T20:50:45.000Z,2026-04-19T21:50:12.000Z,fbf699ac-8a35-48ba-9292-84dd3e56a800,-31.741337,-60.535111,9,6485591,733505,20J,Reconocida,Crespón,36,250,https://five.epicollect.net/api/media/plan-de-arbolado-parana-2024-2028?type=photo&format=entry_original&name=fbf699ac-8a35-48ba-9292-84dd3e56a800_1776631827.jpg,,Si,Saludable ,,Saludable,,Vivero municipal,Parques y/o plazas,No,Natural,
5aeb0c14-134f-406d-aa19-93585c0849cc,202c6f17-5ccb-491d-93f9-a28a3525d4dc,2026-04-19T20:50:05.000Z,2026-04-19T21:50:09.000Z,202c6f17-5ccb-491d-93f9-a28a3525d4dc,-31.741315,-60.535092,10,6485593,733507,20J,Reconocida,Crespón,36,250,https://five.epicollect.net/api/media/plan-de-arbolado-parana-2024-2028?type=photo&format=entry_original&name=202c6f17-5ccb-491d-93f9-a28a3525d4dc_1776631797.jpg,,Si,Saludable ,,Saludable,,Vivero municipal,Parques y/o plazas,No,Natural,
5aeb0c14-134f-406d-aa19-93585c0849cc,622c35c1-6cc8-4f40-8440-b2228b81eae3,2026-04-19T20:49:31.000Z,2026-04-19T21:50:06.000Z,622c35c1-6cc8-4f40-8440-b2228b81eae3,-31.741337,-60.535073,10,6485591,733509,20J,Reconocida,Crespón,36,250,https://five.epicollect.net/api/media/plan-de-arbolado-parana-2024-2028?type=photo&format=entry_original&name=622c35c1-6cc8-4f40-8440-b2228b81eae3_1776631763.jpg,,Si,Saludable ,,Saludable,,Vivero municipal,Parques y/o plazas,No,Natural,
971fcce9-2ab4-4c31-9460-6f1019cb32b4,5bdbc671-6cff-44d4-9d08-b0a22f461b85,2026-04-14T19:59:37.000Z,2026-04-14T20:07:46.000Z,5bdbc671-6cff-44d4-9d08-b0a22f461b85,-31.775698,-60.467067,2,6481632,739864,20J,Reconocida,Lapacho,36,400,https://five.epicollect.net/api/media/plan-de-arbolado-parana-2024-2028?type=photo&format=entry_original&name=5bdbc671-6cff-44d4-9d08-b0a22f461b85_1776196742.jpg,,Si,Saludable ,,Saludable,,Vivero municipal,Parques y/o plazas,No,Natural,
971fcce9-2ab4-4c31-9460-6f1019cb32b4,a042cdb4-5de3-45f6-8c01-02c7de046d09,2026-04-14T19:58:28.000Z,2026-04-14T20:07:44.000Z,a042cdb4-5de3-45f6-8c01-02c7de046d09,-31.775714,-60.467179,2,6481631,739854,20J,Reconocida,Lapacho,36,400,https://five.epicollect.net/api/media/plan-de-arbolado-parana-2024-2028?type=photo&format=entry_original&name=a042cdb4-5de3-45f6-8c01-02c7de046d09_1776196700.jpg,,Si,Saludable ,,Saludable,,Vivero municipal,Parques y/o plazas,No,Natural,
971fcce9-2ab4-4c31-9460-6f1019cb32b4,f01a4bd1-3972-4823-b0bf-9b114fee3fb8,2026-04-14T19:57:48.000Z,2026-04-14T20:07:42.000Z,f01a4bd1-3972-4823-b0bf-9b114fee3fb8,-31.775673,-60.467308,1,6481636,739841,20J,Reconocida,Lapacho,36,300,https://five.epicollect.net/api/media/plan-de-arbolado-parana-2024-2028?type=photo&format=entry_original&name=f01a4bd1-3972-4823-b0bf-9b114fee3fb8_1776196659.jpg,,Si,No saludable,,No saludable,,Vivero municipal,Parques y/o plazas,No,Natural,
971fcce9-2ab4-4c31-9460-6f1019cb32b4,24db0cf6-88a2-459d-9b99-e3b2025cb853,2026-04-14T19:57:13.000Z,2026-04-14T20:07:40.000Z,24db0cf6-88a2-459d-9b99-e3b2025cb853,,,,,,,Reconocida,Lapacho,36,300,https://five.epicollect.net/api/media/plan-de-arbolado-parana-2024-2028?type=photo&format=entry_original&name=24db0cf6-88a2-459d-9b99-e3b2025cb853_1776196607.jpg,,Si,No saludable,,No saludable,,Vivero municipal,Parques y/o plazas,No,Natural,
971fcce9-2ab4-4c31-9460-6f1019cb32b4,07cfc099-06af-4fad-a07c-15e4014d2083,2026-04-14T19:56:15.000Z,2026-04-14T20:07:39.000Z,07cfc099-06af-4fad-a07c-15e4014d2083,-31.775617,-60.467557,1,6481642,739818,20J,Reconocida,Lapacho,36,400,https://five.epicollect.net/api/media/plan-de-arbolado-parana-2024-2028?type=photo&format=entry_original&name=07cfc099-06af-4fad-a07c-15e4014d2083_1776196561.jpg,,Si,Saludable ,,Saludable,,Vivero municipal,Parques y/o plazas,No,Natural,
971fcce9-2ab4-4c31-9460-6f1019cb32b4,397121cd-2c55-4939-a008-aac242919f07,2026-04-14T19:55:23.000Z,2026-04-14T20:07:37.000Z,397121cd-2c55-4939-a008-aac242919f07,,,,,,,Reconocida,Lapacho,36,400,https://five.epicollect.net/api/media/plan-de-arbolado-parana-2024-2028?type=photo&format=entry_original&name=397121cd-2c55-4939-a008-aac242919f07_1776196510.jpg,,Si,Saludable ,,Saludable,,Vivero municipal,Parques y/o plazas,No,Natural,
971fcce9-2ab4-4c31-9460-6f1019cb32b4,0b41d683-6432-4c3d-a176-bf0d1a49473d,2026-04-14T19:54:39.000Z,2026-04-14T20:07:35.000Z,0b41d683-6432-4c3d-a176-bf0d1a49473d,-31.77547,-60.46775,1,6481659,739800,20J,Reconocida,Jacaranda,36,400,https://five.epicollect.net/api/media/plan-de-arbolado-parana-2024-2028?type=photo&format=entry_original&name=0b41d683-6432-4c3d-a176-bf0d1a49473d_1776196457.jpg,,Si,No saludable,,No saludable,,Vivero municipal,Parques y/o plazas,No,Natural,
971fcce9-2ab4-4c31-9460-6f1019cb32b4,34c41106-b067-4a5b-a8e2-bab7e7d012aa,2026-04-14T19:53:54.000Z,2026-04-14T20:07:33.000Z,34c41106-b067-4a5b-a8e2-bab7e7d012aa,-31.775359,-60.467739,1,6481672,739801,20J,Reconocida,Jacaranda,36,300,https://five.epicollect.net/api/media/plan-de-arbolado-parana-2024-2028?type=photo&format=entry_original&name=34c41106-b067-4a5b-a8e2-bab7e7d012aa_1776196418.jpg,,Si,Saludable ,,Saludable,,Vivero municipal,Parques y/o plazas,No,Natural,
971fcce9-2ab4-4c31-9460-6f1019cb32b4,e4ae42a3-da2f-406c-bce7-8a5a45e965e3,2026-04-14T19:52:59.000Z,2026-04-14T20:07:32.000Z,e4ae42a3-da2f-406c-bce7-8a5a45e965e3,-31.775164,-60.467688,1,6481693,739807,20J,Reconocida,Jacaranda,36,100,https://five.epicollect.net/api/media/plan-de-arbolado-parana-2024-2028?type=photo&format=entry_original&name=e4ae42a3-da2f-406c-bce7-8a5a45e965e3_1776196359.jpg,,Si,Saludable ,,Saludable,,Vivero municipal,Parques y/o plazas,No,Natural,
971fcce9-2ab4-4c31-9460-6f1019cb32b4,25dd733c-d35d-4a24-b91a-6442864511dc,2026-04-14T19:52:12.000Z,2026-04-14T20:07:30.000Z,25dd733c-d35d-4a24-b91a-6442864511dc,,,,,,,Reconocida,Jacaranda,36,400,https://five.epicollect.net/api/media/plan-de-arbolado-parana-2024-2028?type=photo&format=entry_original&name=25dd733c-d35d-4a24-b91a-6442864511dc_1776196324.jpg,,Si,Saludable ,,Saludable,,Vivero municipal,Parques y/o plazas,No,Natural,
971fcce9-2ab4-4c31-9460-6f1019cb32b4,43e017a7-943b-494c-b1e4-661cb308111f,2026-04-14T19:51:45.000Z,2026-04-14T20:07:28.000Z,43e017a7-943b-494c-b1e4-661cb308111f,-31.774935,-60.467626,1,6481718,739813,20J,Reconocida,Jacaranda,36,200,https://five.epicollect.net/api/media/plan-de-arbolado-parana-2024-2028?type=photo&format=entry_original&name=43e017a7-943b-494c-b1e4-661cb308111f_1776196275.jpg,,Si,Saludable ,,Saludable,,Vivero municipal,Parques y/o plazas,No,Natural,
971fcce9-2ab4-4c31-9460-6f1019cb32b4,30a911ce-c23c-454f-90a9-bbcff9ed7b23,2026-04-14T19:50:31.000Z,2026-04-14T20:07:27.000Z,30a911ce-c23c-454f-90a9-bbcff9ed7b23,-31.774806,-60.467617,1,6481733,739814,20J,Reconocida,Jacaranda,36,80,https://five.epicollect.net/api/media/plan-de-arbolado-parana-2024-2028?type=photo&format=entry_original&name=30a911ce-c23c-454f-90a9-bbcff9ed7b23_1776196218.jpg,,Si,Saludable ,,Saludable,,Vivero municipal,Parques y/o plazas,No,Natural,
971fcce9-2ab4-4c31-9460-6f1019cb32b4,45c31afa-b133-48c3-8462-f44b1f0d6adb,2026-04-14T19:49:43.000Z,2026-04-14T20:07:25.000Z,45c31afa-b133-48c3-8462-f44b1f0d6adb,-31.774503,-60.467545,1,6481766,739822,20J,Reconocida,Jacaranda,36,300,https://five.epicollect.net/api/media/plan-de-arbolado-parana-2024-2028?type=photo&format=entry_original&name=45c31afa-b133-48c3-8462-f44b1f0d6adb_1776196172.jpg,,Si,Saludable ,,Saludable,,Vivero municipal,Parques y/o plazas,No,Natural,
971fcce9-2ab4-4c31-9460-6f1019cb32b4,bb5b0756-c4aa-45e2-82bb-ea410448e228,2026-04-14T19:48:47.000Z,2026-04-14T20:07:23.000Z,bb5b0756-c4aa-45e2-82bb-ea410448e228,-31.774562,-60.467546,1,6481759,739822,20J,Reconocida,Jacaranda,36,400,https://five.epicollect.net/api/media/plan-de-arbolado-parana-2024-2028?type=photo&format=entry_original&name=bb5b0756-c4aa-45e2-82bb-ea410448e228_1776196091.jpg,,Si,Saludable ,,Saludable,,Vivero municipal,Parques y/o plazas,No,Natural,
971fcce9-2ab4-4c31-9460-6f1019cb32b4,cb351949-46a9-489d-9e73-4151b805a560,2026-04-14T19:46:49.000Z,2026-04-14T20:07:22.000Z,cb351949-46a9-489d-9e73-4151b805a560,,,,,,,Reconocida,Jacaranda,36,400,https://five.epicollect.net/api/media/plan-de-arbolado-parana-2024-2028?type=photo&format=entry_original&name=cb351949-46a9-489d-9e73-4151b805a560_1776195992.jpg,,Si,Saludable ,,Saludable,,Vivero municipal,Parques y/o plazas,No,Natural,
971fcce9-2ab4-4c31-9460-6f1019cb32b4,ded5886d-d6f6-4958-84c1-b1ec7411fece,2026-04-14T19:45:53.000Z,2026-04-14T20:07:20.000Z,ded5886d-d6f6-4958-84c1-b1ec7411fece,-31.774712,-60.467093,1,6481742,739864,20J,Reconocida,Jacaranda,36,300,https://five.epicollect.net/api/media/plan-de-arbolado-parana-2024-2028?type=photo&format=entry_original&name=ded5886d-d6f6-4958-84c1-b1ec7411fece_1776195942.jpg,,Si,Saludable ,,Saludable,,Vivero municipal,Parques y/o plazas,No,Natural,
971fcce9-2ab4-4c31-9460-6f1019cb32b4,4e0cd927-202c-402b-877f-d8d8e78afaac,2026-04-14T19:44:51.000Z,2026-04-14T20:07:18.000Z,4e0cd927-202c-402b-877f-d8d8e78afaac,-31.774763,-60.466849,1,6481736,739887,20J,Reconocida,Jacaranda,36,300,https://five.epicollect.net/api/media/plan-de-arbolado-parana-2024-2028?type=photo&format=entry_original&name=4e0cd927-202c-402b-877f-d8d8e78afaac_1776195882.jpg,,Si,Saludable ,,Saludable,,Vivero municipal,Parques y/o plazas,No,Natural,
971fcce9-2ab4-4c31-9460-6f1019cb32b4,96c00a82-3c09-4a23-a069-17eca9afda63,2026-04-14T19:43:52.000Z,2026-04-14T20:07:16.000Z,96c00a82-3c09-4a23-a069-17eca9afda63,-31.774666,-60.466702,1,6481746,739901,20J,Reconocida,Jacaranda,36,400,https://five.epicollect.net/api/media/plan-de-arbolado-parana-2024-2028?type=photo&format=entry_original&name=96c00a82-3c09-4a23-a069-17eca9afda63_1776195821.jpg,,Si,Saludable ,,Saludable,,Vivero municipal,Parques y/o plazas,No,Natural,
971fcce9-2ab4-4c31-9460-6f1019cb32b4,4b279cfe-4051-4709-b4a0-92f9997ecfa5,2026-04-14T19:43:02.000Z,2026-04-14T20:07:15.000Z,4b279cfe-4051-4709-b4a0-92f9997ecfa5,-31.774647,-60.466696,2,6481748,739902,20J,Reconocida,Jacaranda,36,200,https://five.epicollect.net/api/media/plan-de-arbolado-parana-2024-2028?type=photo&format=entry_original&name=4b279cfe-4051-4709-b4a0-92f9997ecfa5_1776195760.jpg,,Si,Saludable ,,Saludable,,Vivero municipal,Parques y/o plazas,No,Natural,
971fcce9-2ab4-4c31-9460-6f1019cb32b4,249b3594-a2b2-47d0-af9f-44bf10fd6e3a,2026-04-14T19:40:45.000Z,2026-04-14T20:07:13.000Z,249b3594-a2b2-47d0-af9f-44bf10fd6e3a,-31.774917,-60.46671,1,6481718,739900,20J,Reconocida,Jacaranda,36,200,,,Si,No saludable,,No saludable,,Vivero municipal,Parques y/o plazas,No,Natural,
6c44dba9-c756-4ba7-8fa4-3aa84e71014d,8dfab07d-9331-4376-938e-818133c60cbb,2026-04-14T19:58:20.000Z,2026-04-14T20:04:00.000Z,8dfab07d-9331-4376-938e-818133c60cbb,-31.774678,-60.466926,10,6481745,739880,20J,Reconocida,Algarrobos,36,100,https://five.epicollect.net/api/media/plan-de-arbolado-parana-2024-2028?type=photo&format=entry_original&name=8dfab07d-9331-4376-938e-818133c60cbb_1776196690.jpg,,Si,Saludable ,,Saludable,,Vivero municipal,Parques y/o plazas,No,Natural,
971fcce9-2ab4-4c31-9460-6f1019cb32b4,865bdcea-d1ba-43f7-9280-9a3a7d6c742b,2026-04-14T19:39:45.000Z,2026-04-14T20:04:00.000Z,865bdcea-d1ba-43f7-9280-9a3a7d6c742b,-31.775011,-60.466729,1,6481708,739898,20J,Reconocida,Lagaña de Perro,36,200,https://five.epicollect.net/api/media/plan-de-arbolado-parana-2024-2028?type=photo&format=entry_original&name=865bdcea-d1ba-43f7-9280-9a3a7d6c742b_1776195559.jpg,,Si,Saludable ,,Saludable,,Vivero municipal,Parques y/o plazas,No,Natural,
971fcce9-2ab4-4c31-9460-6f1019cb32b4,bc452ac8-cd22-422b-9e6b-5695231a3365,2026-04-14T19:38:27.000Z,2026-04-14T20:03:58.000Z,bc452ac8-cd22-422b-9e6b-5695231a3365,-31.775234,-60.466766,1,6481683,739894,20J,Reconocida,Jacaranda,36,200,https://five.epicollect.net/api/media/plan-de-arbolado-parana-2024-2028?type=photo&format=entry_original&name=bc452ac8-cd22-422b-9e6b-5695231a3365_1776195477.jpg,,Si,Saludable ,,Saludable,,Vivero municipal,Parques y/o plazas,No,Natural,
6c44dba9-c756-4ba7-8fa4-3aa84e71014d,6323fec1-07a6-4ce5-863c-84fdba94daf5,2026-04-14T19:57:46.000Z,2026-04-14T20:03:57.000Z,6323fec1-07a6-4ce5-863c-84fdba94daf5,-31.774685,-60.466937,11,6481744,739879,20J,No reconocible,No identificada,36,100,https://five.epicollect.net/api/media/plan-de-arbolado-parana-2024-2028?type=photo&format=entry_original&name=6323fec1-07a6-4ce5-863c-84fdba94daf5_1776196654.jpg,,Si,Saludable ,,Saludable,,Vivero municipal,Parques y/o plazas,No,Natural,
971fcce9-2ab4-4c31-9460-6f1019cb32b4,e1341997-4b1f-43ef-b568-06f63b359634,2026-04-14T19:37:37.000Z,2026-04-14T20:03:55.000Z,e1341997-4b1f-43ef-b568-06f63b359634,-31.775322,-60.466803,1,6481674,739890,20J,Reconocida,Jacaranda,36,200,https://five.epicollect.net/api/media/plan-de-arbolado-parana-2024-2028?type=photo&format=entry_original&name=e1341997-4b1f-43ef-b568-06f63b359634_1776195437.jpg,,Si,Saludable ,,Saludable,,Vivero municipal,Parques y/o plazas,No,Natural,
6c44dba9-c756-4ba7-8fa4-3aa84e71014d,d54bec84-070d-4cb8-94f2-c3afdca87388,2026-04-14T19:56:57.000Z,2026-04-15T12:01:14.000Z,d54bec84-070d-4cb8-94f2-c3afdca87388,-31.774697,-60.467009,11,6481743,739872,20J,Reconocida,Tala ,36,50,https://five.epicollect.net/api/media/plan-de-arbolado-parana-2024-2028?type=photo&format=entry_original&name=d54bec84-070d-4cb8-94f2-c3afdca87388_1776196609.jpg,,Si,Saludable ,,Saludable,,Vivero municipal,Parques y/o plazas,No,Natural,
971fcce9-2ab4-4c31-9460-6f1019cb32b4,d86c8b44-0b69-4895-9731-ea685617fdae,2026-04-14T19:36:44.000Z,2026-04-14T20:03:53.000Z,d86c8b44-0b69-4895-9731-ea685617fdae,-31.775519,-60.466841,1,6481652,739886,20J,Reconocida,Jacaranda,36,200,https://five.epicollect.net/api/media/plan-de-arbolado-parana-2024-2028?type=photo&format=entry_original&name=d86c8b44-0b69-4895-9731-ea685617fdae_1776195396.jpg,,Si,No saludable,,No saludable,,Vivero municipal,Parques y/o plazas,No,Natural,
6c44dba9-c756-4ba7-8fa4-3aa84e71014d,39999571-54cd-4851-b086-3111ddaf9f48,2026-04-14T19:56:22.000Z,2026-04-14T20:03:52.000Z,39999571-54cd-4851-b086-3111ddaf9f48,-31.77468,-60.467038,11,6481745,739870,20J,No reconocible,No identificada,36,100,https://five.epicollect.net/api/media/plan-de-arbolado-parana-2024-2028?type=photo&format=entry_original&name=39999571-54cd-4851-b086-3111ddaf9f48_1776196573.jpg,,Si,Saludable ,,Saludable,,Vivero municipal,Parques y/o plazas,No,Natural,
971fcce9-2ab4-4c31-9460-6f1019cb32b4,d3720e03-e7d3-4a25-8536-482fc0f996ed,2026-04-14T19:35:36.000Z,2026-04-14T20:03:51.000Z,d3720e03-e7d3-4a25-8536-482fc0f996ed,-31.775617,-60.466867,1,6481641,739883,20J,Reconocida,Jacaranda,36,200,https://five.epicollect.net/api/media/plan-de-arbolado-parana-2024-2028?type=photo&format=entry_original&name=d3720e03-e7d3-4a25-8536-482fc0f996ed_1776195322.jpg,,Si,Saludable ,,Saludable,,Vivero municipal,Parques y/o plazas,No,Natural,
6c44dba9-c756-4ba7-8fa4-3aa84e71014d,beb18e7b-eca6-45fd-aebb-34e1efbd62a4,2026-04-14T19:55:41.000Z,2026-04-15T12:03:17.000Z,beb18e7b-eca6-45fd-aebb-34e1efbd62a4,-31.774674,-60.467057,10,6481746,739868,20J,No reconocible,No identificada,36,100,https://five.epicollect.net/api/media/plan-de-arbolado-parana-2024-2028?type=photo&format=entry_original&name=beb18e7b-eca6-45fd-aebb-34e1efbd62a4_1776196534.jpg,,Si,Saludable ,,Saludable,,Vivero municipal,Parques y/o plazas,No,Natural,
971fcce9-2ab4-4c31-9460-6f1019cb32b4,c3cbef09-d25d-4599-83cb-f65331f031ca,2026-04-14T19:34:47.000Z,2026-04-14T20:03:49.000Z,c3cbef09-d25d-4599-83cb-f65331f031ca,-31.775778,-60.466663,2,6481623,739902,20J,Reconocida,No identificada,36,200,https://five.epicollect.net/api/media/plan-de-arbolado-parana-2024-2028?type=photo&format=entry_original&name=c3cbef09-d25d-4599-83cb-f65331f031ca_1776195269.jpg,,Si,No saludable,,No saludable,,Vivero municipal,Parques y/o plazas,No,Natural,
971fcce9-2ab4-4c31-9460-6f1019cb32b4,59987317-4d3c-4761-b32a-886db7af73ed,2026-04-14T19:33:42.000Z,2026-04-14T20:03:48.000Z,59987317-4d3c-4761-b32a-886db7af73ed,,,,,,,Reconocida,Lapacho,36,200,https://five.epicollect.net/api/media/plan-de-arbolado-parana-2024-2028?type=photo&format=entry_original&name=59987317-4d3c-4761-b32a-886db7af73ed_1776195205.jpg,,Si,Saludable ,,Saludable,,Vivero municipal,Parques y/o plazas,No,Natural,
6c44dba9-c756-4ba7-8fa4-3aa84e71014d,f8c6dde7-07b8-4ebc-bc63-b0d7d2c18fce,2026-04-14T19:55:03.000Z,2026-04-14T20:03:47.000Z,f8c6dde7-07b8-4ebc-bc63-b0d7d2c18fce,-31.774627,-60.467091,10,6481751,739865,20J,No reconocible,No identificada,36,50,https://five.epicollect.net/api/media/plan-de-arbolado-parana-2024-2028?type=photo&format=entry_original&name=f8c6dde7-07b8-4ebc-bc63-b0d7d2c18fce_1776196483.jpg,,Si,Saludable ,,Saludable,,Vivero municipal,Alineación,No,Natural,
971fcce9-2ab4-4c31-9460-6f1019cb32b4,a2e1d0b8-69b4-40b5-bcd0-1a1ac340f6a5,2026-04-14T19:32:35.000Z,2026-04-14T20:03:46.000Z,a2e1d0b8-69b4-40b5-bcd0-1a1ac340f6a5,,,,,,,Reconocida,No identificada,36,200,https://five.epicollect.net/api/media/plan-de-arbolado-parana-2024-2028?type=photo&format=entry_original&name=a2e1d0b8-69b4-40b5-bcd0-1a1ac340f6a5_1776195147.jpg,,Si,No saludable,,No saludable,,Vivero municipal,Parques y/o plazas,No,Natural,
6c44dba9-c756-4ba7-8fa4-3aa84e71014d,83c5a967-381a-4d7c-b657-f0ba44312652,2026-04-14T19:54:10.000Z,2026-04-14T20:03:45.000Z,83c5a967-381a-4d7c-b657-f0ba44312652,-31.774604,-60.46716,11,6481754,739858,20J,No reconocible,No identificada,36,50,https://five.epicollect.net/api/media/plan-de-arbolado-parana-2024-2028?type=photo&format=entry_original&name=83c5a967-381a-4d7c-b657-f0ba44312652_1776196435.jpg,,Si,Saludable ,,Saludable,,Vivero municipal,Parques y/o plazas,No,Natural,
971fcce9-2ab4-4c31-9460-6f1019cb32b4,e433bad7-dc63-4241-9357-83f20c19c6e3,2026-04-14T19:31:28.000Z,2026-04-14T20:03:44.000Z,e433bad7-dc63-4241-9357-83f20c19c6e3,-31.775565,-60.46598,2,6481645,739968,20J,Reconocida,No identificada,36,0,https://five.epicollect.net/api/media/plan-de-arbolado-parana-2024-2028?type=photo&format=entry_original&name=e433bad7-dc63-4241-9357-83f20c19c6e3_1776195006.jpg,,Si,No saludable,,No saludable,,Vivero municipal,Parques y/o plazas,No,Natural,
971fcce9-2ab4-4c31-9460-6f1019cb32b4,f370d7ea-5879-4126-92e9-542356b32961,2026-04-14T19:29:27.000Z,2026-04-14T20:03:42.000Z,f370d7ea-5879-4126-92e9-542356b32961,-31.775352,-60.465933,2,6481668,739973,20J,Reconocida,Jacaranda,36,250,https://five.epicollect.net/api/media/plan-de-arbolado-parana-2024-2028?type=photo&format=entry_original&name=f370d7ea-5879-4126-92e9-542356b32961_1776194899.jpg,,Si,No saludable,,No saludable,,Vivero municipal,Parques y/o plazas,No,Natural,
6c44dba9-c756-4ba7-8fa4-3aa84e71014d,c6c92b0f-21d7-4088-aed5-3f0c861937f9,2026-04-14T19:53:34.000Z,2026-04-14T20:03:42.000Z,c6c92b0f-21d7-4088-aed5-3f0c861937f9,-31.774632,-60.467191,11,6481751,739855,20J,Reconocida,Espinillo,36,50,https://five.epicollect.net/api/media/plan-de-arbolado-parana-2024-2028?type=photo&format=entry_original&name=c6c92b0f-21d7-4088-aed5-3f0c861937f9_1776196406.jpg,,Si,Saludable ,,Saludable,,Vivero municipal,Parques y/o plazas,No,Natural,
971fcce9-2ab4-4c31-9460-6f1019cb32b4,fd07928e-714d-45a9-9a7e-2430e09a3859,2026-04-14T19:27:57.000Z,2026-04-14T20:03:41.000Z,fd07928e-714d-45a9-9a7e-2430e09a3859,-31.77529,-60.465908,2,6481675,739975,20J,Reconocida,Jacaranda,36,400,https://five.epicollect.net/api/media/plan-de-arbolado-parana-2024-2028?type=photo&format=entry_original&name=fd07928e-714d-45a9-9a7e-2430e09a3859_1776194869.jpg,,Si,No saludable,,No saludable,,Vivero municipal,Parques y/o plazas,No,Natural,
6c44dba9-c756-4ba7-8fa4-3aa84e71014d,3a90a953-6035-47d0-b11f-edcb6a798bca,2026-04-14T19:52:53.000Z,2026-04-14T20:03:40.000Z,3a90a953-6035-47d0-b11f-edcb6a798bca,-31.77459,-60.467273,11,6481756,739848,20J,No reconocible,No identificada,36,100,https://five.epicollect.net/api/media/plan-de-arbolado-parana-2024-2028?type=photo&format=entry_original&name=3a90a953-6035-47d0-b11f-edcb6a798bca_1776196364.jpg,,Si,Saludable ,,Saludable,,Vivero municipal,Parques y/o plazas,No,Natural,
971fcce9-2ab4-4c31-9460-6f1019cb32b4,d50f7552-7946-4dd1-95b1-7b65aa949f78,2026-04-14T19:27:26.000Z,2026-04-14T20:03:39.000Z,d50f7552-7946-4dd1-95b1-7b65aa949f78,-31.775237,-60.465902,2,6481681,739976,20J,Reconocida,Jacaranda,36,300,https://five.epicollect.net/api/media/plan-de-arbolado-parana-2024-2028?type=photo&format=entry_original&name=d50f7552-7946-4dd1-95b1-7b65aa949f78_1776194819.jpg,,Si,No saludable,,No saludable,,Vivero municipal,Parques y/o plazas,No,Natural,
971fcce9-2ab4-4c31-9460-6f1019cb32b4,581d38eb-7803-4c67-82d1-bbb5a9e73053,2026-04-14T19:26:36.000Z,2026-04-14T20:03:37.000Z,581d38eb-7803-4c67-82d1-bbb5a9e73053,-31.775157,-60.465873,2,6481690,739979,20J,Reconocida,Jacaranda,36,300,https://five.epicollect.net/api/media/plan-de-arbolado-parana-2024-2028?type=photo&format=entry_original&name=581d38eb-7803-4c67-82d1-bbb5a9e73053_1776194782.jpg,,Si,No saludable,,No saludable,,Vivero municipal,Parques y/o plazas,No,Natural,
6c44dba9-c756-4ba7-8fa4-3aa84e71014d,2542ccff-01dc-4758-91a8-da63ca727d21,2026-04-14T19:52:20.000Z,2026-04-14T20:03:37.000Z,2542ccff-01dc-4758-91a8-da63ca727d21,-31.774569,-60.467288,11,6481758,739846,20J,No reconocible,No identificada,36,50,https://five.epicollect.net/api/media/plan-de-arbolado-parana-2024-2028?type=photo&format=entry_original&name=2542ccff-01dc-4758-91a8-da63ca727d21_1776196331.jpg,,Si,Saludable ,,Saludable,,Vivero municipal,Alineación,No,Natural,
971fcce9-2ab4-4c31-9460-6f1019cb32b4,908e1d7a-0bea-48ef-8f8a-753156103c68,2026-04-14T19:25:52.000Z,2026-04-14T20:03:36.000Z,908e1d7a-0bea-48ef-8f8a-753156103c68,-31.775033,-60.465868,2,6481704,739980,20J,Reconocida,Jacaranda,36,2000,https://five.epicollect.net/api/media/plan-de-arbolado-parana-2024-2028?type=photo&format=entry_original&name=908e1d7a-0bea-48ef-8f8a-753156103c68_1776194740.jpg,,Si,No saludable,,No saludable,,Vivero municipal,Parques y/o plazas,No,Natural,
6c44dba9-c756-4ba7-8fa4-3aa84e71014d,87c7f233-35d2-4b39-b9ed-dd5ee60c64ad,2026-04-14T19:51:43.000Z,2026-04-15T12:05:17.000Z,87c7f233-35d2-4b39-b9ed-dd5ee60c64ad,-31.77454,-60.467383,12,6481762,739837,20J,Reconocida,Tala ,36,50,https://five.epicollect.net/api/media/plan-de-arbolado-parana-2024-2028?type=photo&format=entry_original&name=87c7f233-35d2-4b39-b9ed-dd5ee60c64ad_1776196296.jpg,,Si,Saludable ,,Saludable,,Vivero municipal,Parques y/o plazas,No,Natural,
6c44dba9-c756-4ba7-8fa4-3aa84e71014d,2dc1d3d8-b19c-4ab7-ae22-ce5dda39b6ca,2026-04-14T19:51:11.000Z,2026-04-14T20:03:32.000Z,2dc1d3d8-b19c-4ab7-ae22-ce5dda39b6ca,-31.77457,-60.467362,11,6481758,739839,20J,Reconocida,Algarrobos,36,175,https://five.epicollect.net/api/media/plan-de-arbolado-parana-2024-2028?type=photo&format=entry_original&name=2dc1d3d8-b19c-4ab7-ae22-ce5dda39b6ca_1776196263.jpg,,Si,Saludable ,,Saludable,,Vivero municipal,Parques y/o plazas,No,Natural,
6c44dba9-c756-4ba7-8fa4-3aa84e71014d,755bf863-2c13-4376-8144-ca4608a7c959,2026-04-14T19:50:38.000Z,2026-04-14T20:03:30.000Z,755bf863-2c13-4376-8144-ca4608a7c959,-31.774577,-60.46741,9,6481757,739835,20J,No reconocible,No identificada,36,50,https://five.epicollect.net/api/media/plan-de-arbolado-parana-2024-2028?type=photo&format=entry_original&name=755bf863-2c13-4376-8144-ca4608a7c959_1776196230.jpg,,Si,Saludable ,,Saludable,,Vivero municipal,Parques y/o plazas,No,Natural,
6c44dba9-c756-4ba7-8fa4-3aa84e71014d,5159a18f-2de0-48a2-b9bc-00647b1e8320,2026-04-14T19:49:50.000Z,2026-04-14T20:03:27.000Z,5159a18f-2de0-48a2-b9bc-00647b1e8320,-31.774601,-60.46746,9,6481755,739830,20J,No reconocible,No identificada,36,150,https://five.epicollect.net/api/media/plan-de-arbolado-parana-2024-2028?type=photo&format=entry_original&name=5159a18f-2de0-48a2-b9bc-00647b1e8320_1776196180.jpg,,Si,Saludable ,,Saludable,,Vivero municipal,Parques y/o plazas,No,Natural,
6c44dba9-c756-4ba7-8fa4-3aa84e71014d,e86892f7-5c7d-4040-9b70-3278c0c84f11,2026-04-14T19:49:03.000Z,2026-04-14T20:03:25.000Z,e86892f7-5c7d-4040-9b70-3278c0c84f11,-31.774504,-60.467437,9,6481766,739832,20J,Reconocida,Algarrobos,36,150,https://five.epicollect.net/api/media/plan-de-arbolado-parana-2024-2028?type=photo&format=entry_original&name=e86892f7-5c7d-4040-9b70-3278c0c84f11_1776196134.jpg,,Si,Saludable ,,Saludable,,Vivero municipal,Alineación,No,Natural,
6c44dba9-c756-4ba7-8fa4-3aa84e71014d,614ba4c4-dbe0-4fbe-aed7-288f3a434d6b,2026-04-14T19:48:29.000Z,2026-04-14T20:03:22.000Z,614ba4c4-dbe0-4fbe-aed7-288f3a434d6b,-31.774547,-60.467483,9,6481761,739828,20J,Reconocida,Algarrobos,36,100,https://five.epicollect.net/api/media/plan-de-arbolado-parana-2024-2028?type=photo&format=entry_original&name=614ba4c4-dbe0-4fbe-aed7-288f3a434d6b_1776196097.jpg,,Si,Saludable ,,Saludable,,Vivero municipal,Alineación,No,Natural,
6c44dba9-c756-4ba7-8fa4-3aa84e71014d,f5dfb4f6-5c6b-47cb-b0eb-19ea4cf5d3f9,2026-04-14T19:47:24.000Z,2026-04-14T20:03:20.000Z,f5dfb4f6-5c6b-47cb-b0eb-19ea4cf5d3f9,-31.774671,-60.467351,9,6481747,739840,20J,Reconocida,Jacaranda,36,250,https://five.epicollect.net/api/media/plan-de-arbolado-parana-2024-2028?type=photo&format=entry_original&name=f5dfb4f6-5c6b-47cb-b0eb-19ea4cf5d3f9_1776196028.jpg,,Si,Saludable ,,Saludable,,Vivero municipal,Alineación,No,Natural,
6c44dba9-c756-4ba7-8fa4-3aa84e71014d,64c21558-d9f3-47bf-a599-d2e2fe6038db,2026-04-14T19:46:36.000Z,2026-04-14T20:03:17.000Z,64c21558-d9f3-47bf-a599-d2e2fe6038db,-31.774643,-60.467473,9,6481750,739828,20J,Reconocida,Jacaranda,36,250,https://five.epicollect.net/api/media/plan-de-arbolado-parana-2024-2028?type=photo&format=entry_original&name=64c21558-d9f3-47bf-a599-d2e2fe6038db_1776195988.jpg,,Si,Saludable ,,Saludable,,Vivero municipal,Alineación,No,Natural,
6c44dba9-c756-4ba7-8fa4-3aa84e71014d,0fe547c7-7684-4f30-b8a5-dcc15f0643ea,2026-04-14T19:46:01.000Z,2026-04-14T20:03:15.000Z,0fe547c7-7684-4f30-b8a5-dcc15f0643ea,-31.774712,-60.467467,9,6481743,739829,20J,Reconocida,Jacaranda,36,250,https://five.epicollect.net/api/media/plan-de-arbolado-parana-2024-2028?type=photo&format=entry_original&name=0fe547c7-7684-4f30-b8a5-dcc15f0643ea_1776195954.jpg,,Si,Saludable ,,Saludable,,Vivero municipal,Alineación,No,Natural,
6c44dba9-c756-4ba7-8fa4-3aa84e71014d,3a1d5712-3d21-4ea2-b4db-4263fd337aa3,2026-04-14T19:45:30.000Z,2026-04-14T20:03:12.000Z,3a1d5712-3d21-4ea2-b4db-4263fd337aa3,-31.774734,-60.467366,9,6481740,739838,20J,Reconocida,Jacaranda,36,250,https://five.epicollect.net/api/media/plan-de-arbolado-parana-2024-2028?type=photo&format=entry_original&name=3a1d5712-3d21-4ea2-b4db-4263fd337aa3_1776195922.jpg,,Si,Saludable ,,Saludable,,Vivero municipal,Alineación,No,Natural,
6c44dba9-c756-4ba7-8fa4-3aa84e71014d,bebdfea5-3c4a-4666-93cc-ae04b4691546,2026-04-14T19:44:54.000Z,2026-04-14T20:03:10.000Z,bebdfea5-3c4a-4666-93cc-ae04b4691546,,,,,,,Reconocida,Jacaranda,36,250,https://five.epicollect.net/api/media/plan-de-arbolado-parana-2024-2028?type=photo&format=entry_original&name=bebdfea5-3c4a-4666-93cc-ae04b4691546_1776195886.jpg,,Si,Saludable ,,Saludable,,Vivero municipal,Alineación,No,Natural,
971fcce9-2ab4-4c31-9460-6f1019cb32b4,981803fa-a776-4943-b3ea-024fb67b8fc5,2026-04-14T19:23:29.000Z,2026-04-14T20:03:09.000Z,981803fa-a776-4943-b3ea-024fb67b8fc5,-31.77471,-60.466573,1,6481741,739914,20J,Reconocida,Algarrobos,36,80,https://five.epicollect.net/api/media/plan-de-arbolado-parana-2024-2028?type=photo&format=entry_original&name=981803fa-a776-4943-b3ea-024fb67b8fc5_1776194571.jpg,,Si,Saludable ,,Saludable,,Vivero municipal,Parques y/o plazas,No,Natural,
971fcce9-2ab4-4c31-9460-6f1019cb32b4,4f4364d8-4d49-47ed-afed-e6adf96afb85,2026-04-14T19:21:59.000Z,2026-04-14T20:03:07.000Z,4f4364d8-4d49-47ed-afed-e6adf96afb85,-31.774613,-60.466539,2,6481752,739917,20J,Reconocida,Algarrobos,36,80,https://five.epicollect.net/api/media/plan-de-arbolado-parana-2024-2028?type=photo&format=entry_original&name=4f4364d8-4d49-47ed-afed-e6adf96afb85_1776194503.jpg,,Si,Saludable ,,Saludable,,Vivero municipal,Parques y/o plazas,No,Natural,
6c44dba9-c756-4ba7-8fa4-3aa84e71014d,3ff8c161-8d56-4d61-87b3-6f39331286dc,2026-04-14T19:44:14.000Z,2026-04-14T20:03:06.000Z,3ff8c161-8d56-4d61-87b3-6f39331286dc,-31.77479,-60.467112,9,6481733,739862,20J,Reconocida,Timbó,36,170,https://five.epicollect.net/api/media/plan-de-arbolado-parana-2024-2028?type=photo&format=entry_original&name=3ff8c161-8d56-4d61-87b3-6f39331286dc_1776195845.jpg,,Si,Saludable ,,Saludable,,Vivero municipal,Alineación,No,Natural,
971fcce9-2ab4-4c31-9460-6f1019cb32b4,25961468-bd75-4fc3-857c-1aa55dc7ae92,2026-04-14T19:18:48.000Z,2026-04-14T20:03:05.000Z,25961468-bd75-4fc3-857c-1aa55dc7ae92,-31.774652,-60.466518,2,6481747,739919,20J,Reconocida,Espinillo,36,30,https://five.epicollect.net/api/media/plan-de-arbolado-parana-2024-2028?type=photo&format=entry_original&name=25961468-bd75-4fc3-857c-1aa55dc7ae92_1776194315.jpg,,Si,Saludable ,,Saludable,,Vivero municipal,Parques y/o plazas,No,Natural,
971fcce9-2ab4-4c31-9460-6f1019cb32b4,d0a3e364-b8c0-49b4-b95a-7cfbb7e3068d,2026-04-14T19:17:37.000Z,2026-04-14T20:03:03.000Z,d0a3e364-b8c0-49b4-b95a-7cfbb7e3068d,-31.77464,-60.46637,2,6481748,739933,20J,Reconocida,No identificada,36,30,https://five.epicollect.net/api/media/plan-de-arbolado-parana-2024-2028?type=photo&format=entry_original&name=d0a3e364-b8c0-49b4-b95a-7cfbb7e3068d_1776194246.jpg,,Si,No saludable,,No saludable,,Vivero municipal,Parques y/o plazas,No,Natural,
6c44dba9-c756-4ba7-8fa4-3aa84e71014d,844f0d4e-3409-4cb0-ae9d-57047531b8d2,2026-04-14T19:43:36.000Z,2026-04-14T20:03:03.000Z,844f0d4e-3409-4cb0-ae9d-57047531b8d2,-31.774796,-60.466977,9,6481732,739875,20J,Reconocida,Timbó,36,175,https://five.epicollect.net/api/media/plan-de-arbolado-parana-2024-2028?type=photo&format=entry_original&name=844f0d4e-3409-4cb0-ae9d-57047531b8d2_1776195807.jpg,,Si,Saludable ,,Saludable,,Vivero municipal,Alineación,No,Natural,
971fcce9-2ab4-4c31-9460-6f1019cb32b4,80d10760-d952-477a-9ebb-4a0c50616814,2026-04-14T19:16:20.000Z,2026-04-14T20:03:02.000Z,80d10760-d952-477a-9ebb-4a0c50616814,-31.774674,-60.466323,2,6481744,739937,20J,Reconocida,Timbó,36,200,https://five.epicollect.net/api/media/plan-de-arbolado-parana-2024-2028?type=photo&format=entry_original&name=80d10760-d952-477a-9ebb-4a0c50616814_1776194165.jpg,,Si,Saludable ,,Saludable,,Vivero municipal,Parques y/o plazas,No,Natural,
6c44dba9-c756-4ba7-8fa4-3aa84e71014d,b5cd1a0c-ff8f-4b9a-bfa8-5756973fc5de,2026-04-14T19:42:38.000Z,2026-04-14T20:03:01.000Z,b5cd1a0c-ff8f-4b9a-bfa8-5756973fc5de,-31.77481,-60.466891,9,6481731,739883,20J,Inexistente o Ausente,No identificada,36,0,https://five.epicollect.net/api/media/plan-de-arbolado-parana-2024-2028?type=photo&format=entry_original&name=b5cd1a0c-ff8f-4b9a-bfa8-5756973fc5de_1776195748.jpg,,No,No saludable,,No saludable,,Vivero municipal,Alineación,No,Natural,
971fcce9-2ab4-4c31-9460-6f1019cb32b4,5b08ec8b-76ee-4cad-a3d5-07cdcdd2238a,2026-04-14T19:15:15.000Z,2026-04-14T20:03:00.000Z,5b08ec8b-76ee-4cad-a3d5-07cdcdd2238a,-31.774648,-60.466184,2,6481747,739951,20J,Reconocida,Espinillo,36,50,https://five.epicollect.net/api/media/plan-de-arbolado-parana-2024-2028?type=photo&format=entry_original&name=5b08ec8b-76ee-4cad-a3d5-07cdcdd2238a_1776194098.jpg,,Si,Saludable ,,Saludable,,Vivero municipal,Parques y/o plazas,No,Natural,
6c44dba9-c756-4ba7-8fa4-3aa84e71014d,631ef6f8-7753-4f12-8bb8-500ed3ef2523,2026-04-14T19:41:40.000Z,2026-04-14T20:02:58.000Z,631ef6f8-7753-4f12-8bb8-500ed3ef2523,-31.774928,-60.466808,9,6481717,739891,20J,Reconocida,Jacaranda,36,250,https://five.epicollect.net/api/media/plan-de-arbolado-parana-2024-2028?type=photo&format=entry_original&name=631ef6f8-7753-4f12-8bb8-500ed3ef2523_1776195690.jpg,,Si,Saludable ,,Saludable,,Vivero municipal,Alineación,No,Natural,
971fcce9-2ab4-4c31-9460-6f1019cb32b4,430f7e73-2119-4c12-af07-be172afab52f,2026-04-14T19:14:11.000Z,2026-04-14T20:02:58.000Z,430f7e73-2119-4c12-af07-be172afab52f,-31.77471,-60.466048,2,6481740,739963,20J,Reconocida,No identificada,36,30,https://five.epicollect.net/api/media/plan-de-arbolado-parana-2024-2028?type=photo&format=entry_original&name=430f7e73-2119-4c12-af07-be172afab52f_1776194009.jpg,,Si,No saludable,,No saludable,,Vivero municipal,Parques y/o plazas,No,Natural,
971fcce9-2ab4-4c31-9460-6f1019cb32b4,c91f371f-e16e-478f-bbea-666c1fdbbc63,2026-04-14T19:12:27.000Z,2026-04-14T20:02:57.000Z,c91f371f-e16e-478f-bbea-666c1fdbbc63,-31.77481,-60.465925,2,6481728,739975,20J,Reconocida,Timbó,36,40,https://five.epicollect.net/api/media/plan-de-arbolado-parana-2024-2028?type=photo&format=entry_original&name=c91f371f-e16e-478f-bbea-666c1fdbbc63_1776193939.jpg,,Si,Saludable ,,Saludable,,Vivero municipal,Parques y/o plazas,No,Natural,
6c44dba9-c756-4ba7-8fa4-3aa84e71014d,c205100e-d3ce-49e0-9d72-d483705bbf57,2026-04-14T19:41:03.000Z,2026-04-14T20:02:56.000Z,c205100e-d3ce-49e0-9d72-d483705bbf57,-31.775018,-60.46682,9,6481707,739889,20J,Reconocida,Jacaranda,36,250,https://five.epicollect.net/api/media/plan-de-arbolado-parana-2024-2028?type=photo&format=entry_original&name=c205100e-d3ce-49e0-9d72-d483705bbf57_1776195636.jpg,Ahogado por enredadera,Si,Saludable ,,Saludable,,Vivero municipal,Alineación,No,Natural,
971fcce9-2ab4-4c31-9460-6f1019cb32b4,ea854a3b-2bf8-45ea-b285-a63223c7742c,2026-04-14T19:10:47.000Z,2026-04-14T20:02:55.000Z,ea854a3b-2bf8-45ea-b285-a63223c7742c,-31.774871,-60.466002,2,6481722,739967,20J,Reconocida,Jacaranda,36,80,https://five.epicollect.net/api/media/plan-de-arbolado-parana-2024-2028?type=photo&format=entry_original&name=ea854a3b-2bf8-45ea-b285-a63223c7742c_1776193837.jpg,,Si,Saludable ,,Saludable,,Vivero municipal,Parques y/o plazas,No,Natural,
6c44dba9-c756-4ba7-8fa4-3aa84e71014d,8fcf2481-002c-4e11-9c1f-e6a2c14ddc55,2026-04-14T19:40:11.000Z,2026-04-14T20:02:53.000Z,8fcf2481-002c-4e11-9c1f-e6a2c14ddc55,-31.775096,-60.466837,9,6481699,739888,20J,Reconocida,Jacaranda,36,250,https://five.epicollect.net/api/media/plan-de-arbolado-parana-2024-2028?type=photo&format=entry_original&name=8fcf2481-002c-4e11-9c1f-e6a2c14ddc55_1776195594.jpg,Buen estado,Si,Saludable ,,Saludable,,Vivero municipal,Alineación,No,Natural,
971fcce9-2ab4-4c31-9460-6f1019cb32b4,b1f0d1d2-f448-4160-9bd4-f8dafe50572f,2026-04-14T19:09:50.000Z,2026-04-14T20:02:53.000Z,b1f0d1d2-f448-4160-9bd4-f8dafe50572f,-31.774845,-60.466105,2,6481725,739958,20J,Reconocida,Jacaranda,36,0,https://five.epicollect.net/api/media/plan-de-arbolado-parana-2024-2028?type=photo&format=entry_original&name=b1f0d1d2-f448-4160-9bd4-f8dafe50572f_1776193773.jpg,,Si,No saludable,,No saludable,,Vivero municipal,Parques y/o plazas,No,Natural,
971fcce9-2ab4-4c31-9460-6f1019cb32b4,65633e2b-68ce-4e0c-8bb0-6c79b6335f14,2026-04-14T19:08:40.000Z,2026-04-14T20:02:51.000Z,65633e2b-68ce-4e0c-8bb0-6c79b6335f14,-31.774836,-60.46621,2,6481726,739948,20J,Reconocida,Jacaranda,36,0,https://five.epicollect.net/api/media/plan-de-arbolado-parana-2024-2028?type=photo&format=entry_original&name=65633e2b-68ce-4e0c-8bb0-6c79b6335f14_1776193679.jpg,,Si,No saludable,,No saludable,,Vivero municipal,Parques y/o plazas,No,Natural,
6c44dba9-c756-4ba7-8fa4-3aa84e71014d,e577b6f5-0368-4f38-a743-adc99cd250e9,2026-04-14T19:39:20.000Z,2026-04-14T20:02:51.000Z,e577b6f5-0368-4f38-a743-adc99cd250e9,-31.775177,-60.466841,9,6481690,739887,20J,Reconocida,Jacaranda,36,250,https://five.epicollect.net/api/media/plan-de-arbolado-parana-2024-2028?type=photo&format=entry_original&name=e577b6f5-0368-4f38-a743-adc99cd250e9_1776195541.jpg,Ahogado por enredadera,Si,Saludable ,,Saludable,,Vivero municipal,Alineación,No,Natural,
971fcce9-2ab4-4c31-9460-6f1019cb32b4,c65faea1-2d44-46c8-8190-4a86f40dc674,2026-04-14T19:07:30.000Z,2026-04-14T20:02:50.000Z,c65faea1-2d44-46c8-8190-4a86f40dc674,-31.774828,-60.466339,2,6481727,739935,20J,Reconocida,Jacaranda,36,250,https://five.epicollect.net/api/media/plan-de-arbolado-parana-2024-2028?type=photo&format=entry_original&name=c65faea1-2d44-46c8-8190-4a86f40dc674_1776193640.jpg,,Si,Saludable ,,Saludable,,Vivero municipal,Parques y/o plazas,No,Natural,
6c44dba9-c756-4ba7-8fa4-3aa84e71014d,8d0d26a8-d4f8-4e99-86aa-6e2064c246a7,2026-04-14T19:38:05.000Z,2026-04-14T20:02:48.000Z,8d0d26a8-d4f8-4e99-86aa-6e2064c246a7,-31.775304,-60.466879,9,6481676,739883,20J,Reconocida,Jacaranda,36,250,https://five.epicollect.net/api/media/plan-de-arbolado-parana-2024-2028?type=photo&format=entry_original&name=8d0d26a8-d4f8-4e99-86aa-6e2064c246a7_1776195474.jpg,Buen estado,Si,Saludable ,,Saludable,,Vivero municipal,Alineación,No,Natural,
971fcce9-2ab4-4c31-9460-6f1019cb32b4,d8ecf5fd-4f99-4d33-9c26-6ff74b1a7101,2026-04-14T19:06:50.000Z,2026-04-14T20:02:48.000Z,d8ecf5fd-4f99-4d33-9c26-6ff74b1a7101,-31.774796,-60.466455,2,6481731,739925,20J,Reconocida,Jacaranda,36,300,https://five.epicollect.net/api/media/plan-de-arbolado-parana-2024-2028?type=photo&format=entry_original&name=d8ecf5fd-4f99-4d33-9c26-6ff74b1a7101_1776193597.jpg,,Si,Saludable ,,Saludable,,Vivero municipal,Parques y/o plazas,No,Natural,
971fcce9-2ab4-4c31-9460-6f1019cb32b4,65bbaab2-440e-4c8f-aba2-f76171d97353,2026-04-14T19:06:04.000Z,2026-04-14T20:02:46.000Z,65bbaab2-440e-4c8f-aba2-f76171d97353,-31.774772,-60.466582,2,6481734,739913,20J,Reconocida,Jacaranda,36,200,https://five.epicollect.net/api/media/plan-de-arbolado-parana-2024-2028?type=photo&format=entry_original&name=65bbaab2-440e-4c8f-aba2-f76171d97353_1776193554.jpg,,Si,Saludable ,,Saludable,,Vivero municipal,Parques y/o plazas,No,Natural,
6c44dba9-c756-4ba7-8fa4-3aa84e71014d,fcc5fb53-0c8d-47a8-9100-c467e4b033c7,2026-04-14T19:37:27.000Z,2026-04-14T20:02:46.000Z,fcc5fb53-0c8d-47a8-9100-c467e4b033c7,-31.775352,-60.466882,9,6481670,739883,20J,Reconocida,Jacaranda,36,250,https://five.epicollect.net/api/media/plan-de-arbolado-parana-2024-2028?type=photo&format=entry_original&name=fcc5fb53-0c8d-47a8-9100-c467e4b033c7_1776195435.jpg,Buen estado,Si,Saludable ,,Saludable,,Vivero municipal,Alineación,No,Natural,
971fcce9-2ab4-4c31-9460-6f1019cb32b4,75d52c5a-72ba-47c3-a8f9-dcb5da1be7df,2026-04-14T19:05:14.000Z,2026-04-14T20:02:44.000Z,75d52c5a-72ba-47c3-a8f9-dcb5da1be7df,-31.77468,-60.466663,2,6481744,739905,20J,Reconocida,Jacaranda,36,300,https://five.epicollect.net/api/media/plan-de-arbolado-parana-2024-2028?type=photo&format=entry_original&name=75d52c5a-72ba-47c3-a8f9-dcb5da1be7df_1776193504.jpg,,Si,Saludable ,,Saludable,,Vivero municipal,Parques y/o plazas,No,Natural,
6c44dba9-c756-4ba7-8fa4-3aa84e71014d,b053caa5-26a0-4a24-a7a8-aad1483da6bd,2026-04-14T19:36:42.000Z,2026-04-14T20:02:44.000Z,b053caa5-26a0-4a24-a7a8-aad1483da6bd,-31.775499,-60.466908,9,6481654,739880,20J,Reconocida,Jacaranda,36,250,https://five.epicollect.net/api/media/plan-de-arbolado-parana-2024-2028?type=photo&format=entry_original&name=b053caa5-26a0-4a24-a7a8-aad1483da6bd_1776195393.jpg,,Si,Saludable ,,Saludable,,Vivero municipal,Alineación,No,Natural,
971fcce9-2ab4-4c31-9460-6f1019cb32b4,ac9ea078-a8e0-4806-bf1e-2837c4ecac7a,2026-04-14T19:04:34.000Z,2026-04-14T20:02:43.000Z,ac9ea078-a8e0-4806-bf1e-2837c4ecac7a,-31.774607,-60.466655,2,6481753,739906,20J,Reconocida,Jacaranda,36,300,https://five.epicollect.net/api/media/plan-de-arbolado-parana-2024-2028?type=photo&format=entry_original&name=ac9ea078-a8e0-4806-bf1e-2837c4ecac7a_1776193465.jpg,,Si,Saludable ,,Saludable,,Vivero municipal,Parques y/o plazas,No,Natural,
6c44dba9-c756-4ba7-8fa4-3aa84e71014d,4ff2c66c-f8ed-4467-8a0a-f0679306de8a,2026-04-14T19:36:08.000Z,2026-04-14T20:02:41.000Z,4ff2c66c-f8ed-4467-8a0a-f0679306de8a,-31.775576,-60.466911,9,6481646,739879,20J,Reconocida,Jacaranda,36,250,https://five.epicollect.net/api/media/plan-de-arbolado-parana-2024-2028?type=photo&format=entry_original&name=4ff2c66c-f8ed-4467-8a0a-f0679306de8a_1776195356.jpg,Buen estado,Si,Saludable ,,Saludable,,Vivero municipal,Alineación,No,Natural,
6c44dba9-c756-4ba7-8fa4-3aa84e71014d,fe12f47d-0c79-4083-b9c1-639cc5458b16,2026-04-14T19:35:20.000Z,2026-04-14T20:02:38.000Z,fe12f47d-0c79-4083-b9c1-639cc5458b16,-31.775731,-60.466811,9,6481628,739888,20J,No reconocible,No identificada,36,200,https://five.epicollect.net/api/media/plan-de-arbolado-parana-2024-2028?type=photo&format=entry_original&name=fe12f47d-0c79-4083-b9c1-639cc5458b16_1776195310.jpg,,Si,No saludable,,No saludable,,Vivero municipal,Alineación,No,Natural,
6c44dba9-c756-4ba7-8fa4-3aa84e71014d,52586e91-a6bd-4dd0-9ca3-3b62ea046f45,2026-04-14T19:34:19.000Z,2026-04-14T20:02:36.000Z,52586e91-a6bd-4dd0-9ca3-3b62ea046f45,-31.77577,-60.46655,9,6481623,739913,20J,Reconocida,Lapacho,36,200,https://five.epicollect.net/api/media/plan-de-arbolado-parana-2024-2028?type=photo&format=entry_original&name=52586e91-a6bd-4dd0-9ca3-3b62ea046f45_1776195240.jpg,Buen estado,Si,Saludable ,,Saludable,,Vivero municipal,Alineación,No,Natural,
6c44dba9-c756-4ba7-8fa4-3aa84e71014d,cd79a067-51f4-49a0-b3d0-e686befe63c9,2026-04-14T19:33:18.000Z,2026-04-14T20:02:34.000Z,cd79a067-51f4-49a0-b3d0-e686befe63c9,-31.77582,-60.466302,9,6481617,739936,20J,No reconocible,No identificada,36,200,https://five.epicollect.net/api/media/plan-de-arbolado-parana-2024-2028?type=photo&format=entry_original&name=cd79a067-51f4-49a0-b3d0-e686befe63c9_1776195176.jpg,,Si,No saludable,,No saludable,,Vivero municipal,Alineación,No,Natural,
6c44dba9-c756-4ba7-8fa4-3aa84e71014d,1968b2ac-6e62-4250-94f5-2dee83b4caec,2026-04-14T19:31:30.000Z,2026-04-14T20:02:31.000Z,1968b2ac-6e62-4250-94f5-2dee83b4caec,-31.775673,-60.466042,10,6481633,739961,20J,Reconocida,No identificada,36,250,https://five.epicollect.net/api/media/plan-de-arbolado-parana-2024-2028?type=photo&format=entry_original&name=1968b2ac-6e62-4250-94f5-2dee83b4caec_1776195074.jpg,Buen estado,Si,Saludable ,,Saludable,,Vivero municipal,Alineación,No,Natural,
6c44dba9-c756-4ba7-8fa4-3aa84e71014d,ab90d1fe-f3dd-4529-b718-33f544a467c0,2026-04-14T19:28:54.000Z,2026-04-14T20:02:29.000Z,ab90d1fe-f3dd-4529-b718-33f544a467c0,-31.774925,-60.466024,9,6481716,739965,20J,Reconocida,Jacaranda,36,20,https://five.epicollect.net/api/media/plan-de-arbolado-parana-2024-2028?type=photo&format=entry_original&name=ab90d1fe-f3dd-4529-b718-33f544a467c0_1776194911.jpg,Quebrado,Si,No saludable,,No saludable,,Vivero municipal,Alineación,No,Natural,
6c44dba9-c756-4ba7-8fa4-3aa84e71014d,ed25bbbb-20d4-42bc-8dd6-0be598bf1737,2026-04-14T19:28:08.000Z,2026-04-14T20:02:26.000Z,ed25bbbb-20d4-42bc-8dd6-0be598bf1737,-31.774928,-60.466121,10,6481716,739956,20J,Reconocida,Jacaranda,36,250,https://five.epicollect.net/api/media/plan-de-arbolado-parana-2024-2028?type=photo&format=entry_original&name=ed25bbbb-20d4-42bc-8dd6-0be598bf1737_1776194874.jpg,Buen estado,Si,Saludable ,,Saludable,,Vivero municipal,Alineación,No,Natural,
6c44dba9-c756-4ba7-8fa4-3aa84e71014d,d7858034-4aa5-4572-af3d-50465b4db552,2026-04-14T19:27:33.000Z,2026-04-14T20:02:24.000Z,d7858034-4aa5-4572-af3d-50465b4db552,-31.774913,-60.466249,9,6481718,739944,20J,Reconocida,Jacaranda,36,250,https://five.epicollect.net/api/media/plan-de-arbolado-parana-2024-2028?type=photo&format=entry_original&name=d7858034-4aa5-4572-af3d-50465b4db552_1776194838.jpg,Buen estado,Si,Saludable ,,Saludable,,Vivero municipal,Alineación,No,Natural,
6c44dba9-c756-4ba7-8fa4-3aa84e71014d,428a37b3-1eb9-4729-ac91-98327d0e2858,2026-04-14T19:26:58.000Z,2026-04-14T20:02:21.000Z,428a37b3-1eb9-4729-ac91-98327d0e2858,-31.774892,-60.466355,9,6481720,739934,20J,Reconocida,Jacaranda,36,250,https://five.epicollect.net/api/media/plan-de-arbolado-parana-2024-2028?type=photo&format=entry_original&name=428a37b3-1eb9-4729-ac91-98327d0e2858_1776194802.jpg,Buen estado,Si,Saludable ,,Saludable,,Vivero municipal,Alineación,No,Natural,
6c44dba9-c756-4ba7-8fa4-3aa84e71014d,4e6e2d36-f990-4a2f-a5f2-d34dd77404db,2026-04-14T19:26:17.000Z,2026-04-14T20:02:19.000Z,4e6e2d36-f990-4a2f-a5f2-d34dd77404db,-31.774871,-60.466475,10,6481723,739922,20J,Reconocida,Jacaranda,36,250,https://five.epicollect.net/api/media/plan-de-arbolado-parana-2024-2028?type=photo&format=entry_original&name=4e6e2d36-f990-4a2f-a5f2-d34dd77404db_1776194760.jpg,Buen estado,Si,Saludable ,,Saludable,,Vivero municipal,Alineación,No,Natural,
6c44dba9-c756-4ba7-8fa4-3aa84e71014d,245adb6d-23e5-4deb-82e1-cc5a3da25a6d,2026-04-14T19:25:33.000Z,2026-04-14T20:02:16.000Z,245adb6d-23e5-4deb-82e1-cc5a3da25a6d,-31.774852,-60.466529,13,6481725,739917,20J,Reconocida,Jacaranda,36,250,https://five.epicollect.net/api/media/plan-de-arbolado-parana-2024-2028?type=photo&format=entry_original&name=245adb6d-23e5-4deb-82e1-cc5a3da25a6d_1776194715.jpg,Buen estado,Si,Saludable ,,Saludable,,Vivero municipal,Alineación,No,Natural,
6c44dba9-c756-4ba7-8fa4-3aa84e71014d,bce9de94-19f9-4bf8-ae90-3a1094724cdf,2026-04-14T19:24:18.000Z,2026-04-14T20:02:14.000Z,bce9de94-19f9-4bf8-ae90-3a1094724cdf,-31.774777,-60.465963,10,6481732,739971,20J,Reconocida,Espinillo,36,100,https://five.epicollect.net/api/media/plan-de-arbolado-parana-2024-2028?type=photo&format=entry_original&name=bce9de94-19f9-4bf8-ae90-3a1094724cdf_1776194643.jpg,Buen estado,Si,Saludable ,,Saludable,,Vivero municipal,Parques y/o plazas,No,Natural,
6c44dba9-c756-4ba7-8fa4-3aa84e71014d,6b44534e-7c1b-43ad-a6b7-7dfbf8e12fc7,2026-04-14T19:23:30.000Z,2026-04-15T12:03:57.000Z,6b44534e-7c1b-43ad-a6b7-7dfbf8e12fc7,-31.774733,-60.465974,10,6481737,739970,20J,Reconocida,Tala ,36,50,https://five.epicollect.net/api/media/plan-de-arbolado-parana-2024-2028?type=photo&format=entry_original&name=6b44534e-7c1b-43ad-a6b7-7dfbf8e12fc7_1776194598.jpg,Buen estado,Si,Saludable ,,Saludable,,Vivero municipal,Parques y/o plazas,No,Natural,
6c44dba9-c756-4ba7-8fa4-3aa84e71014d,f7a781f9-dab3-459f-884a-b7466c7bba2b,2026-04-14T19:22:20.000Z,2026-04-14T20:02:09.000Z,f7a781f9-dab3-459f-884a-b7466c7bba2b,-31.774687,-60.466301,10,6481743,739939,20J,Reconocida,Algarrobos,36,150,https://five.epicollect.net/api/media/plan-de-arbolado-parana-2024-2028?type=photo&format=entry_original&name=f7a781f9-dab3-459f-884a-b7466c7bba2b_1776194523.jpg,Buen estado,Si,Saludable ,,Saludable,,Vivero municipal,Parques y/o plazas,No,Natural,
813bcb34-ac3c-4a71-9ec5-d2dfa06b770a,3362a971-e6aa-44ff-84c3-f8fde18f4b89,2026-03-04T12:20:10.000Z,2026-03-05T17:47:14.000Z,3362a971-e6aa-44ff-84c3-f8fde18f4b89,-31.75983,-60.4553,2,6483366,741020,20J,Reconocida,Tipa,36,100,https://five.epicollect.net/api/media/plan-de-arbolado-parana-2024-2028?type=photo&format=entry_original&name=3362a971-e6aa-44ff-84c3-f8fde18f4b89_1772626799.jpg,,Si,Saludable ,,,,Vivero municipal,Parques y/o plazas,No,Natural,
813bcb34-ac3c-4a71-9ec5-d2dfa06b770a,7c27d247-1999-4624-b66e-756a162de5f8,2026-03-04T12:18:21.000Z,2026-03-05T17:47:13.000Z,7c27d247-1999-4624-b66e-756a162de5f8,-31.759708,-60.455477,2,6483380,741004,20J,Reconocida,Azota Caballos,36,160,https://five.epicollect.net/api/media/plan-de-arbolado-parana-2024-2028?type=photo&format=entry_original&name=7c27d247-1999-4624-b66e-756a162de5f8_1772626678.jpg,,Si,Saludable ,,,,Vivero municipal,Parques y/o plazas,No,Natural,
813bcb34-ac3c-4a71-9ec5-d2dfa06b770a,89a510d2-c0bd-4e0c-b540-14175b9c0bcd,2026-03-04T12:16:19.000Z,2026-03-05T17:47:11.000Z,89a510d2-c0bd-4e0c-b540-14175b9c0bcd,-31.759694,-60.455613,1,6483382,740991,20J,Reconocida,Palo Jabón,36,100,https://five.epicollect.net/api/media/plan-de-arbolado-parana-2024-2028?type=photo&format=entry_original&name=89a510d2-c0bd-4e0c-b540-14175b9c0bcd_1772626541.jpg,Hormigas,Si,No saludable,,No saludable,,Vivero municipal,Parques y/o plazas,No,Natural,
a5d8cf36-78d9-441a-bb08-03f207eef42e,9b93788c-565c-4998-86a9-f2a3b5e04608,2026-03-03T14:41:54.000Z,2026-03-03T17:49:03.000Z,9b93788c-565c-4998-86a9-f2a3b5e04608,-31.756715,-60.468945,2,6483742,739735,20J,Reconocida,Azota Caballos,36,160,https://five.epicollect.net/api/media/plan-de-arbolado-parana-2024-2028?type=photo&format=entry_original&name=9b93788c-565c-4998-86a9-f2a3b5e04608_1772548898.jpg,,Si,Saludable ,,Saludable,,Vivero municipal,Parques y/o plazas,No,Natural,
56bf00a4-c3c8-47a2-afff-228c782670c4,7187b725-c96e-4ffd-9670-706a2ac1e777,2026-02-12T19:17:43.000Z,2026-02-12T19:39:38.000Z,7187b725-c96e-4ffd-9670-706a2ac1e777,-31.728855,-60.548109,5,6487003,732305,20J,Reconocida,Lapacho,36,250,https://five.epicollect.net/api/media/plan-de-arbolado-parana-2024-2028?type=photo&format=entry_original&name=7187b725-c96e-4ffd-9670-706a2ac1e777_1770923856.jpg,,Si,Saludable ,,Saludable,,Vivero municipal,Parques y/o plazas,No,Natural,
56bf00a4-c3c8-47a2-afff-228c782670c4,b8b66363-8205-44fe-a25e-e1acce771be9,2026-02-12T19:16:39.000Z,2026-02-12T19:39:36.000Z,b8b66363-8205-44fe-a25e-e1acce771be9,-31.728869,-60.548237,3,6487001,732292,20J,Reconocida,Lapacho,36,250,https://five.epicollect.net/api/media/plan-de-arbolado-parana-2024-2028?type=photo&format=entry_original&name=b8b66363-8205-44fe-a25e-e1acce771be9_1770923787.jpg,,Si,Saludable ,,Saludable,,Vivero municipal,Parques y/o plazas,No,Natural,
56bf00a4-c3c8-47a2-afff-228c782670c4,b72288bb-4544-44fd-9169-84332cf5d423,2026-02-12T19:15:41.000Z,2026-02-12T19:39:34.000Z,b72288bb-4544-44fd-9169-84332cf5d423,-31.728852,-60.548165,5,6487003,732299,20J,Reconocida,Fresno,36,210,https://five.epicollect.net/api/media/plan-de-arbolado-parana-2024-2028?type=photo&format=entry_original&name=b72288bb-4544-44fd-9169-84332cf5d423_1770923732.jpg,,Si,Saludable ,,Saludable,,Vivero municipal,Parques y/o plazas,No,Natural,
56bf00a4-c3c8-47a2-afff-228c782670c4,ddf693bf-91e0-4664-b53c-1cee10d97f17,2026-02-12T19:15:01.000Z,2026-02-12T19:39:32.000Z,ddf693bf-91e0-4664-b53c-1cee10d97f17,-31.728899,-60.548197,5,6486998,732296,20J,Reconocida,Lapacho,36,250,https://five.epicollect.net/api/media/plan-de-arbolado-parana-2024-2028?type=photo&format=entry_original&name=ddf693bf-91e0-4664-b53c-1cee10d97f17_1770923691.jpg,,Si,Saludable ,,Saludable,,Vivero municipal,Parques y/o plazas,No,Natural,
56bf00a4-c3c8-47a2-afff-228c782670c4,c70c455b-2bab-434d-a9ee-e66a33972886,2026-02-12T19:14:09.000Z,2026-02-13T12:27:56.000Z,c70c455b-2bab-434d-a9ee-e66a33972886,-31.728902,-60.548067,5,6486997,732308,20J,Reconocida,Lapacho,36,250,https://five.epicollect.net/api/media/plan-de-arbolado-parana-2024-2028?type=photo&format=entry_original&name=c70c455b-2bab-434d-a9ee-e66a33972886_1770923629.jpg,Tallo lacerado con motoguadaña,Si,Saludable ,,Saludable,,Vivero municipal,Parques y/o plazas,No,Natural,
56bf00a4-c3c8-47a2-afff-228c782670c4,f809be0a-5f48-4e56-ba71-4da232ea1d5e,2026-02-12T19:13:21.000Z,2026-02-12T19:39:28.000Z,f809be0a-5f48-4e56-ba71-4da232ea1d5e,-31.728888,-60.548034,4,6486999,732312,20J,Reconocida,Lapacho,36,300,https://five.epicollect.net/api/media/plan-de-arbolado-parana-2024-2028?type=photo&format=entry_original&name=f809be0a-5f48-4e56-ba71-4da232ea1d5e_1770923586.jpg,,Si,Saludable ,,Saludable,,Vivero municipal,Parques y/o plazas,No,Natural,
56bf00a4-c3c8-47a2-afff-228c782670c4,49a2efbb-8760-4759-81d9-de77a1b9cdea,2026-02-12T19:12:33.000Z,2026-02-12T19:39:26.000Z,49a2efbb-8760-4759-81d9-de77a1b9cdea,-31.728973,-60.547877,8,6486989,732326,20J,Reconocida,Lapacho,36,250,https://five.epicollect.net/api/media/plan-de-arbolado-parana-2024-2028?type=photo&format=entry_original&name=49a2efbb-8760-4759-81d9-de77a1b9cdea_1770923536.jpg,,Si,Saludable ,,Saludable,,Vivero municipal,Parques y/o plazas,No,Natural,
56bf00a4-c3c8-47a2-afff-228c782670c4,95e429f8-6ddf-4158-a1dc-68837326bc00,2026-02-12T19:02:29.000Z,2026-02-12T19:39:24.000Z,95e429f8-6ddf-4158-a1dc-68837326bc00,-31.729732,-60.547513,5,6486904,732359,20J,Reconocida,Timbó,36,170,https://five.epicollect.net/api/media/plan-de-arbolado-parana-2024-2028?type=photo&format=entry_original&name=95e429f8-6ddf-4158-a1dc-68837326bc00_1770922930.jpg,Sin caño protector para motoguadaña,Si,Saludable ,,Saludable,,Vivero municipal,Parques y/o plazas,No,Natural,
56bf00a4-c3c8-47a2-afff-228c782670c4,7b399115-38d4-4472-8987-dec1187823d2,2026-02-12T19:00:58.000Z,2026-02-13T13:04:40.000Z,7b399115-38d4-4472-8987-dec1187823d2,-31.729773,-60.54743,3,6486899,732367,20J,Reconocida,Guarán,36,100,https://five.epicollect.net/api/media/plan-de-arbolado-parana-2024-2028?type=photo&format=entry_original&name=7b399115-38d4-4472-8987-dec1187823d2_1770922834.jpg,Sin caño protector para motoguadaña,Si,Saludable ,,Saludable,,Vivero municipal,Parques y/o plazas,No,Natural,
56bf00a4-c3c8-47a2-afff-228c782670c4,ebf6149a-c5f4-4b47-9377-cbbbca34861a,2026-02-12T19:00:02.000Z,2026-02-12T19:39:20.000Z,ebf6149a-c5f4-4b47-9377-cbbbca34861a,-31.729771,-60.547443,3,6486900,732365,20J,Reconocida,Lapacho,36,250,https://five.epicollect.net/api/media/plan-de-arbolado-parana-2024-2028?type=photo&format=entry_original&name=ebf6149a-c5f4-4b47-9377-cbbbca34861a_1770922781.jpg,Sin caño protector para motoguadaña,Si,Saludable ,,Saludable,,Vivero municipal,Parques y/o plazas,No,Natural,
56bf00a4-c3c8-47a2-afff-228c782670c4,bc92ab01-c0b8-4911-a25b-3d3a092212d0,2026-02-12T18:58:50.000Z,2026-02-13T13:05:35.000Z,bc92ab01-c0b8-4911-a25b-3d3a092212d0,-31.729796,-60.54743,3,6486897,732367,20J,Reconocida,Guarán,36,150,https://five.epicollect.net/api/media/plan-de-arbolado-parana-2024-2028?type=photo&format=entry_original&name=bc92ab01-c0b8-4911-a25b-3d3a092212d0_1770922689.jpg,Sin caño protector ara motoguadaña,Si,Saludable ,,Saludable,,Vivero municipal,Parques y/o plazas,No,Natural,
56bf00a4-c3c8-47a2-afff-228c782670c4,c4e2e4c1-1775-4128-9e1f-dfa58c50685f,2026-02-12T18:57:28.000Z,2026-02-13T13:06:15.000Z,c4e2e4c1-1775-4128-9e1f-dfa58c50685f,-31.729824,-60.54741,3,6486894,732368,20J,Reconocida,Guarán,36,50,https://five.epicollect.net/api/media/plan-de-arbolado-parana-2024-2028?type=photo&format=entry_original&name=c4e2e4c1-1775-4128-9e1f-dfa58c50685f_1770922619.jpg,,Si,Saludable ,,Saludable,,Vivero municipal,Parques y/o plazas,No,Natural,
56bf00a4-c3c8-47a2-afff-228c782670c4,d652c250-5789-490c-871f-fee32c79d06d,2026-02-12T18:56:31.000Z,2026-02-12T19:39:14.000Z,d652c250-5789-490c-871f-fee32c79d06d,-31.729844,-60.547404,3,6486891,732369,20J,Reconocida,Lapacho,36,150,https://five.epicollect.net/api/media/plan-de-arbolado-parana-2024-2028?type=photo&format=entry_original&name=d652c250-5789-490c-871f-fee32c79d06d_1770922541.jpg,Sin protector de hormigas ni caño protector para motoguaña,Si,Saludable ,,Saludable,,Vivero municipal,Parques y/o plazas,No,Natural,
56bf00a4-c3c8-47a2-afff-228c782670c4,e50a7a98-98a9-4d1c-92f9-77b3c2c4ebc8,2026-02-12T18:54:36.000Z,2026-02-12T19:39:12.000Z,e50a7a98-98a9-4d1c-92f9-77b3c2c4ebc8,-31.729901,-60.547353,3,6486885,732374,20J,Inexistente o Ausente,No identificada,36,0,https://five.epicollect.net/api/media/plan-de-arbolado-parana-2024-2028?type=photo&format=entry_original&name=e50a7a98-98a9-4d1c-92f9-77b3c2c4ebc8_1770922450.jpg,No hay arbol,Si,No saludable,,No saludable,,Vivero municipal,Parques y/o plazas,No,Natural,
56bf00a4-c3c8-47a2-afff-228c782670c4,99d65be5-85fe-4a6e-9b9e-a1ff408d11dc,2026-02-12T18:51:49.000Z,2026-02-13T12:35:32.000Z,99d65be5-85fe-4a6e-9b9e-a1ff408d11dc,-31.729924,-60.547356,3,6486882,732373,20J,Reconocida,Timbó,36,50,https://five.epicollect.net/api/media/plan-de-arbolado-parana-2024-2028?type=photo&format=entry_original&name=99d65be5-85fe-4a6e-9b9e-a1ff408d11dc_1770922292.jpg,,Si,Saludable ,,No saludable,Lacerado,Vivero municipal,Parques y/o plazas,No,Natural,
56bf00a4-c3c8-47a2-afff-228c782670c4,199a3752-7701-45c5-9938-b9693b8a98e3,2026-02-12T18:50:39.000Z,2026-02-13T12:35:00.000Z,199a3752-7701-45c5-9938-b9693b8a98e3,-31.729924,-60.547325,17,6486882,732376,20J,Reconocida,Lapacho,36,200,,Lacerado de gravedad. Posiblemente herida colonizada x hongo. Es posible que no sobreviva,Si,No saludable,Hojas secas,No saludable,Lacerado con motoguadaña,Vivero municipal,Parques y/o plazas,No,Natural,
56bf00a4-c3c8-47a2-afff-228c782670c4,b4ea80b3-d225-4292-8b6a-d397821252c4,2026-02-12T18:48:07.000Z,2026-02-12T19:39:06.000Z,b4ea80b3-d225-4292-8b6a-d397821252c4,-31.729924,-60.547314,3,6486882,732377,20J,Reconocida,Tipa,36,50,https://five.epicollect.net/api/media/plan-de-arbolado-parana-2024-2028?type=photo&format=entry_original&name=b4ea80b3-d225-4292-8b6a-d397821252c4_1770922050.jpg,Falta caño protector para motoguadaña,Si,Saludable ,,Saludable,,Vivero municipal,Parques y/o plazas,No,Natural,
56bf00a4-c3c8-47a2-afff-228c782670c4,21372ddf-dcc3-44a4-9a10-369a5d8f5551,2026-02-12T18:46:49.000Z,2026-02-12T19:39:04.000Z,21372ddf-dcc3-44a4-9a10-369a5d8f5551,-31.729974,-60.547313,3,6486877,732377,20J,Reconocida,Lapacho,36,210,https://five.epicollect.net/api/media/plan-de-arbolado-parana-2024-2028?type=photo&format=entry_original&name=21372ddf-dcc3-44a4-9a10-369a5d8f5551_1770921989.jpg,Sin caño protector para motoguaña,Si,Saludable ,,Saludable,,Vivero municipal,Parques y/o plazas,No,Natural,
56bf00a4-c3c8-47a2-afff-228c782670c4,dc2e69ce-b077-4532-bde4-e126e0fa8177,2026-02-12T18:46:00.000Z,2026-02-13T12:34:10.000Z,dc2e69ce-b077-4532-bde4-e126e0fa8177,-31.72997,-60.5473,3,6486877,732378,20J,Reconocida,Timbó,36,60,https://five.epicollect.net/api/media/plan-de-arbolado-parana-2024-2028?type=photo&format=entry_original&name=dc2e69ce-b077-4532-bde4-e126e0fa8177_1770921932.jpg,Sin caño protector para motoguaña,Si,Saludable ,,No saludable,Lacerado,Vivero municipal,Parques y/o plazas,No,Natural,
56bf00a4-c3c8-47a2-afff-228c782670c4,c9d28456-5817-43c8-876d-c1c3adf9a6d5,2026-02-12T18:45:02.000Z,2026-02-12T19:38:59.000Z,c9d28456-5817-43c8-876d-c1c3adf9a6d5,-31.729986,-60.54725,4,6486875,732383,20J,Reconocida,Timbó,36,130,https://five.epicollect.net/api/media/plan-de-arbolado-parana-2024-2028?type=photo&format=entry_original&name=c9d28456-5817-43c8-876d-c1c3adf9a6d5_1770921871.jpg,"Sin tutor, sin caño protector para motoguaña",No,Saludable ,,Saludable,,Vivero municipal,Parques y/o plazas,No,Natural,
56bf00a4-c3c8-47a2-afff-228c782670c4,28bde92f-e37d-4e78-bb2c-849a7acfeef9,2026-02-12T18:43:45.000Z,2026-02-12T19:38:57.000Z,28bde92f-e37d-4e78-bb2c-849a7acfeef9,-31.729986,-60.547272,6,6486875,732381,20J,Reconocida,Lapacho,36,250,https://five.epicollect.net/api/media/plan-de-arbolado-parana-2024-2028?type=photo&format=entry_original&name=28bde92f-e37d-4e78-bb2c-849a7acfeef9_1770921800.jpg,Sin caño protector para motoguadaña,Si,Saludable ,,Saludable,,Vivero municipal,Parques y/o plazas,No,Natural,
56bf00a4-c3c8-47a2-afff-228c782670c4,0be1b881-b079-4a80-94e3-d2637a48b800,2026-02-12T18:42:46.000Z,2026-02-12T19:38:55.000Z,0be1b881-b079-4a80-94e3-d2637a48b800,-31.730025,-60.547267,5,6486871,732381,20J,Reconocida,Lapacho,36,210,https://five.epicollect.net/api/media/plan-de-arbolado-parana-2024-2028?type=photo&format=entry_original&name=0be1b881-b079-4a80-94e3-d2637a48b800_1770921730.jpg,Sin caño protector para motoguadaña,Si,Saludable ,,Saludable,,Vivero municipal,Parques y/o plazas,No,Natural,
56bf00a4-c3c8-47a2-afff-228c782670c4,c7db373e-aac7-4b87-ad80-501536d19e9f,2026-02-12T18:41:15.000Z,2026-02-13T13:07:24.000Z,c7db373e-aac7-4b87-ad80-501536d19e9f,-31.73027,-60.547038,4,6486843,732403,20J,Reconocida,Guarán,36,150,https://five.epicollect.net/api/media/plan-de-arbolado-parana-2024-2028?type=photo&format=entry_original&name=c7db373e-aac7-4b87-ad80-501536d19e9f_1770921652.jpg,Sin protección para hormigas,Si,Saludable ,,Saludable,,Vivero municipal,Parques y/o plazas,No,Natural,
56bf00a4-c3c8-47a2-afff-228c782670c4,0d839899-a3d4-4b42-8844-bad5b6a51de0,2026-02-12T18:39:58.000Z,2026-02-13T13:10:12.000Z,0d839899-a3d4-4b42-8844-bad5b6a51de0,-31.730048,-60.547236,4,6486868,732384,20J,Reconocida,Guarán,36,50,https://five.epicollect.net/api/media/plan-de-arbolado-parana-2024-2028?type=photo&format=entry_original&name=0d839899-a3d4-4b42-8844-bad5b6a51de0_1770921548.jpg,Sin protector para hormigas ni caño protector para motoguadaña,Si,Saludable ,,Saludable,,Vivero municipal,Parques y/o plazas,No,Natural,
56bf00a4-c3c8-47a2-afff-228c782670c4,2ef6e500-60ce-4dc0-92a2-c92074edf0e8,2026-02-12T18:35:17.000Z,2026-02-12T19:38:49.000Z,2ef6e500-60ce-4dc0-92a2-c92074edf0e8,-31.730062,-60.5472,4,6486867,732388,20J,Reconocida,Palo Borracho,36,170,https://five.epicollect.net/api/media/plan-de-arbolado-parana-2024-2028?type=photo&format=entry_original&name=2ef6e500-60ce-4dc0-92a2-c92074edf0e8_1770921291.jpg,Sin caño protector para motoguadaña,Si,Saludable ,,Saludable,,Vivero municipal,Parques y/o plazas,No,Natural,
56bf00a4-c3c8-47a2-afff-228c782670c4,c97843b2-c23c-4a7b-bc73-60e89008415a,2026-02-12T18:34:18.000Z,2026-02-12T19:38:47.000Z,c97843b2-c23c-4a7b-bc73-60e89008415a,-31.730093,-60.547152,5,6486863,732392,20J,Reconocida,Timbó,36,175,https://five.epicollect.net/api/media/plan-de-arbolado-parana-2024-2028?type=photo&format=entry_original&name=c97843b2-c23c-4a7b-bc73-60e89008415a_1770921241.jpg,,Si,Saludable ,,Saludable,,Vivero municipal,Parques y/o plazas,No,Natural,
56bf00a4-c3c8-47a2-afff-228c782670c4,793fdac0-4c74-4a4f-8f32-62a6be1c7cfa,2026-02-12T18:33:30.000Z,2026-02-12T19:38:45.000Z,793fdac0-4c74-4a4f-8f32-62a6be1c7cfa,-31.730083,-60.547138,5,6486864,732394,20J,Reconocida,Lapacho,36,200,https://five.epicollect.net/api/media/plan-de-arbolado-parana-2024-2028?type=photo&format=entry_original&name=793fdac0-4c74-4a4f-8f32-62a6be1c7cfa_1770921181.jpg,Sin protección de hormigas ni caño protector para motoguadaña,Si,Saludable ,,Saludable,,Vivero municipal,Parques y/o plazas,No,Natural,
56bf00a4-c3c8-47a2-afff-228c782670c4,15a94901-b563-4e65-ba37-2437f05fdb06,2026-02-12T18:32:18.000Z,2026-02-12T19:38:43.000Z,15a94901-b563-4e65-ba37-2437f05fdb06,-31.730056,-60.547086,4,6486867,732399,20J,Reconocida,Tipa,36,50,https://five.epicollect.net/api/media/plan-de-arbolado-parana-2024-2028?type=photo&format=entry_original&name=15a94901-b563-4e65-ba37-2437f05fdb06_1770921113.jpg,,Si,Saludable ,,Saludable,,Vivero municipal,Parques y/o plazas,No,Natural,
56bf00a4-c3c8-47a2-afff-228c782670c4,5ac614c8-2174-4f11-9115-d4ef4c73c6e4,2026-02-12T18:31:20.000Z,2026-02-12T19:38:41.000Z,5ac614c8-2174-4f11-9115-d4ef4c73c6e4,-31.730122,-60.547138,10,6486860,732393,20J,Reconocida,Jacaranda,36,210,https://five.epicollect.net/api/media/plan-de-arbolado-parana-2024-2028?type=photo&format=entry_original&name=5ac614c8-2174-4f11-9115-d4ef4c73c6e4_1770921055.jpg,Sin protección para hormigas,Si,Saludable ,,Saludable,,Vivero municipal,Parques y/o plazas,No,Natural,
56bf00a4-c3c8-47a2-afff-228c782670c4,55e4ac69-f03e-4c96-9c10-dce6d48e66d4,2026-02-12T18:30:21.000Z,2026-02-12T19:38:39.000Z,55e4ac69-f03e-4c96-9c10-dce6d48e66d4,-31.730113,-60.547116,4,6486861,732396,20J,Reconocida,Lapacho,36,250,https://five.epicollect.net/api/media/plan-de-arbolado-parana-2024-2028?type=photo&format=entry_original&name=55e4ac69-f03e-4c96-9c10-dce6d48e66d4_1770920991.jpg,Sin protección para motoguadaña,Si,Saludable ,,Saludable,,Vivero municipal,Parques y/o plazas,No,Natural,
56bf00a4-c3c8-47a2-afff-228c782670c4,7d28e489-c989-4366-a95b-56b1b173b784,2026-02-12T18:28:50.000Z,2026-02-12T19:38:37.000Z,7d28e489-c989-4366-a95b-56b1b173b784,-31.730134,-60.547117,4,6486859,732395,20J,Reconocida,Tipa,36,50,https://five.epicollect.net/api/media/plan-de-arbolado-parana-2024-2028?type=photo&format=entry_original&name=7d28e489-c989-4366-a95b-56b1b173b784_1770920858.jpg,No crece porque está ubicada abajo de un ficus enorme. Sin protector para motoguadaña.,Si,Saludable ,,Saludable,,Vivero municipal,Parques y/o plazas,No,Natural,
56bf00a4-c3c8-47a2-afff-228c782670c4,8519bb09-5111-4348-aab2-f5c1b5ecd9f4,2026-02-12T18:26:59.000Z,2026-02-12T19:38:35.000Z,8519bb09-5111-4348-aab2-f5c1b5ecd9f4,-31.730165,-60.547159,4,6486855,732391,20J,Reconocida,Timbó,36,150,https://five.epicollect.net/api/media/plan-de-arbolado-parana-2024-2028?type=photo&format=entry_original&name=8519bb09-5111-4348-aab2-f5c1b5ecd9f4_1770920768.jpg,Sin protección para hormigas,Si,Saludable ,,Saludable,,Vivero municipal,Parques y/o plazas,No,Natural,
56bf00a4-c3c8-47a2-afff-228c782670c4,9161be57-6d78-4d1d-9ecb-cbf843825e3f,2026-02-12T18:25:00.000Z,2026-02-12T19:38:33.000Z,9161be57-6d78-4d1d-9ecb-cbf843825e3f,-31.73034,-60.54697,4,6486835,732409,20J,Reconocida,Timbó,36,50,https://five.epicollect.net/api/media/plan-de-arbolado-parana-2024-2028?type=photo&format=entry_original&name=9161be57-6d78-4d1d-9ecb-cbf843825e3f_1770920671.jpg,Sin protección de hormigas,Si,Saludable ,,Saludable,,Vivero municipal,Parques y/o plazas,No,Natural,
56bf00a4-c3c8-47a2-afff-228c782670c4,45da1c6d-7997-4000-a76e-3b72bc6cec56,2026-02-12T18:23:59.000Z,2026-02-12T19:38:31.000Z,45da1c6d-7997-4000-a76e-3b72bc6cec56,-31.730323,-60.546966,5,6486837,732409,20J,Reconocida,Timbó,36,50,https://five.epicollect.net/api/media/plan-de-arbolado-parana-2024-2028?type=photo&format=entry_original&name=45da1c6d-7997-4000-a76e-3b72bc6cec56_1770920597.jpg,sin protector de hormigas,Si,Saludable ,,Saludable,,Vivero municipal,Parques y/o plazas,No,Natural,
56bf00a4-c3c8-47a2-afff-228c782670c4,84d3ecca-2d46-4c7a-9439-e81371cd7396,2026-02-12T18:22:37.000Z,2026-02-13T12:33:30.000Z,84d3ecca-2d46-4c7a-9439-e81371cd7396,-31.73033,-60.547022,4,6486837,732404,20J,Reconocida,Lapacho,36,250,https://five.epicollect.net/api/media/plan-de-arbolado-parana-2024-2028?type=photo&format=entry_original&name=84d3ecca-2d46-4c7a-9439-e81371cd7396_1770920472.jpg,Falta caño protector de tronco y protector de hormigas,Si,Saludable ,,No saludable,Laceraciones con motoguadaña,Vivero municipal,Parques y/o plazas,No,Natural,
56bf00a4-c3c8-47a2-afff-228c782670c4,56e65059-a359-4ebd-80a7-68df1c9166ed,2026-02-12T18:20:44.000Z,2026-02-12T19:38:27.000Z,56e65059-a359-4ebd-80a7-68df1c9166ed,-31.730362,-60.547031,4,6486833,732403,20J,Reconocida,Timbó,36,100,https://five.epicollect.net/api/media/plan-de-arbolado-parana-2024-2028?type=photo&format=entry_original&name=56e65059-a359-4ebd-80a7-68df1c9166ed_1770920352.jpg,"Sin tutor pero establecido, sin protector de hormigas.",No,Saludable ,,Saludable,,Vivero municipal,Parques y/o plazas,No,Natural,
e44ec8a8-bee5-4aee-9b53-12f5b79f5624,f768cd70-1eb0-4813-b700-fffea17fa7a2,2026-02-12T19:35:10.000Z,2026-02-13T13:30:37.000Z,f768cd70-1eb0-4813-b700-fffea17fa7a2,-31.728803,-60.548172,4,6487008,732299,20J,Reconocida,Lapacho,36,175,https://five.epicollect.net/api/media/plan-de-arbolado-parana-2024-2028?type=photo&format=entry_original&name=f768cd70-1eb0-4813-b700-fffea17fa7a2_1770924900.jpg,,Si,Saludable ,,Saludable,,Vivero municipal,Parques y/o plazas,No,Natural,
e44ec8a8-bee5-4aee-9b53-12f5b79f5624,93f01568-f4a2-4bdb-b5b0-35b7ca16e693,2026-02-12T19:34:23.000Z,2026-02-13T13:29:50.000Z,93f01568-f4a2-4bdb-b5b0-35b7ca16e693,-31.728811,-60.548161,3,6487008,732300,20J,Reconocida,No identificada,36,200,https://five.epicollect.net/api/media/plan-de-arbolado-parana-2024-2028?type=photo&format=entry_original&name=93f01568-f4a2-4bdb-b5b0-35b7ca16e693_1770924855.jpg,,Si,Saludable ,,Saludable,,Vivero municipal,Parques y/o plazas,No,Natural,
e44ec8a8-bee5-4aee-9b53-12f5b79f5624,ff6d3dde-d131-4d7c-9a3b-212e8ab79914,2026-02-12T19:33:27.000Z,2026-02-12T19:37:30.000Z,ff6d3dde-d131-4d7c-9a3b-212e8ab79914,-31.728776,-60.548204,3,6487011,732296,20J,Reconocida,Fresno,36,200,https://five.epicollect.net/api/media/plan-de-arbolado-parana-2024-2028?type=photo&format=entry_original&name=ff6d3dde-d131-4d7c-9a3b-212e8ab79914_1770924797.jpg,,Si,Saludable ,,Saludable,,Vivero municipal,Parques y/o plazas,No,Natural,
e44ec8a8-bee5-4aee-9b53-12f5b79f5624,0c1c413d-6718-41a0-abca-cc44a69a1afb,2026-02-12T19:32:42.000Z,2026-02-12T19:37:28.000Z,0c1c413d-6718-41a0-abca-cc44a69a1afb,-31.72878,-60.548189,4,6487011,732297,20J,Reconocida,Fresno,36,200,https://five.epicollect.net/api/media/plan-de-arbolado-parana-2024-2028?type=photo&format=entry_original&name=0c1c413d-6718-41a0-abca-cc44a69a1afb_1770924751.jpg,,Si,Saludable ,,Saludable,,Vivero municipal,Parques y/o plazas,No,Natural,
e44ec8a8-bee5-4aee-9b53-12f5b79f5624,231ba633-d29a-4fe1-b460-9747a5f35293,2026-02-12T19:31:59.000Z,2026-02-13T13:28:56.000Z,231ba633-d29a-4fe1-b460-9747a5f35293,-31.728754,-60.548163,4,6487014,732300,20J,Reconocida,No identificada,36,100,https://five.epicollect.net/api/media/plan-de-arbolado-parana-2024-2028?type=photo&format=entry_original&name=231ba633-d29a-4fe1-b460-9747a5f35293_1770924699.jpg,Quebrado a la mitad,Si,Saludable ,,Saludable,,Vivero municipal,Parques y/o plazas,No,Natural,
e44ec8a8-bee5-4aee-9b53-12f5b79f5624,defc1504-38e2-4c92-9562-ef4d3a5dcc2a,2026-02-12T19:28:00.000Z,2026-02-12T19:37:24.000Z,defc1504-38e2-4c92-9562-ef4d3a5dcc2a,-31.728583,-60.548211,3,6487033,732296,20J,Reconocida,Lapacho,36,50,https://five.epicollect.net/api/media/plan-de-arbolado-parana-2024-2028?type=photo&format=entry_original&name=defc1504-38e2-4c92-9562-ef4d3a5dcc2a_1770924450.jpg,Con hongo,Si,No saludable,Hongo negro,No saludable,Quebrado pero va a vivir,Vivero municipal,Parques y/o plazas,No,Natural,
e44ec8a8-bee5-4aee-9b53-12f5b79f5624,1a8426dc-ebe1-4dcb-a21c-c7432392c48e,2026-02-12T19:25:51.000Z,2026-02-12T19:37:22.000Z,1a8426dc-ebe1-4dcb-a21c-c7432392c48e,-31.728625,-60.54819,3,6487028,732297,20J,Reconocida,Lapacho,36,210,https://five.epicollect.net/api/media/plan-de-arbolado-parana-2024-2028?type=photo&format=entry_original&name=1a8426dc-ebe1-4dcb-a21c-c7432392c48e_1770924343.jpg,,Si,Saludable ,,Saludable,,Vivero municipal,Parques y/o plazas,No,Natural,
e44ec8a8-bee5-4aee-9b53-12f5b79f5624,a0d7f0ca-97d2-4eae-8c1f-1b9a98c4482a,2026-02-12T19:25:07.000Z,2026-02-12T19:37:20.000Z,a0d7f0ca-97d2-4eae-8c1f-1b9a98c4482a,-31.728696,-60.548287,3,6487021,732288,20J,Reconocida,Lapacho,36,170,https://five.epicollect.net/api/media/plan-de-arbolado-parana-2024-2028?type=photo&format=entry_original&name=a0d7f0ca-97d2-4eae-8c1f-1b9a98c4482a_1770924297.jpg,,Si,Saludable ,,Saludable,,Vivero municipal,Parques y/o plazas,No,Natural,
e44ec8a8-bee5-4aee-9b53-12f5b79f5624,a15be314-43f0-4a5a-a29c-68e3863d71c5,2026-02-12T19:24:14.000Z,2026-02-12T19:37:18.000Z,a15be314-43f0-4a5a-a29c-68e3863d71c5,-31.728699,-60.548342,3,6487020,732283,20J,Reconocida,Lapacho,36,110,https://five.epicollect.net/api/media/plan-de-arbolado-parana-2024-2028?type=photo&format=entry_original&name=a15be314-43f0-4a5a-a29c-68e3863d71c5_1770924242.jpg,,Si,Saludable ,,Saludable,,Vivero municipal,Parques y/o plazas,No,Natural,
e44ec8a8-bee5-4aee-9b53-12f5b79f5624,bddc38a3-4e0a-4504-bda1-50f9185563a0,2026-02-12T19:23:32.000Z,2026-02-12T19:37:16.000Z,bddc38a3-4e0a-4504-bda1-50f9185563a0,-31.728718,-60.548343,3,6487018,732283,20J,Reconocida,Lapacho,36,20,https://five.epicollect.net/api/media/plan-de-arbolado-parana-2024-2028?type=photo&format=entry_original&name=bddc38a3-4e0a-4504-bda1-50f9185563a0_1770924198.jpg,,Si,Saludable ,,Saludable,,Vivero municipal,Parques y/o plazas,No,Natural,
e44ec8a8-bee5-4aee-9b53-12f5b79f5624,220d17f1-5d07-4182-9548-a33a63b704b9,2026-02-12T19:22:34.000Z,2026-02-12T19:37:14.000Z,220d17f1-5d07-4182-9548-a33a63b704b9,-31.728736,-60.548397,4,6487016,732278,20J,Reconocida,Lapacho,36,170,https://five.epicollect.net/api/media/plan-de-arbolado-parana-2024-2028?type=photo&format=entry_original&name=220d17f1-5d07-4182-9548-a33a63b704b9_1770924135.jpg,,Si,Saludable ,,Saludable,,Vivero municipal,Parques y/o plazas,No,Natural,
e44ec8a8-bee5-4aee-9b53-12f5b79f5624,1525b49b-c586-485c-a679-051b26826269,2026-02-12T19:20:32.000Z,2026-02-12T19:37:12.000Z,1525b49b-c586-485c-a679-051b26826269,-31.728707,-60.548399,4,6487020,732277,20J,Reconocida,Lapacho,36,150,https://five.epicollect.net/api/media/plan-de-arbolado-parana-2024-2028?type=photo&format=entry_original&name=1525b49b-c586-485c-a679-051b26826269_1770924016.jpg,,Si,Saludable ,,Saludable,,Vivero municipal,Parques y/o plazas,No,Natural,
2cf6beb8-79c6-4d96-8dd3-51dd31bc36e7,dfd2fca2-a95e-40f2-9ede-0b64de4d0861,2026-02-10T19:01:48.000Z,2026-02-10T19:06:22.000Z,dfd2fca2-a95e-40f2-9ede-0b64de4d0861,-31.793265,-60.507031,3,6479772,736034,20J,Reconocida,Lapacho,36,200,https://five.epicollect.net/api/media/plan-de-arbolado-parana-2024-2028?type=photo&format=entry_original&name=dfd2fca2-a95e-40f2-9ede-0b64de4d0861_1770750096.jpg,,Si,Saludable ,,Saludable,,Vivero municipal,Alineación,No,Natural,
2cf6beb8-79c6-4d96-8dd3-51dd31bc36e7,46fb0c2c-0f4f-42b3-ba3c-c17180177b9a,2026-02-10T19:01:03.000Z,2026-02-10T19:06:20.000Z,46fb0c2c-0f4f-42b3-ba3c-c17180177b9a,-31.793264,-60.507149,7,6479772,736023,20J,Reconocida,Lapacho,36,175,https://five.epicollect.net/api/media/plan-de-arbolado-parana-2024-2028?type=photo&format=entry_original&name=46fb0c2c-0f4f-42b3-ba3c-c17180177b9a_1770750043.jpg,No sujeto al tutor,Si,Saludable ,,Saludable,,Vivero municipal,Alineación,No,Natural,
2cf6beb8-79c6-4d96-8dd3-51dd31bc36e7,3b84d4fa-04ce-4351-bbc5-38d265bc694c,2026-02-10T18:59:56.000Z,2026-02-10T19:06:18.000Z,3b84d4fa-04ce-4351-bbc5-38d265bc694c,-31.793199,-60.507143,4,6479780,736024,20J,Reconocida,Lapacho,36,175,https://five.epicollect.net/api/media/plan-de-arbolado-parana-2024-2028?type=photo&format=entry_original&name=3b84d4fa-04ce-4351-bbc5-38d265bc694c_1770749968.jpg,"Seco, extraído de raiz",Si,No saludable,,No saludable,,Vivero municipal,Alineación,No,Natural,
2cf6beb8-79c6-4d96-8dd3-51dd31bc36e7,bd0ead3e-fa67-44aa-becb-645045bdf53a,2026-02-10T18:54:36.000Z,2026-02-10T19:06:16.000Z,bd0ead3e-fa67-44aa-becb-645045bdf53a,-31.793382,-60.507893,7,6479761,735952,20J,Reconocida,Pesuña de Vaca,36,200,https://five.epicollect.net/api/media/plan-de-arbolado-parana-2024-2028?type=photo&format=entry_original&name=bd0ead3e-fa67-44aa-becb-645045bdf53a_1770749664.jpg,,Si,Saludable ,,Saludable,,Vivero municipal,Alineación,No,Natural,
2cf6beb8-79c6-4d96-8dd3-51dd31bc36e7,afe0510d-6148-4725-8f13-561c05ef6dbe,2026-02-10T18:53:51.000Z,2026-02-10T19:06:14.000Z,afe0510d-6148-4725-8f13-561c05ef6dbe,-31.793368,-60.5079,7,6479762,735951,20J,Reconocida,Pesuña de Vaca,36,200,https://five.epicollect.net/api/media/plan-de-arbolado-parana-2024-2028?type=photo&format=entry_original&name=afe0510d-6148-4725-8f13-561c05ef6dbe_1770749617.jpg,,Si,Saludable ,,Saludable,,Vivero municipal,Alineación,No,Natural,
2cf6beb8-79c6-4d96-8dd3-51dd31bc36e7,b8a1f82c-c9cf-4ae7-a019-2ddedaf91d63,2026-02-10T18:51:48.000Z,2026-02-10T19:06:12.000Z,b8a1f82c-c9cf-4ae7-a019-2ddedaf91d63,-31.792692,-60.507834,3,6479837,735959,20J,Reconocida,Pesuña de Vaca,36,200,https://five.epicollect.net/api/media/plan-de-arbolado-parana-2024-2028?type=photo&format=entry_original&name=b8a1f82c-c9cf-4ae7-a019-2ddedaf91d63_1770749499.jpg,,Si,Saludable ,,Saludable,,Vivero municipal,Alineación,No,Natural,
2cf6beb8-79c6-4d96-8dd3-51dd31bc36e7,339bda9f-15b7-49ee-9fa4-bcae80b21c4d,2026-02-10T18:51:06.000Z,2026-02-10T19:06:09.000Z,339bda9f-15b7-49ee-9fa4-bcae80b21c4d,-31.792596,-60.50779,7,6479848,735964,20J,Reconocida,Pesuña de Vaca,36,200,https://five.epicollect.net/api/media/plan-de-arbolado-parana-2024-2028?type=photo&format=entry_original&name=339bda9f-15b7-49ee-9fa4-bcae80b21c4d_1770749455.jpg,,Si,Saludable ,,Saludable,,Vivero municipal,Alineación,No,Natural,
2cf6beb8-79c6-4d96-8dd3-51dd31bc36e7,746fd95f-2086-446d-941f-534cbf23c5f7,2026-02-10T18:47:57.000Z,2026-02-10T19:06:07.000Z,746fd95f-2086-446d-941f-534cbf23c5f7,-31.792362,-60.507937,4,6479874,735950,20J,Reconocida,Lapacho,36,10,https://five.epicollect.net/api/media/plan-de-arbolado-parana-2024-2028?type=photo&format=entry_original&name=746fd95f-2086-446d-941f-534cbf23c5f7_1770749249.jpg,Cortado a 10 cm del suelo,Si,No saludable,,No saludable,,Vivero municipal,Alineación,No,Natural,
2cf6beb8-79c6-4d96-8dd3-51dd31bc36e7,fa4b50c7-d237-46b0-a089-393ab00803e1,2026-02-10T18:46:47.000Z,2026-02-10T19:06:05.000Z,fa4b50c7-d237-46b0-a089-393ab00803e1,-31.792128,-60.507704,16,6479900,735973,20J,Reconocida,Lapacho,36,150,https://five.epicollect.net/api/media/plan-de-arbolado-parana-2024-2028?type=photo&format=entry_original&name=fa4b50c7-d237-46b0-a089-393ab00803e1_1770749176.jpg,,No,Saludable ,Estrés hídrico,Saludable,,Vivero municipal,Alineación,No,Natural,
2cf6beb8-79c6-4d96-8dd3-51dd31bc36e7,abf237e7-c491-4d5b-96c3-329b7237a8c8,2026-02-10T18:38:55.000Z,2026-02-10T19:06:03.000Z,abf237e7-c491-4d5b-96c3-329b7237a8c8,-31.793759,-60.505203,4,6479713,736206,20J,Reconocida,Lapacho,36,200,https://five.epicollect.net/api/media/plan-de-arbolado-parana-2024-2028?type=photo&format=entry_original&name=abf237e7-c491-4d5b-96c3-329b7237a8c8_1770748724.jpg,,Si,Saludable ,,Saludable,,Vivero municipal,Alineación,No,Natural,
2cf6beb8-79c6-4d96-8dd3-51dd31bc36e7,6580cf00-e301-4ca0-b611-2b5b447bc959,2026-02-10T18:34:06.000Z,2026-02-10T19:06:00.000Z,6580cf00-e301-4ca0-b611-2b5b447bc959,-31.793622,-60.506637,4,6479732,736070,20J,Reconocida,Pesuña de Vaca,36,210,https://five.epicollect.net/api/media/plan-de-arbolado-parana-2024-2028?type=photo&format=entry_original&name=6580cf00-e301-4ca0-b611-2b5b447bc959_1770748422.jpg,Estrés hídrico,Si,Saludable ,,Saludable,,Vivero municipal,Alineación,No,Natural,
8247324a-6fb6-4361-83b1-a4ed88db9685,5e714eab-cc67-4be5-94a9-fcd67e1e70f4,2026-02-04T21:12:08.000Z,2026-02-04T23:52:15.000Z,5e714eab-cc67-4be5-94a9-fcd67e1e70f4,-31.725973,-60.537234,4,6487299,733342,20J,Reconocida,Jacaranda,36,210,https://five.epicollect.net/api/media/plan-de-arbolado-parana-2024-2028?type=photo&format=entry_original&name=5e714eab-cc67-4be5-94a9-fcd67e1e70f4_1770239515.jpg,,Si,Saludable ,,Saludable,,Vivero municipal,Alineación,No,Natural,
8247324a-6fb6-4361-83b1-a4ed88db9685,67e7ae28-1959-4bda-aedd-9555758594e1,2026-02-04T21:11:25.000Z,2026-02-04T23:52:13.000Z,67e7ae28-1959-4bda-aedd-9555758594e1,-31.725948,-60.537201,4,6487302,733346,20J,Reconocida,Pesuña de Vaca,36,130,https://five.epicollect.net/api/media/plan-de-arbolado-parana-2024-2028?type=photo&format=entry_original&name=67e7ae28-1959-4bda-aedd-9555758594e1_1770239459.jpg,Falta protectorde hormigas,Si,Saludable ,,Saludable,,Vivero municipal,Alineación,No,Natural,
de9b37f0-9aed-469a-8a1e-5f48520f3bd9,af7e2edb-3190-46bd-96fb-73dfbe8c6e8e,2026-02-03T14:20:24.000Z,2026-02-03T15:13:16.000Z,af7e2edb-3190-46bd-96fb-73dfbe8c6e8e,-31.792477,-60.507747,1,6479861,735968,20J,Reconocida,Pesuña de Vaca,36,200,,,No,Saludable ,,Saludable,,Vivero municipal,Parques y/o plazas,No,Natural,Falta p hormigas
de9b37f0-9aed-469a-8a1e-5f48520f3bd9,d2d5c8cf-4b40-4e01-a0a1-039b59a6b4e9,2026-02-03T14:18:11.000Z,2026-02-03T15:13:14.000Z,d2d5c8cf-4b40-4e01-a0a1-039b59a6b4e9,,,,,,,Reconocida,Pesuña de Vaca,36,170,https://five.epicollect.net/api/media/plan-de-arbolado-parana-2024-2028?type=photo&format=entry_original&name=d2d5c8cf-4b40-4e01-a0a1-039b59a6b4e9_1770128263.jpg,,Si,Saludable ,,Saludable,,Vivero municipal,Parques y/o plazas,No,Natural,Falta p hormigas y tutor
237af85c-62a6-4007-94cc-158dca34c7e4,b4cd43f6-46b2-4335-b15b-af4a4280e36a,2026-02-03T14:14:36.000Z,2026-02-03T15:13:04.000Z,b4cd43f6-46b2-4335-b15b-af4a4280e36a,-31.792739,-60.507799,1,6479832,735963,20J,Reconocida,Pesuña de Vaca,36,250,https://five.epicollect.net/api/media/plan-de-arbolado-parana-2024-2028?type=photo&format=entry_original&name=b4cd43f6-46b2-4335-b15b-af4a4280e36a_1770128051.jpg,,Si,Saludable ,,Saludable,,Vivero municipal,Parques y/o plazas,Si ,Natural,Falta p hormigas
237af85c-62a6-4007-94cc-158dca34c7e4,df541553-2e1f-4f82-ab07-2d5d9dccd929,2026-02-03T14:13:24.000Z,2026-02-03T15:13:02.000Z,df541553-2e1f-4f82-ab07-2d5d9dccd929,-31.79282,-60.507802,2,6479823,735962,20J,Reconocida,Pesuña de Vaca,36,200,https://five.epicollect.net/api/media/plan-de-arbolado-parana-2024-2028?type=photo&format=entry_original&name=df541553-2e1f-4f82-ab07-2d5d9dccd929_1770127965.jpg,,Si,Saludable ,,Saludable,,Vivero municipal,Parques y/o plazas,Si ,Natural,Falta p hormigas y tutor
237af85c-62a6-4007-94cc-158dca34c7e4,a583b57d-1492-461a-b884-ac7c96e94d36,2026-02-03T14:11:51.000Z,2026-02-03T15:12:59.000Z,a583b57d-1492-461a-b884-ac7c96e94d36,-31.792918,-60.507841,1,6479812,735958,20J,Reconocida,Pesuña de Vaca,36,180,https://five.epicollect.net/api/media/plan-de-arbolado-parana-2024-2028?type=photo&format=entry_original&name=a583b57d-1492-461a-b884-ac7c96e94d36_1770127897.jpg,,Si,Saludable ,,Saludable,,Vivero municipal,Parques y/o plazas,Si ,Natural,
237af85c-62a6-4007-94cc-158dca34c7e4,f1233c56-e5da-4d04-8968-6e96c94e98f1,2026-02-03T14:10:42.000Z,2026-02-03T15:12:57.000Z,f1233c56-e5da-4d04-8968-6e96c94e98f1,-31.793026,-60.50803,2,6479801,735940,20J,Reconocida,Lapacho,36,160,https://five.epicollect.net/api/media/plan-de-arbolado-parana-2024-2028?type=photo&format=entry_original&name=f1233c56-e5da-4d04-8968-6e96c94e98f1_1770127825.jpg,,Si,Saludable ,,Saludable,,Vivero municipal,Parques y/o plazas,No,Natural,
237af85c-62a6-4007-94cc-158dca34c7e4,7ff3bc0a-bf06-4da9-b333-7d1762f38ab0,2026-02-03T14:07:50.000Z,2026-02-03T15:12:56.000Z,7ff3bc0a-bf06-4da9-b333-7d1762f38ab0,-31.793617,-60.507975,2,6479735,735944,20J,Reconocida,Pesuña de Vaca,36,220,https://five.epicollect.net/api/media/plan-de-arbolado-parana-2024-2028?type=photo&format=entry_original&name=7ff3bc0a-bf06-4da9-b333-7d1762f38ab0_1770127635.jpg,,Si,Saludable ,,Saludable,,Vivero municipal,Parques y/o plazas,No,Natural,
237af85c-62a6-4007-94cc-158dca34c7e4,41e71d13-7e96-4b6f-8424-23188f7cb55e,2026-02-03T14:06:32.000Z,2026-02-03T15:12:54.000Z,41e71d13-7e96-4b6f-8424-23188f7cb55e,-31.793546,-60.507962,1,6479743,735945,20J,Reconocida,Pesuña de Vaca,36,200,https://five.epicollect.net/api/media/plan-de-arbolado-parana-2024-2028?type=photo&format=entry_original&name=41e71d13-7e96-4b6f-8424-23188f7cb55e_1770127579.jpg,,Si,Saludable ,,Saludable,,Vivero municipal,Parques y/o plazas,No,Natural,
237af85c-62a6-4007-94cc-158dca34c7e4,6fa30184-cbe3-4ab9-a264-a59c5f2ff409,2026-02-03T14:05:27.000Z,2026-02-03T15:12:52.000Z,6fa30184-cbe3-4ab9-a264-a59c5f2ff409,-31.793448,-60.507942,1,6479754,735947,20J,Reconocida,Pesuña de Vaca,36,200,https://five.epicollect.net/api/media/plan-de-arbolado-parana-2024-2028?type=photo&format=entry_original&name=6fa30184-cbe3-4ab9-a264-a59c5f2ff409_1770127510.jpg,,Si,Saludable ,,Saludable,,Vivero municipal,Parques y/o plazas,No,Natural,
237af85c-62a6-4007-94cc-158dca34c7e4,cbd7b6b1-cb3a-43f9-87a0-5b62d30218d3,2026-02-03T14:04:19.000Z,2026-02-03T15:12:50.000Z,cbd7b6b1-cb3a-43f9-87a0-5b62d30218d3,,,,,,,Reconocida,Pesuña de Vaca,36,180,https://five.epicollect.net/api/media/plan-de-arbolado-parana-2024-2028?type=photo&format=entry_original&name=cbd7b6b1-cb3a-43f9-87a0-5b62d30218d3_1770127427.jpg,,Si,Saludable ,,Saludable,,Vivero municipal,Parques y/o plazas,No,Natural,
237af85c-62a6-4007-94cc-158dca34c7e4,bded7557-0ce5-4b17-ab97-9c9defa29559,2026-02-03T14:03:19.000Z,2026-02-03T15:12:48.000Z,bded7557-0ce5-4b17-ab97-9c9defa29559,-31.793242,-60.507896,2,6479776,735952,20J,Reconocida,Pesuña de Vaca,36,180,https://five.epicollect.net/api/media/plan-de-arbolado-parana-2024-2028?type=photo&format=entry_original&name=bded7557-0ce5-4b17-ab97-9c9defa29559_1770127326.jpg,,Si,Saludable ,,Saludable,,Vivero municipal,Parques y/o plazas,Si ,Natural,Falta p hormigas
237af85c-62a6-4007-94cc-158dca34c7e4,b3dc76e3-3837-44e7-93ff-36065db47c95,2026-02-03T14:00:54.000Z,2026-02-03T15:12:46.000Z,b3dc76e3-3837-44e7-93ff-36065db47c95,-31.793086,-60.508074,2,6479794,735936,20J,Reconocida,Lapacho,36,160,https://five.epicollect.net/api/media/plan-de-arbolado-parana-2024-2028?type=photo&format=entry_original&name=b3dc76e3-3837-44e7-93ff-36065db47c95_1770127237.jpg,,Si,Saludable ,,Saludable,,Vivero municipal,Parques y/o plazas,No,Natural,
237af85c-62a6-4007-94cc-158dca34c7e4,a580e8bb-3208-4612-b70d-b8173296848b,2026-02-03T13:57:47.000Z,2026-02-03T15:12:44.000Z,a580e8bb-3208-4612-b70d-b8173296848b,-31.793723,-60.506689,1,6479720,736065,20J,Reconocida,Pesuña de Vaca,36,200,https://five.epicollect.net/api/media/plan-de-arbolado-parana-2024-2028?type=photo&format=entry_original&name=a580e8bb-3208-4612-b70d-b8173296848b_1770127045.jpg,,Si,Saludable ,,Saludable,,Vivero municipal,Parques y/o plazas,Si ,Natural,
237af85c-62a6-4007-94cc-158dca34c7e4,89094a14-0fca-49dc-8109-dd5e14b320a7,2026-02-03T13:56:27.000Z,2026-02-03T15:12:42.000Z,89094a14-0fca-49dc-8109-dd5e14b320a7,-31.793635,-60.506666,2,6479730,736068,20J,Reconocida,Pesuña de Vaca,36,200,https://five.epicollect.net/api/media/plan-de-arbolado-parana-2024-2028?type=photo&format=entry_original&name=89094a14-0fca-49dc-8109-dd5e14b320a7_1770126959.jpg,,Si,Saludable ,,Saludable,,Vivero municipal,Parques y/o plazas,No,Natural,
237af85c-62a6-4007-94cc-158dca34c7e4,67894a44-d443-48b4-90cc-48cfd4117ee5,2026-02-03T13:55:12.000Z,2026-02-03T15:12:40.000Z,67894a44-d443-48b4-90cc-48cfd4117ee5,,,,,,,Reconocida,Pesuña de Vaca,36,200,https://five.epicollect.net/api/media/plan-de-arbolado-parana-2024-2028?type=photo&format=entry_original&name=67894a44-d443-48b4-90cc-48cfd4117ee5_1770126872.jpg,,Si,Saludable ,,Saludable,,Vivero municipal,Parques y/o plazas,Si ,Natural,
237af85c-62a6-4007-94cc-158dca34c7e4,f9037448-4c3c-4a19-8e81-3c3445a21515,2026-02-03T13:53:39.000Z,2026-02-03T15:12:39.000Z,f9037448-4c3c-4a19-8e81-3c3445a21515,,,,,,,Reconocida,Lapacho,36,160,https://five.epicollect.net/api/media/plan-de-arbolado-parana-2024-2028?type=photo&format=entry_original&name=f9037448-4c3c-4a19-8e81-3c3445a21515_1770126799.jpg,,Si,Saludable ,,Saludable,,Vivero municipal,Parques y/o plazas,Si ,Natural,
237af85c-62a6-4007-94cc-158dca34c7e4,3aae4b83-4fb1-46ee-a201-b55f70238aff,2026-02-03T13:52:39.000Z,2026-02-03T15:12:36.000Z,3aae4b83-4fb1-46ee-a201-b55f70238aff,-31.793267,-60.506942,2,6479772,736042,20J,Reconocida,Pesuña de Vaca,36,150,https://five.epicollect.net/api/media/plan-de-arbolado-parana-2024-2028?type=photo&format=entry_original&name=3aae4b83-4fb1-46ee-a201-b55f70238aff_1770126728.jpg,,Si,Saludable ,,Saludable,,Vivero municipal,Parques y/o plazas,No,Natural,Falta p hormigas
237af85c-62a6-4007-94cc-158dca34c7e4,70a588c3-f017-455a-a7ce-a9708a13f42b,2026-02-03T13:51:04.000Z,2026-02-03T15:12:35.000Z,70a588c3-f017-455a-a7ce-a9708a13f42b,,,,,,,Reconocida,Lapacho,36,150,https://five.epicollect.net/api/media/plan-de-arbolado-parana-2024-2028?type=photo&format=entry_original&name=70a588c3-f017-455a-a7ce-a9708a13f42b_1770126640.jpg,Falta p hormigas,Si,Saludable ,,Saludable,,Vivero municipal,Parques y/o plazas,No,Natural,
237af85c-62a6-4007-94cc-158dca34c7e4,2c3d4667-0840-45e5-ab38-cb408b6283cc,2026-02-03T13:48:54.000Z,2026-02-03T15:12:33.000Z,2c3d4667-0840-45e5-ab38-cb408b6283cc,,,,,,,Reconocida,Pesuña de Vaca,36,150,https://five.epicollect.net/api/media/plan-de-arbolado-parana-2024-2028?type=photo&format=entry_original&name=2c3d4667-0840-45e5-ab38-cb408b6283cc_1770126443.jpg,Falta p hormigas tutor roto,Si,Saludable ,,Saludable,,Vivero municipal,Parques y/o plazas,No,Natural,
237af85c-62a6-4007-94cc-158dca34c7e4,7273d663-1416-43f1-ad6d-e5f18fe098dc,2026-02-03T13:46:29.000Z,2026-02-03T15:12:31.000Z,7273d663-1416-43f1-ad6d-e5f18fe098dc,-31.793232,-60.507233,2,6479776,736015,20J,Reconocida,Pesuña de Vaca,36,160,https://five.epicollect.net/api/media/plan-de-arbolado-parana-2024-2028?type=photo&format=entry_original&name=7273d663-1416-43f1-ad6d-e5f18fe098dc_1770126323.jpg,,Si,Saludable ,,Saludable,,Vivero municipal,Parques y/o plazas,Si ,Natural,Falta protector hormigas
237af85c-62a6-4007-94cc-158dca34c7e4,b9968289-bb68-4e67-adc7-c5703059f160,2026-02-03T13:44:35.000Z,2026-02-03T15:12:29.000Z,b9968289-bb68-4e67-adc7-c5703059f160,-31.793212,-60.50734,1,6479779,736005,20J,Reconocida,Pesuña de Vaca,36,160,https://five.epicollect.net/api/media/plan-de-arbolado-parana-2024-2028?type=photo&format=entry_original&name=b9968289-bb68-4e67-adc7-c5703059f160_1770126199.jpg,,Si,Saludable ,,Saludable,,Vivero municipal,Parques y/o plazas,Si ,Natural,Falta protector para hormigas
237af85c-62a6-4007-94cc-158dca34c7e4,3588402c-363e-4d7d-915a-ee67760a07b7,2026-02-03T13:42:26.000Z,2026-02-03T15:12:27.000Z,3588402c-363e-4d7d-915a-ee67760a07b7,,,,,,,Reconocida,Pesuña de Vaca,36,150,https://five.epicollect.net/api/media/plan-de-arbolado-parana-2024-2028?type=photo&format=entry_original&name=3588402c-363e-4d7d-915a-ee67760a07b7_1770126097.jpg,Falta protector para hormigas,Si,Saludable ,,Saludable,,Vivero municipal,Parques y/o plazas,No,Natural,
237af85c-62a6-4007-94cc-158dca34c7e4,15c7b6ab-4723-4dd3-9fe4-3c261f2cadf1,2026-02-03T13:40:53.000Z,2026-02-03T15:12:25.000Z,15c7b6ab-4723-4dd3-9fe4-3c261f2cadf1,-31.793152,-60.507607,2,6479786,735980,20J,Reconocida,Pesuña de Vaca,36,170,https://five.epicollect.net/api/media/plan-de-arbolado-parana-2024-2028?type=photo&format=entry_original&name=15c7b6ab-4723-4dd3-9fe4-3c261f2cadf1_1770125985.jpg,,Si,Saludable ,,Saludable,Fata protector para hormigas,Vivero municipal,Parques y/o plazas,Si ,Natural,
237af85c-62a6-4007-94cc-158dca34c7e4,b635f5b5-3d68-4a8f-ade6-de009fda440e,2026-02-03T13:38:27.000Z,2026-02-03T15:12:24.000Z,b635f5b5-3d68-4a8f-ade6-de009fda440e,-31.79327,-60.507806,1,6479773,735961,20J,Reconocida,Pesuña de Vaca,36,200,https://five.epicollect.net/api/media/plan-de-arbolado-parana-2024-2028?type=photo&format=entry_original&name=b635f5b5-3d68-4a8f-ade6-de009fda440e_1770125890.jpg,,Si,Saludable ,,Saludable,,Vivero municipal,Parques y/o plazas,No,Natural,
237af85c-62a6-4007-94cc-158dca34c7e4,89d403b5-4a6b-4784-a347-a5aa49b1b318,2026-02-03T13:37:03.000Z,2026-02-03T15:12:21.000Z,89d403b5-4a6b-4784-a347-a5aa49b1b318,-31.793341,-60.507818,2,6479765,735959,20J,Reconocida,Pesuña de Vaca,36,200,https://five.epicollect.net/api/media/plan-de-arbolado-parana-2024-2028?type=photo&format=entry_original&name=89d403b5-4a6b-4784-a347-a5aa49b1b318_1770125804.jpg,,Si,Saludable ,,Saludable,,Vivero municipal,Parques y/o plazas,No,Natural,
237af85c-62a6-4007-94cc-158dca34c7e4,a9c13ed2-2eff-464c-88cf-202023deaba2,2026-02-03T13:35:43.000Z,2026-02-03T15:12:19.000Z,a9c13ed2-2eff-464c-88cf-202023deaba2,-31.793457,-60.507838,1,6479752,735957,20J,Reconocida,Pesuña de Vaca,36,200,https://five.epicollect.net/api/media/plan-de-arbolado-parana-2024-2028?type=photo&format=entry_original&name=a9c13ed2-2eff-464c-88cf-202023deaba2_1770125722.jpg,,Si,No saludable,,No saludable,,Vivero municipal,Parques y/o plazas,No,Natural,
237af85c-62a6-4007-94cc-158dca34c7e4,1a8de96a-6c8c-4909-84d5-bed644e68af0,2026-02-03T13:34:21.000Z,2026-02-03T15:12:13.000Z,1a8de96a-6c8c-4909-84d5-bed644e68af0,-31.793545,-60.507872,1,6479743,735954,20J,Reconocida,Pesuña de Vaca,36,1,https://five.epicollect.net/api/media/plan-de-arbolado-parana-2024-2028?type=photo&format=entry_original&name=1a8de96a-6c8c-4909-84d5-bed644e68af0_1770125601.jpg,,Si,Saludable ,,Saludable,,Vivero municipal,Parques y/o plazas,Si ,Natural,
237af85c-62a6-4007-94cc-158dca34c7e4,0b4a2179-d739-44ea-b27a-52e5ae11e4d5,2026-02-03T13:32:08.000Z,2026-02-03T15:12:12.000Z,0b4a2179-d739-44ea-b27a-52e5ae11e4d5,-31.793631,-60.507914,2,6479733,735949,20J,Reconocida,Pesuña de Vaca,36,200,https://five.epicollect.net/api/media/plan-de-arbolado-parana-2024-2028?type=photo&format=entry_original&name=0b4a2179-d739-44ea-b27a-52e5ae11e4d5_1770125508.jpg,,Si,Saludable ,,Saludable,,Vivero municipal,Parques y/o plazas,Si ,Natural,
237af85c-62a6-4007-94cc-158dca34c7e4,2c97b36c-f566-4b27-a05f-fb506afc18d0,2026-02-03T13:30:37.000Z,2026-02-03T15:12:09.000Z,2c97b36c-f566-4b27-a05f-fb506afc18d0,,,,,,,Reconocida,Pesuña de Vaca,36,200,https://five.epicollect.net/api/media/plan-de-arbolado-parana-2024-2028?type=photo&format=entry_original&name=2c97b36c-f566-4b27-a05f-fb506afc18d0_1770125418.jpg,,Si,Saludable ,,Saludable,,Vivero municipal,Parques y/o plazas,Si ,Natural,
237af85c-62a6-4007-94cc-158dca34c7e4,2fa7ed90-6933-4fd2-bcf4-310c618e4204,2026-02-03T13:29:20.000Z,2026-02-03T15:12:07.000Z,2fa7ed90-6933-4fd2-bcf4-310c618e4204,-31.793919,-60.507734,2,6479701,735966,20J,Reconocida,Lapacho,36,200,https://five.epicollect.net/api/media/plan-de-arbolado-parana-2024-2028?type=photo&format=entry_original&name=2fa7ed90-6933-4fd2-bcf4-310c618e4204_1770125335.jpg,,Si,Saludable ,,Saludable,,Vivero municipal,Parques y/o plazas,No,Natural,
237af85c-62a6-4007-94cc-158dca34c7e4,8b961475-1795-4481-b39f-867e1f7e59b7,2026-02-03T13:28:04.000Z,2026-02-03T15:12:06.000Z,8b961475-1795-4481-b39f-867e1f7e59b7,-31.79392,-60.507565,2,6479701,735982,20J,Reconocida,Lapacho,36,200,https://five.epicollect.net/api/media/plan-de-arbolado-parana-2024-2028?type=photo&format=entry_original&name=8b961475-1795-4481-b39f-867e1f7e59b7_1770125262.jpg,,Si,Saludable ,,Saludable,,Vivero municipal,Parques y/o plazas,Si ,Natural,
237af85c-62a6-4007-94cc-158dca34c7e4,23f9509d-4f2a-48ac-a406-ef4a258bfc3e,2026-02-03T13:26:45.000Z,2026-02-03T15:12:03.000Z,23f9509d-4f2a-48ac-a406-ef4a258bfc3e,-31.793945,-60.507461,1,6479698,735991,20J,Reconocida,Lapacho,36,200,https://five.epicollect.net/api/media/plan-de-arbolado-parana-2024-2028?type=photo&format=entry_original&name=23f9509d-4f2a-48ac-a406-ef4a258bfc3e_1770125184.jpg,,Si,Saludable ,,Saludable,,Vivero municipal,Parques y/o plazas,Si ,Natural,
237af85c-62a6-4007-94cc-158dca34c7e4,a8c5ac3c-991c-4f8f-abd7-81af91054483,2026-02-03T13:25:49.000Z,2026-02-03T15:12:01.000Z,a8c5ac3c-991c-4f8f-abd7-81af91054483,-31.79397,-60.507348,2,6479695,736002,20J,Reconocida,Lapacho,36,200,https://five.epicollect.net/api/media/plan-de-arbolado-parana-2024-2028?type=photo&format=entry_original&name=a8c5ac3c-991c-4f8f-abd7-81af91054483_1770125127.jpg,,Si,Saludable ,,Saludable,,Vivero municipal,Parques y/o plazas,No,Natural,
237af85c-62a6-4007-94cc-158dca34c7e4,76966f31-fb91-45d7-8182-c32a4c8463fa,2026-02-03T13:24:43.000Z,2026-02-03T15:11:59.000Z,76966f31-fb91-45d7-8182-c32a4c8463fa,-31.793978,-60.507255,1,6479693,736011,20J,Reconocida,Lapacho,36,200,https://five.epicollect.net/api/media/plan-de-arbolado-parana-2024-2028?type=photo&format=entry_original&name=76966f31-fb91-45d7-8182-c32a4c8463fa_1770125060.jpg,,Si,Saludable ,,Saludable,,Vivero municipal,Parques y/o plazas,Si ,Natural,
237af85c-62a6-4007-94cc-158dca34c7e4,d66d3635-863e-4e19-9dea-bcfa35146f57,2026-02-03T13:23:38.000Z,2026-02-03T15:11:57.000Z,d66d3635-863e-4e19-9dea-bcfa35146f57,-31.793986,-60.507175,2,6479692,736018,20J,Reconocida,Lapacho,36,200,https://five.epicollect.net/api/media/plan-de-arbolado-parana-2024-2028?type=photo&format=entry_original&name=d66d3635-863e-4e19-9dea-bcfa35146f57_1770124994.jpg,,Si,Saludable ,,Saludable,,Vivero municipal,Parques y/o plazas,Si ,Natural,
237af85c-62a6-4007-94cc-158dca34c7e4,b111d7f3-dbfc-4c48-9d5a-01af3c39b025,2026-02-03T13:22:19.000Z,2026-02-03T15:11:55.000Z,b111d7f3-dbfc-4c48-9d5a-01af3c39b025,-31.794016,-60.507076,2,6479689,736028,20J,Reconocida,Lapacho,36,200,,,Si,Saludable ,,Saludable,,Vivero municipal,Parques y/o plazas,Si ,Natural,
237af85c-62a6-4007-94cc-158dca34c7e4,4dde5b59-9632-42c6-b22c-e845a753a47f,2026-02-03T13:21:13.000Z,2026-02-03T15:11:53.000Z,4dde5b59-9632-42c6-b22c-e845a753a47f,-31.79404,-60.506944,2,6479686,736040,20J,Reconocida,Lapacho,36,200,https://five.epicollect.net/api/media/plan-de-arbolado-parana-2024-2028?type=photo&format=entry_original&name=4dde5b59-9632-42c6-b22c-e845a753a47f_1770124845.jpg,,Si,Saludable ,,Saludable,,Vivero municipal,Parques y/o plazas,No,Natural,
237af85c-62a6-4007-94cc-158dca34c7e4,927c95ff-0d7e-4616-a5da-eeeca791a522,2026-02-03T13:14:47.000Z,2026-02-03T15:11:50.000Z,927c95ff-0d7e-4616-a5da-eeeca791a522,-31.79372,-60.505157,1,6479717,736210,20J,Reconocida,Lapacho,36,200,https://five.epicollect.net/api/media/plan-de-arbolado-parana-2024-2028?type=photo&format=entry_original&name=927c95ff-0d7e-4616-a5da-eeeca791a522_1770124460.jpg,,Si,Saludable ,,Saludable,,Vivero municipal,Parques y/o plazas,No,Natural,
237af85c-62a6-4007-94cc-158dca34c7e4,da7ac64c-0bad-4967-a78e-9e64b02cc108,2026-02-03T13:13:30.000Z,2026-02-03T15:11:49.000Z,da7ac64c-0bad-4967-a78e-9e64b02cc108,,,,,,,Reconocida,Lapacho,36,200,https://five.epicollect.net/api/media/plan-de-arbolado-parana-2024-2028?type=photo&format=entry_original&name=da7ac64c-0bad-4967-a78e-9e64b02cc108_1770124386.jpg,,Si,Saludable ,,Saludable,,Vivero municipal,Parques y/o plazas,Si ,Natural,
237af85c-62a6-4007-94cc-158dca34c7e4,5c15dc3a-a709-4586-b76c-626961d84552,2026-02-03T13:12:10.000Z,2026-02-03T15:09:18.000Z,5c15dc3a-a709-4586-b76c-626961d84552,-31.793895,-60.505175,2,6479698,736208,20J,Reconocida,Lapacho,36,200,https://five.epicollect.net/api/media/plan-de-arbolado-parana-2024-2028?type=photo&format=entry_original&name=5c15dc3a-a709-4586-b76c-626961d84552_1770124309.jpg,,Si,Saludable ,,Saludable,,Vivero municipal,Parques y/o plazas,No,Natural,
237af85c-62a6-4007-94cc-158dca34c7e4,3ffed75e-1dce-404c-8bfc-a68e1b5987d9,2026-02-03T13:10:54.000Z,2026-02-03T15:09:11.000Z,3ffed75e-1dce-404c-8bfc-a68e1b5987d9,-31.793973,-60.5052,2,6479690,736206,20J,Reconocida,Lapacho,36,200,https://five.epicollect.net/api/media/plan-de-arbolado-parana-2024-2028?type=photo&format=entry_original&name=3ffed75e-1dce-404c-8bfc-a68e1b5987d9_1770124223.jpg,,Si,Saludable ,,Saludable,,Vivero municipal,Parques y/o plazas,Si ,Natural,
237af85c-62a6-4007-94cc-158dca34c7e4,e0f4366c-549b-4474-9ef1-55379ce0cf89,2026-02-03T13:09:25.000Z,2026-02-03T15:09:09.000Z,e0f4366c-549b-4474-9ef1-55379ce0cf89,-31.794045,-60.505207,1,6479682,736205,20J,Reconocida,Lapacho,36,200,https://five.epicollect.net/api/media/plan-de-arbolado-parana-2024-2028?type=photo&format=entry_original&name=e0f4366c-549b-4474-9ef1-55379ce0cf89_1770124135.jpg,,Si,Saludable ,,Saludable,,Vivero municipal,Parques y/o plazas,Si ,Natural,
237af85c-62a6-4007-94cc-158dca34c7e4,caad76e5-1b27-4c55-8f84-330c5776b017,2026-02-03T13:07:51.000Z,2026-02-03T15:09:06.000Z,caad76e5-1b27-4c55-8f84-330c5776b017,-31.79415,-60.505273,1,6479670,736198,20J,Reconocida,Lapacho,36,200,https://five.epicollect.net/api/media/plan-de-arbolado-parana-2024-2028?type=photo&format=entry_original&name=caad76e5-1b27-4c55-8f84-330c5776b017_1770124050.jpg,,Si,Saludable ,,Saludable,,Vivero municipal,Parques y/o plazas,No,Natural,
237af85c-62a6-4007-94cc-158dca34c7e4,3e97ed75-c9bb-48af-9cb3-328e1c7997e1,2026-02-03T13:05:55.000Z,2026-02-03T15:08:57.000Z,3e97ed75-c9bb-48af-9cb3-328e1c7997e1,-31.794225,-60.505498,1,6479662,736177,20J,Reconocida,Lapacho,36,200,https://five.epicollect.net/api/media/plan-de-arbolado-parana-2024-2028?type=photo&format=entry_original&name=3e97ed75-c9bb-48af-9cb3-328e1c7997e1_1770123912.jpg,,Si,Saludable ,,Saludable,,Vivero municipal,Parques y/o plazas,Si ,Natural,
39668d9f-2b00-4519-9714-bb95e44bec97,3f9fc8a1-0bb8-463b-b2fc-104cab528e5f,2026-02-03T14:22:15.000Z,2026-02-03T14:57:52.000Z,3f9fc8a1-0bb8-463b-b2fc-104cab528e5f,-31.793091,-60.507603,3,6479793,735980,20J,Reconocida,Lapacho,36,150,https://five.epicollect.net/api/media/plan-de-arbolado-parana-2024-2028?type=photo&format=entry_original&name=3f9fc8a1-0bb8-463b-b2fc-104cab528e5f_1770128527.jpg,,Si,Saludable ,,Saludable,,Vivero municipal,Alineación,No,Natural,
39668d9f-2b00-4519-9714-bb95e44bec97,0ca1c5ac-7eb0-4ec7-8e6e-c83754570eaa,2026-02-03T14:21:43.000Z,2026-02-03T14:57:50.000Z,0ca1c5ac-7eb0-4ec7-8e6e-c83754570eaa,-31.79311,-60.507445,3,6479790,735995,20J,Reconocida,Lapacho,36,170,https://five.epicollect.net/api/media/plan-de-arbolado-parana-2024-2028?type=photo&format=entry_original&name=0ca1c5ac-7eb0-4ec7-8e6e-c83754570eaa_1770128492.jpg,,Si,Saludable ,,Saludable,,Vivero municipal,Alineación,No,Natural,
39668d9f-2b00-4519-9714-bb95e44bec97,2723c2bd-fc22-49d8-8c85-4eb4f84d5bdb,2026-02-03T14:20:58.000Z,2026-02-03T14:57:49.000Z,2723c2bd-fc22-49d8-8c85-4eb4f84d5bdb,-31.793138,-60.50723,3,6479787,736015,20J,Reconocida,Lapacho,36,150,https://five.epicollect.net/api/media/plan-de-arbolado-parana-2024-2028?type=photo&format=entry_original&name=2723c2bd-fc22-49d8-8c85-4eb4f84d5bdb_1770128447.jpg,Falta protección para hormigas.Estrés hidrico,Si,Saludable ,,Saludable,,Vivero municipal,Alineación,No,Natural,
39668d9f-2b00-4519-9714-bb95e44bec97,78d3b4a2-78d7-4455-993c-ce995aa53a42,2026-02-03T14:20:23.000Z,2026-02-03T14:57:47.000Z,78d3b4a2-78d7-4455-993c-ce995aa53a42,-31.793186,-60.507139,4,6479781,736024,20J,Reconocida,Lapacho,36,150,https://five.epicollect.net/api/media/plan-de-arbolado-parana-2024-2028?type=photo&format=entry_original&name=78d3b4a2-78d7-4455-993c-ce995aa53a42_1770128413.jpg,Falta protección para hormigas.Estrés hidrico,Si,Saludable ,,Saludable,,Vivero municipal,Alineación,No,Natural,
39668d9f-2b00-4519-9714-bb95e44bec97,23f5d1e3-d833-49a6-946c-bc1a5b5ad02b,2026-02-03T14:19:50.000Z,2026-02-03T14:57:43.000Z,23f5d1e3-d833-49a6-946c-bc1a5b5ad02b,-31.793169,-60.507016,3,6479783,736036,20J,Reconocida,Lapacho,36,200,https://five.epicollect.net/api/media/plan-de-arbolado-parana-2024-2028?type=photo&format=entry_original&name=23f5d1e3-d833-49a6-946c-bc1a5b5ad02b_1770128381.jpg,,Si,Saludable ,,Saludable,,Vivero municipal,Alineación,No,Natural,
39668d9f-2b00-4519-9714-bb95e44bec97,4656cbb6-17c1-40e7-819e-406787aaa9f6,2026-02-03T14:19:10.000Z,2026-02-03T14:57:41.000Z,4656cbb6-17c1-40e7-819e-406787aaa9f6,-31.793201,-60.506925,3,6479779,736044,20J,Reconocida,Lapacho,36,150,https://five.epicollect.net/api/media/plan-de-arbolado-parana-2024-2028?type=photo&format=entry_original&name=4656cbb6-17c1-40e7-819e-406787aaa9f6_1770128332.jpg,Falta protección para hormigas.Estrés hidrico,Si,Saludable ,,Saludable,,Vivero municipal,Alineación,No,Natural,
39668d9f-2b00-4519-9714-bb95e44bec97,25b7b96a-69b3-47cc-b585-23cc8e5d2a8f,2026-02-03T14:18:24.000Z,2026-02-03T14:57:40.000Z,25b7b96a-69b3-47cc-b585-23cc8e5d2a8f,-31.793203,-60.506793,3,6479778,736057,20J,Reconocida,Lapacho,36,150,https://five.epicollect.net/api/media/plan-de-arbolado-parana-2024-2028?type=photo&format=entry_original&name=25b7b96a-69b3-47cc-b585-23cc8e5d2a8f_1770128295.jpg,,Si,Saludable ,,Saludable,,Vivero municipal,Alineación,No,Natural,
39668d9f-2b00-4519-9714-bb95e44bec97,de335c1f-74ad-4e1f-95ec-fa18d8924347,2026-02-03T14:17:34.000Z,2026-02-03T14:57:38.000Z,de335c1f-74ad-4e1f-95ec-fa18d8924347,-31.793084,-60.506473,3,6479791,736087,20J,Reconocida,Pesuña de Vaca,36,200,https://five.epicollect.net/api/media/plan-de-arbolado-parana-2024-2028?type=photo&format=entry_original&name=de335c1f-74ad-4e1f-95ec-fa18d8924347_1770128245.jpg,,Si,Saludable ,,Saludable,,Vivero municipal,Alineación,No,Natural,
39668d9f-2b00-4519-9714-bb95e44bec97,124a87dc-f2e1-4a85-96e1-e8aef672c068,2026-02-03T14:17:01.000Z,2026-02-03T14:57:35.000Z,124a87dc-f2e1-4a85-96e1-e8aef672c068,-31.792991,-60.506513,3,6479801,736084,20J,Reconocida,Pesuña de Vaca,36,200,https://five.epicollect.net/api/media/plan-de-arbolado-parana-2024-2028?type=photo&format=entry_original&name=124a87dc-f2e1-4a85-96e1-e8aef672c068_1770128213.jpg,,Si,Saludable ,,Saludable,,Vivero municipal,Alineación,No,Natural,
39668d9f-2b00-4519-9714-bb95e44bec97,c210286f-fa21-4e80-8f2c-85246a13f140,2026-02-03T14:16:30.000Z,2026-02-03T14:57:34.000Z,c210286f-fa21-4e80-8f2c-85246a13f140,-31.792931,-60.506518,3,6479808,736083,20J,Reconocida,Pesuña de Vaca,36,200,https://five.epicollect.net/api/media/plan-de-arbolado-parana-2024-2028?type=photo&format=entry_original&name=c210286f-fa21-4e80-8f2c-85246a13f140_1770128181.jpg,,Si,Saludable ,,Saludable,,Vivero municipal,Alineación,No,Natural,
39668d9f-2b00-4519-9714-bb95e44bec97,7221c217-d831-491a-bcca-991de0e41a4f,2026-02-03T14:15:57.000Z,2026-02-03T14:57:32.000Z,7221c217-d831-491a-bcca-991de0e41a4f,-31.7928,-60.50646,5,6479822,736089,20J,Reconocida,Pesuña de Vaca,36,200,https://five.epicollect.net/api/media/plan-de-arbolado-parana-2024-2028?type=photo&format=entry_original&name=7221c217-d831-491a-bcca-991de0e41a4f_1770128142.jpg,.Estrés hidrico,Si,Saludable ,,Saludable,,Vivero municipal,Alineación,No,Natural,
39668d9f-2b00-4519-9714-bb95e44bec97,f4d63233-af31-4e13-8206-4018dd9c95ad,2026-02-03T14:15:17.000Z,2026-02-03T14:57:30.000Z,f4d63233-af31-4e13-8206-4018dd9c95ad,-31.792743,-60.506467,3,6479829,736089,20J,Reconocida,Pesuña de Vaca,36,170,https://five.epicollect.net/api/media/plan-de-arbolado-parana-2024-2028?type=photo&format=entry_original&name=f4d63233-af31-4e13-8206-4018dd9c95ad_1770128102.jpg,Estrés hidrico,Si,Saludable ,,Saludable,,Vivero municipal,Alineación,No,Natural,
39668d9f-2b00-4519-9714-bb95e44bec97,11129918-5aab-446b-8fad-2ba6f7b15f66,2026-02-03T14:14:39.000Z,2026-02-03T14:57:28.000Z,11129918-5aab-446b-8fad-2ba6f7b15f66,-31.792674,-60.506448,3,6479836,736091,20J,Reconocida,Pesuña de Vaca,36,200,https://five.epicollect.net/api/media/plan-de-arbolado-parana-2024-2028?type=photo&format=entry_original&name=11129918-5aab-446b-8fad-2ba6f7b15f66_1770128064.jpg,Estrés hidrico,Si,Saludable ,,Saludable,,Vivero municipal,Parques y/o plazas,No,Natural,
39668d9f-2b00-4519-9714-bb95e44bec97,ad41532e-34f1-4a06-9b55-ebe2f5e56bda,2026-02-03T14:13:39.000Z,2026-02-03T14:57:27.000Z,ad41532e-34f1-4a06-9b55-ebe2f5e56bda,-31.792501,-60.506691,3,6479856,736068,20J,Reconocida,Lapacho,36,150,https://five.epicollect.net/api/media/plan-de-arbolado-parana-2024-2028?type=photo&format=entry_original&name=ad41532e-34f1-4a06-9b55-ebe2f5e56bda_1770128008.jpg,,Si,Saludable ,,Saludable,,Vivero municipal,Alineación,No,Natural,
39668d9f-2b00-4519-9714-bb95e44bec97,77b9881d-07dc-4e55-9886-31af9ac9cad1,2026-02-03T14:13:06.000Z,2026-02-03T14:57:25.000Z,77b9881d-07dc-4e55-9886-31af9ac9cad1,-31.792484,-60.50678,3,6479858,736060,20J,Reconocida,Lapacho,36,200,https://five.epicollect.net/api/media/plan-de-arbolado-parana-2024-2028?type=photo&format=entry_original&name=77b9881d-07dc-4e55-9886-31af9ac9cad1_1770127969.jpg,Falta protección para hormigas.,Si,Saludable ,,Saludable,,Vivero municipal,Alineación,No,Natural,
39668d9f-2b00-4519-9714-bb95e44bec97,4221b4f0-b5ce-429c-baa2-c386d2caaf97,2026-02-03T14:12:11.000Z,2026-02-03T14:57:23.000Z,4221b4f0-b5ce-429c-baa2-c386d2caaf97,-31.792403,-60.507095,3,6479868,736030,20J,Reconocida,Lapacho,36,170,https://five.epicollect.net/api/media/plan-de-arbolado-parana-2024-2028?type=photo&format=entry_original&name=4221b4f0-b5ce-429c-baa2-c386d2caaf97_1770127922.jpg,,Si,Saludable ,,Saludable,,Vivero municipal,Alineación,No,Natural,
39668d9f-2b00-4519-9714-bb95e44bec97,aca88dc4-9e19-4fc5-b5a9-f44a7047bbbf,2026-02-03T14:11:39.000Z,2026-02-03T14:57:21.000Z,aca88dc4-9e19-4fc5-b5a9-f44a7047bbbf,-31.792402,-60.5072,3,6479868,736020,20J,Reconocida,Lapacho,36,150,https://five.epicollect.net/api/media/plan-de-arbolado-parana-2024-2028?type=photo&format=entry_original&name=aca88dc4-9e19-4fc5-b5a9-f44a7047bbbf_1770127883.jpg,Falta protección para hormigas.,Si,Saludable ,,Saludable,,Vivero municipal,Alineación,No,Natural,
39668d9f-2b00-4519-9714-bb95e44bec97,39c87694-68c4-4fb9-bad4-77bbaf08f463,2026-02-03T14:10:59.000Z,2026-02-03T14:57:19.000Z,39c87694-68c4-4fb9-bad4-77bbaf08f463,-31.7924,-60.507314,3,6479869,736009,20J,Reconocida,Lapacho,36,150,https://five.epicollect.net/api/media/plan-de-arbolado-parana-2024-2028?type=photo&format=entry_original&name=39c87694-68c4-4fb9-bad4-77bbaf08f463_1770127850.jpg,,Si,Saludable ,,Saludable,,Vivero municipal,Alineación,No,Natural,
39668d9f-2b00-4519-9714-bb95e44bec97,bd0fde6e-a36b-428f-9e15-7e32bb074a16,2026-02-03T14:10:16.000Z,2026-02-03T14:57:17.000Z,bd0fde6e-a36b-428f-9e15-7e32bb074a16,-31.792386,-60.507409,3,6479870,736000,20J,Reconocida,Lapacho,36,175,https://five.epicollect.net/api/media/plan-de-arbolado-parana-2024-2028?type=photo&format=entry_original&name=bd0fde6e-a36b-428f-9e15-7e32bb074a16_1770127798.jpg,Falta protección para hormigas.,Si,Saludable ,,Saludable,,Vivero municipal,Alineación,No,Natural,
39668d9f-2b00-4519-9714-bb95e44bec97,f726c3e0-cdb4-482e-a866-411f4802c5d0,2026-02-03T14:09:04.000Z,2026-02-03T14:57:16.000Z,f726c3e0-cdb4-482e-a866-411f4802c5d0,-31.792484,-60.507666,3,6479860,735976,20J,Reconocida,Pesuña de Vaca,36,200,https://five.epicollect.net/api/media/plan-de-arbolado-parana-2024-2028?type=photo&format=entry_original&name=f726c3e0-cdb4-482e-a866-411f4802c5d0_1770127737.jpg,,Si,Saludable ,,Saludable,,Vivero municipal,Alineación,No,Natural,
39668d9f-2b00-4519-9714-bb95e44bec97,3915862f-8d5d-420d-9e07-250909b4225a,2026-02-03T14:08:29.000Z,2026-02-03T14:57:14.000Z,3915862f-8d5d-420d-9e07-250909b4225a,-31.792578,-60.507698,3,6479850,735973,20J,Reconocida,Pesuña de Vaca,36,200,https://five.epicollect.net/api/media/plan-de-arbolado-parana-2024-2028?type=photo&format=entry_original&name=3915862f-8d5d-420d-9e07-250909b4225a_1770127680.jpg,Falta protección para hormigas.Estrés hidrico. Sin tutor. Necesita intervención urgente,Si,Saludable ,,Saludable,,Vivero municipal,Alineación,No,Natural,
39668d9f-2b00-4519-9714-bb95e44bec97,11377705-3ba9-4d73-a015-ea7c920a7cfa,2026-02-03T14:07:23.000Z,2026-02-03T14:57:12.000Z,11377705-3ba9-4d73-a015-ea7c920a7cfa,-31.792705,-60.507696,3,6479836,735972,20J,Reconocida,Pesuña de Vaca,36,200,https://five.epicollect.net/api/media/plan-de-arbolado-parana-2024-2028?type=photo&format=entry_original&name=11377705-3ba9-4d73-a015-ea7c920a7cfa_1770127621.jpg,Falta protección para hormigas y tutor,Si,Saludable ,,Saludable,,Vivero municipal,Alineación,No,Natural,
39668d9f-2b00-4519-9714-bb95e44bec97,fca4de41-c728-47ff-a969-90cd35c47abe,2026-02-03T14:06:30.000Z,2026-02-03T14:57:10.000Z,fca4de41-c728-47ff-a969-90cd35c47abe,-31.792751,-60.507713,3,6479830,735971,20J,Reconocida,Pesuña de Vaca,36,200,https://five.epicollect.net/api/media/plan-de-arbolado-parana-2024-2028?type=photo&format=entry_original&name=fca4de41-c728-47ff-a969-90cd35c47abe_1770127572.jpg,Falta protección para hormigas y tutor,Si,Saludable ,,Saludable,,Vivero municipal,Alineación,No,Natural,
39668d9f-2b00-4519-9714-bb95e44bec97,16d889dd-1ed1-4978-af41-e78c20b356d3,2026-02-03T14:05:21.000Z,2026-02-03T14:57:09.000Z,16d889dd-1ed1-4978-af41-e78c20b356d3,-31.792842,-60.507752,3,6479820,735967,20J,Reconocida,Pesuña de Vaca,36,200,https://five.epicollect.net/api/media/plan-de-arbolado-parana-2024-2028?type=photo&format=entry_original&name=16d889dd-1ed1-4978-af41-e78c20b356d3_1770127493.jpg,,Si,Saludable ,,Saludable,,Vivero municipal,Alineación,No,Natural,
39668d9f-2b00-4519-9714-bb95e44bec97,2c02d89b-1f3b-4ad0-972f-21341ea044de,2026-02-03T14:04:14.000Z,2026-02-03T14:56:30.000Z,2c02d89b-1f3b-4ad0-972f-21341ea044de,-31.792932,-60.507735,3,6479810,735968,20J,Reconocida,Pesuña de Vaca,36,100,https://five.epicollect.net/api/media/plan-de-arbolado-parana-2024-2028?type=photo&format=entry_original&name=2c02d89b-1f3b-4ad0-972f-21341ea044de_1770127431.jpg,Falta protección para hormigas.Estrés hidrico. Sin tutor,Si,Saludable ,,Saludable,,Vivero municipal,Alineación,No,Natural,
39668d9f-2b00-4519-9714-bb95e44bec97,a6723123-13f5-4cfd-b786-d11772d16343,2026-02-03T14:00:44.000Z,2026-02-03T14:56:23.000Z,a6723123-13f5-4cfd-b786-d11772d16343,-31.7921,-60.507675,3,6479903,735976,20J,Reconocida,Pesuña de Vaca,36,200,https://five.epicollect.net/api/media/plan-de-arbolado-parana-2024-2028?type=photo&format=entry_original&name=a6723123-13f5-4cfd-b786-d11772d16343_1770127236.jpg,,Si,Saludable ,,Saludable,,Vivero municipal,Alineación,No,Natural,
39668d9f-2b00-4519-9714-bb95e44bec97,7717711b-67cf-44a4-b38e-7e09481bea6a,2026-02-03T14:00:10.000Z,2026-02-03T14:56:20.000Z,7717711b-67cf-44a4-b38e-7e09481bea6a,-31792,-60.50766,5,6479914,735978,20J,Reconocida,Pesuña de Vaca,36,200,https://five.epicollect.net/api/media/plan-de-arbolado-parana-2024-2028?type=photo&format=entry_original&name=7717711b-67cf-44a4-b38e-7e09481bea6a_1770127198.jpg,,Si,Saludable ,,Saludable,,Vivero municipal,Alineación,No,Natural,
39668d9f-2b00-4519-9714-bb95e44bec97,c57c82ec-9ec1-41bb-9a3c-08a104d216a5,2026-02-03T13:59:33.000Z,2026-02-03T14:56:09.000Z,c57c82ec-9ec1-41bb-9a3c-08a104d216a5,-31.791905,-60.507652,3,6479924,735979,20J,Reconocida,Pesuña de Vaca,36,210,https://five.epicollect.net/api/media/plan-de-arbolado-parana-2024-2028?type=photo&format=entry_original&name=c57c82ec-9ec1-41bb-9a3c-08a104d216a5_1770127165.jpg,,Si,Saludable ,,Saludable,,Vivero municipal,Alineación,No,Natural,
39668d9f-2b00-4519-9714-bb95e44bec97,427bb6f9-c951-48f9-9d80-2b507e953c56,2026-02-03T13:58:52.000Z,2026-02-03T14:55:56.000Z,427bb6f9-c951-48f9-9d80-2b507e953c56,-31.791931,-60.507537,4,6479921,735989,20J,Reconocida,Pesuña de Vaca,36,200,https://five.epicollect.net/api/media/plan-de-arbolado-parana-2024-2028?type=photo&format=entry_original&name=427bb6f9-c951-48f9-9d80-2b507e953c56_1770127124.jpg,,Si,Saludable ,,Saludable,,Vivero municipal,Alineación,No,Natural,
39668d9f-2b00-4519-9714-bb95e44bec97,414f61dc-cd64-4e57-b1f0-eae44c7e113e,2026-02-03T13:58:15.000Z,2026-02-03T14:55:48.000Z,414f61dc-cd64-4e57-b1f0-eae44c7e113e,-31.792023,-60.507544,4,6479911,735989,20J,Reconocida,Pesuña de Vaca,36,150,https://five.epicollect.net/api/media/plan-de-arbolado-parana-2024-2028?type=photo&format=entry_original&name=414f61dc-cd64-4e57-b1f0-eae44c7e113e_1770127085.jpg,,Si,Saludable ,,Saludable,,Vivero municipal,Alineación,No,Natural,
39668d9f-2b00-4519-9714-bb95e44bec97,cefba614-e960-486a-9e39-0d2b39fc624f,2026-02-03T13:57:37.000Z,2026-02-03T14:55:36.000Z,cefba614-e960-486a-9e39-0d2b39fc624f,-31.792111,-60.507578,3,6479901,735985,20J,Reconocida,Pesuña de Vaca,36,208,https://five.epicollect.net/api/media/plan-de-arbolado-parana-2024-2028?type=photo&format=entry_original&name=cefba614-e960-486a-9e39-0d2b39fc624f_1770127046.jpg,,Si,Saludable ,,Saludable,,Vivero municipal,Alineación,No,Natural,
39668d9f-2b00-4519-9714-bb95e44bec97,c8daa0a0-43ca-4298-8be2-b15d43d97ff9,2026-02-03T13:56:56.000Z,2026-02-03T14:55:20.000Z,c8daa0a0-43ca-4298-8be2-b15d43d97ff9,-31.7923,-60.507415,4,6479880,736000,20J,Reconocida,Lapacho,36,150,https://five.epicollect.net/api/media/plan-de-arbolado-parana-2024-2028?type=photo&format=entry_original&name=c8daa0a0-43ca-4298-8be2-b15d43d97ff9_1770126994.jpg,,Si,Saludable ,,Saludable,,Vivero municipal,Alineación,No,Natural,
39668d9f-2b00-4519-9714-bb95e44bec97,2c3c6f41-fa50-47ce-9668-348134e36cac,2026-02-03T13:54:43.000Z,2026-02-03T14:55:11.000Z,2c3c6f41-fa50-47ce-9668-348134e36cac,-31.792312,-60.507297,3,6479878,736011,20J,Reconocida,Lapacho,36,150,https://five.epicollect.net/api/media/plan-de-arbolado-parana-2024-2028?type=photo&format=entry_original&name=2c3c6f41-fa50-47ce-9668-348134e36cac_1770126875.jpg,,Si,Saludable ,,Saludable,,Vivero municipal,Alineación,No,Natural,
39668d9f-2b00-4519-9714-bb95e44bec97,38bf5bc0-af29-4cca-8ae7-326034c9fa1c,2026-02-03T13:54:12.000Z,2026-02-03T14:54:43.000Z,38bf5bc0-af29-4cca-8ae7-326034c9fa1c,-31.792313,-60.507175,3,6479878,736023,20J,Reconocida,Lapacho,36,175,https://five.epicollect.net/api/media/plan-de-arbolado-parana-2024-2028?type=photo&format=entry_original&name=38bf5bc0-af29-4cca-8ae7-326034c9fa1c_1770126843.jpg,,Si,Saludable ,,Saludable,,Vivero municipal,Alineación,No,Natural,
39668d9f-2b00-4519-9714-bb95e44bec97,739c464a-993c-4c50-a32e-be53bd62972c,2026-02-03T13:53:37.000Z,2026-02-03T14:54:41.000Z,739c464a-993c-4c50-a32e-be53bd62972c,-31.792347,-60.507083,4,6479874,736031,20J,Reconocida,Lapacho,36,150,https://five.epicollect.net/api/media/plan-de-arbolado-parana-2024-2028?type=photo&format=entry_original&name=739c464a-993c-4c50-a32e-be53bd62972c_1770126794.jpg,,Si,Saludable ,,Saludable,,Vivero municipal,Alineación,No,Natural,
39668d9f-2b00-4519-9714-bb95e44bec97,e6cf183f-9705-431d-ae39-79d6f499d017,2026-02-03T13:52:57.000Z,2026-02-03T14:54:33.000Z,e6cf183f-9705-431d-ae39-79d6f499d017,-31.792374,-60.506968,3,6479871,736042,20J,Reconocida,Lapacho,36,175,https://five.epicollect.net/api/media/plan-de-arbolado-parana-2024-2028?type=photo&format=entry_original&name=e6cf183f-9705-431d-ae39-79d6f499d017_1770126769.jpg,,Si,Saludable ,,Saludable,,Vivero municipal,Alineación,No,Natural,
39668d9f-2b00-4519-9714-bb95e44bec97,7838277a-13a6-4df4-826b-f6372054f26d,2026-02-03T13:52:19.000Z,2026-02-03T14:54:31.000Z,7838277a-13a6-4df4-826b-f6372054f26d,-31.792381,-60.506884,3,6479870,736050,20J,Reconocida,Lapacho,36,200,https://five.epicollect.net/api/media/plan-de-arbolado-parana-2024-2028?type=photo&format=entry_original&name=7838277a-13a6-4df4-826b-f6372054f26d_1770126730.jpg,,Si,Saludable ,,Saludable,,Vivero municipal,Alineación,No,Natural,
39668d9f-2b00-4519-9714-bb95e44bec97,0d6ea11c-e866-48d1-ba64-6699cc9a0387,2026-02-03T13:51:41.000Z,2026-02-03T14:54:29.000Z,0d6ea11c-e866-48d1-ba64-6699cc9a0387,-31.792427,-60.506754,5,6479864,736062,20J,Reconocida,Lapacho,36,150,https://five.epicollect.net/api/media/plan-de-arbolado-parana-2024-2028?type=photo&format=entry_original&name=0d6ea11c-e866-48d1-ba64-6699cc9a0387_1770126688.jpg,Falta protección para hormigas.Estrés hidrico,Si,Saludable ,,Saludable,,Vivero municipal,Alineación,No,Natural,
39668d9f-2b00-4519-9714-bb95e44bec97,6b099ed2-2d23-42b0-9479-4d3d1c889086,2026-02-03T13:50:30.000Z,2026-02-03T14:54:27.000Z,6b099ed2-2d23-42b0-9479-4d3d1c889086,-31.792303,-60.506362,3,6479877,736100,20J,Reconocida,Pesuña de Vaca,36,200,https://five.epicollect.net/api/media/plan-de-arbolado-parana-2024-2028?type=photo&format=entry_original&name=6b099ed2-2d23-42b0-9479-4d3d1c889086_1770126611.jpg,Estrés hidrico,Si,Saludable ,,Saludable,,Vivero municipal,Alineación,No,Natural,
39668d9f-2b00-4519-9714-bb95e44bec97,adacae7c-2814-46a6-b52c-303d77d3da04,2026-02-03T13:49:36.000Z,2026-02-03T14:54:25.000Z,adacae7c-2814-46a6-b52c-303d77d3da04,-31.792212,-60.506367,4,6479887,736100,20J,Reconocida,Pesuña de Vaca,36,200,https://five.epicollect.net/api/media/plan-de-arbolado-parana-2024-2028?type=photo&format=entry_original&name=adacae7c-2814-46a6-b52c-303d77d3da04_1770126559.jpg,,Si,Saludable ,,Saludable,,Vivero municipal,Alineación,No,Natural,
39668d9f-2b00-4519-9714-bb95e44bec97,b8b2cc18-57e9-4efa-b436-118bae4f64cc,2026-02-03T13:48:58.000Z,2026-02-03T14:54:22.000Z,b8b2cc18-57e9-4efa-b436-118bae4f64cc,-31.792092,-60.506315,3,6479901,736105,20J,Reconocida,Pesuña de Vaca,36,200,https://five.epicollect.net/api/media/plan-de-arbolado-parana-2024-2028?type=photo&format=entry_original&name=b8b2cc18-57e9-4efa-b436-118bae4f64cc_1770126527.jpg,,Si,Saludable ,,Saludable,,Vivero municipal,Alineación,No,Natural,
39668d9f-2b00-4519-9714-bb95e44bec97,38af0064-15cb-48a7-a014-4fbe2d1b3230,2026-02-03T13:48:23.000Z,2026-02-03T14:54:20.000Z,38af0064-15cb-48a7-a014-4fbe2d1b3230,-31.792136,-60.506265,3,6479896,736109,20J,Reconocida,Pesuña de Vaca,36,200,https://five.epicollect.net/api/media/plan-de-arbolado-parana-2024-2028?type=photo&format=entry_original&name=38af0064-15cb-48a7-a014-4fbe2d1b3230_1770126494.jpg,,Si,Saludable ,,Saludable,,Vivero municipal,Alineación,No,Natural,
39668d9f-2b00-4519-9714-bb95e44bec97,987a1027-2d97-4a22-b358-f2f6e0dc66fb,2026-02-03T13:47:46.000Z,2026-02-03T14:54:18.000Z,987a1027-2d97-4a22-b358-f2f6e0dc66fb,-31.792222,-60.506268,3,6479886,736109,20J,Reconocida,Pesuña de Vaca,36,200,https://five.epicollect.net/api/media/plan-de-arbolado-parana-2024-2028?type=photo&format=entry_original&name=987a1027-2d97-4a22-b358-f2f6e0dc66fb_1770126447.jpg,,Si,Saludable ,,Saludable,,Vivero municipal,Alineación,No,Natural,
39668d9f-2b00-4519-9714-bb95e44bec97,dfc32583-cafc-4889-a168-9820e734fa2d,2026-02-03T13:47:00.000Z,2026-02-03T14:54:16.000Z,dfc32583-cafc-4889-a168-9820e734fa2d,-31.792336,-60.506283,3,6479873,736107,20J,Reconocida,Pesuña de Vaca,36,210,https://five.epicollect.net/api/media/plan-de-arbolado-parana-2024-2028?type=photo&format=entry_original&name=dfc32583-cafc-4889-a168-9820e734fa2d_1770126410.jpg,,Si,Saludable ,,Saludable,,Vivero municipal,Alineación,No,Natural,
39668d9f-2b00-4519-9714-bb95e44bec97,2ed114c6-7ca3-43ec-b0bb-eac4bad1c84e,2026-02-03T13:46:03.000Z,2026-02-03T14:54:14.000Z,2ed114c6-7ca3-43ec-b0bb-eac4bad1c84e,-31.792523,-60.505979,3,6479852,736135,20J,Reconocida,Lapacho,36,150,https://five.epicollect.net/api/media/plan-de-arbolado-parana-2024-2028?type=photo&format=entry_original&name=2ed114c6-7ca3-43ec-b0bb-eac4bad1c84e_1770126347.jpg,Falta protección para hormigas.Estrés hidrico,Si,Saludable ,,Saludable,,Vivero municipal,Alineación,No,Natural,
39668d9f-2b00-4519-9714-bb95e44bec97,b5ad1d1e-3516-48a4-b8f7-314f5e33b3ad,2026-02-03T13:45:11.000Z,2026-02-03T14:54:12.000Z,b5ad1d1e-3516-48a4-b8f7-314f5e33b3ad,-31.792524,-60.505876,3,6479852,736145,20J,Reconocida,Lapacho,36,100,https://five.epicollect.net/api/media/plan-de-arbolado-parana-2024-2028?type=photo&format=entry_original&name=b5ad1d1e-3516-48a4-b8f7-314f5e33b3ad_1770126269.jpg,Quebrado sin tutor ni protección para hormigas.,Si,Saludable ,,Saludable,,Vivero municipal,Alineación,No,Natural,
39668d9f-2b00-4519-9714-bb95e44bec97,edb979c7-9afc-4163-a095-71a440a43d38,2026-02-03T13:43:44.000Z,2026-02-03T14:54:09.000Z,edb979c7-9afc-4163-a095-71a440a43d38,-31.792574,-60.505673,3,6479846,736164,20J,Reconocida,Lapacho,36,150,https://five.epicollect.net/api/media/plan-de-arbolado-parana-2024-2028?type=photo&format=entry_original&name=edb979c7-9afc-4163-a095-71a440a43d38_1770126214.jpg,,Si,Saludable ,,Saludable,,Vivero municipal,Alineación,No,Natural,
39668d9f-2b00-4519-9714-bb95e44bec97,5f7b196c-b3ef-41bd-aba5-1e65a6026e07,2026-02-03T13:43:10.000Z,2026-02-03T14:54:07.000Z,5f7b196c-b3ef-41bd-aba5-1e65a6026e07,-31.792597,-60.505572,3,6479843,736174,20J,Reconocida,Lapacho,36,150,https://five.epicollect.net/api/media/plan-de-arbolado-parana-2024-2028?type=photo&format=entry_original&name=5f7b196c-b3ef-41bd-aba5-1e65a6026e07_1770126180.jpg,,Si,Saludable ,,Saludable,,Vivero municipal,Alineación,No,Natural,
39668d9f-2b00-4519-9714-bb95e44bec97,0d3e4e6e-f1a7-4424-9762-3a8bb804b51c,2026-02-03T13:42:32.000Z,2026-02-03T14:54:06.000Z,0d3e4e6e-f1a7-4424-9762-3a8bb804b51c,-31.792615,-60.505343,3,6479840,736195,20J,Reconocida,Lapacho,36,150,https://five.epicollect.net/api/media/plan-de-arbolado-parana-2024-2028?type=photo&format=entry_original&name=0d3e4e6e-f1a7-4424-9762-3a8bb804b51c_1770126144.jpg,,Si,Saludable ,,Saludable,,Vivero municipal,Alineación,No,Natural,
39668d9f-2b00-4519-9714-bb95e44bec97,7fcb0348-f3cc-4d57-a35f-34be37c746af,2026-02-03T13:41:58.000Z,2026-02-03T14:54:04.000Z,7fcb0348-f3cc-4d57-a35f-34be37c746af,-31.792668,-60.505195,3,6479834,736209,20J,Reconocida,Lapacho,36,150,https://five.epicollect.net/api/media/plan-de-arbolado-parana-2024-2028?type=photo&format=entry_original&name=7fcb0348-f3cc-4d57-a35f-34be37c746af_1770126103.jpg,Falta protección para hormigas.Estrés hidrico,Si,Saludable ,,Saludable,,Vivero municipal,Alineación,No,Natural,
39668d9f-2b00-4519-9714-bb95e44bec97,4a214125-6e43-4298-98fc-76982461b9f8,2026-02-03T13:40:59.000Z,2026-02-03T14:54:02.000Z,4a214125-6e43-4298-98fc-76982461b9f8,-31.79253,-60.504912,5,6479849,736236,20J,Reconocida,Lapacho,36,210,https://five.epicollect.net/api/media/plan-de-arbolado-parana-2024-2028?type=photo&format=entry_original&name=4a214125-6e43-4298-98fc-76982461b9f8_1770126045.jpg,,Si,Saludable ,,Saludable,,Vivero municipal,Alineación,No,Natural,
39668d9f-2b00-4519-9714-bb95e44bec97,a252fa6f-76e9-46ec-b49b-d8cdf8d5c390,2026-02-03T13:40:18.000Z,2026-02-03T14:53:59.000Z,a252fa6f-76e9-46ec-b49b-d8cdf8d5c390,-31.792447,-60.504878,4,6479858,736240,20J,Reconocida,Lapacho,36,200,https://five.epicollect.net/api/media/plan-de-arbolado-parana-2024-2028?type=photo&format=entry_original&name=a252fa6f-76e9-46ec-b49b-d8cdf8d5c390_1770126008.jpg,,Si,Saludable ,,Saludable,,Vivero municipal,Alineación,No,Natural,
39668d9f-2b00-4519-9714-bb95e44bec97,d6b379ac-1ec2-4d74-b7f3-7f47582aa955,2026-02-03T13:39:41.000Z,2026-02-03T14:53:58.000Z,d6b379ac-1ec2-4d74-b7f3-7f47582aa955,-31.792368,-60.504851,11,6479867,736243,20J,Reconocida,Lapacho,36,150,https://five.epicollect.net/api/media/plan-de-arbolado-parana-2024-2028?type=photo&format=entry_original&name=d6b379ac-1ec2-4d74-b7f3-7f47582aa955_1770125971.jpg,,Si,Saludable ,,Saludable,,Vivero municipal,Alineación,No,Natural,
39668d9f-2b00-4519-9714-bb95e44bec97,1d226e9f-3c6e-4a15-91ee-3ce02da755ca,2026-02-03T13:36:37.000Z,2026-02-03T14:53:56.000Z,1d226e9f-3c6e-4a15-91ee-3ce02da755ca,-31.793239,-60.505051,5,6479771,736222,20J,Reconocida,Lapacho,36,175,https://five.epicollect.net/api/media/plan-de-arbolado-parana-2024-2028?type=photo&format=entry_original&name=1d226e9f-3c6e-4a15-91ee-3ce02da755ca_1770125777.jpg,,Si,Saludable ,,Saludable,,Vivero municipal,Alineación,No,Natural,
39668d9f-2b00-4519-9714-bb95e44bec97,61d008b9-c30f-4894-ac44-a38e4c947cb7,2026-02-03T13:35:48.000Z,2026-02-03T14:53:54.000Z,61d008b9-c30f-4894-ac44-a38e4c947cb7,-31.793188,-60.505046,7,6479776,736222,20J,Reconocida,Lapacho,36,200,https://five.epicollect.net/api/media/plan-de-arbolado-parana-2024-2028?type=photo&format=entry_original&name=61d008b9-c30f-4894-ac44-a38e4c947cb7_1770125738.jpg,,Si,Saludable ,,Saludable,,Vivero municipal,Alineación,No,Natural,
39668d9f-2b00-4519-9714-bb95e44bec97,d175051e-bfdc-44f4-bede-08d214c8e371,2026-02-03T13:35:08.000Z,2026-02-03T14:53:53.000Z,d175051e-bfdc-44f4-bede-08d214c8e371,-31.793104,-60.505013,5,6479785,736225,20J,Reconocida,Lapacho,36,200,https://five.epicollect.net/api/media/plan-de-arbolado-parana-2024-2028?type=photo&format=entry_original&name=d175051e-bfdc-44f4-bede-08d214c8e371_1770125698.jpg,,Si,Saludable ,,Saludable,,Vivero municipal,Alineación,No,Natural,
39668d9f-2b00-4519-9714-bb95e44bec97,ecb6244f-d9e2-47a2-b60c-84ccbadc152a,2026-02-03T13:34:33.000Z,2026-02-03T14:53:51.000Z,ecb6244f-d9e2-47a2-b60c-84ccbadc152a,-31.793032,-60.504967,4,6479793,736230,20J,Reconocida,Lapacho,36,175,https://five.epicollect.net/api/media/plan-de-arbolado-parana-2024-2028?type=photo&format=entry_original&name=ecb6244f-d9e2-47a2-b60c-84ccbadc152a_1770125661.jpg,,Si,Saludable ,,Saludable,,Vivero municipal,Alineación,No,Natural,
39668d9f-2b00-4519-9714-bb95e44bec97,a1e85acd-c7d1-4b92-a5a4-ba930515c793,2026-02-03T13:33:55.000Z,2026-02-03T14:53:49.000Z,a1e85acd-c7d1-4b92-a5a4-ba930515c793,-31.792935,-60.504982,4,6479804,736229,20J,Reconocida,Lapacho,36,210,https://five.epicollect.net/api/media/plan-de-arbolado-parana-2024-2028?type=photo&format=entry_original&name=a1e85acd-c7d1-4b92-a5a4-ba930515c793_1770125615.jpg,Estrés hidrico,Si,Saludable ,,Saludable,,Vivero municipal,Alineación,No,Natural,
39668d9f-2b00-4519-9714-bb95e44bec97,2af02670-af9d-4b6d-99e2-ccfeb9b98080,2026-02-03T13:33:04.000Z,2026-02-03T14:53:48.000Z,2af02670-af9d-4b6d-99e2-ccfeb9b98080,-31.792883,-60.505019,5,6479810,736225,20J,Reconocida,Lapacho,36,175,https://five.epicollect.net/api/media/plan-de-arbolado-parana-2024-2028?type=photo&format=entry_original&name=2af02670-af9d-4b6d-99e2-ccfeb9b98080_1770125565.jpg,Estrés hidrico,Si,Saludable ,,Saludable,,Vivero municipal,Alineación,No,Natural,
39668d9f-2b00-4519-9714-bb95e44bec97,1eab24c2-1519-4ad9-af8e-ac5d1199fded,2026-02-03T13:31:52.000Z,2026-02-03T14:53:46.000Z,1eab24c2-1519-4ad9-af8e-ac5d1199fded,-31.792729,-60.505211,5,6479827,736208,20J,Reconocida,Lapacho,36,150,https://five.epicollect.net/api/media/plan-de-arbolado-parana-2024-2028?type=photo&format=entry_original&name=1eab24c2-1519-4ad9-af8e-ac5d1199fded_1770125498.jpg,Falta protección para hormigas.Estrés hidrico,Si,Saludable ,,Saludable,,Vivero municipal,Alineación,No,Natural,
39668d9f-2b00-4519-9714-bb95e44bec97,8cba6aef-6998-4990-9e3b-88e52b687e22,2026-02-03T13:31:04.000Z,2026-02-03T14:53:44.000Z,8cba6aef-6998-4990-9e3b-88e52b687e22,-31.792676,-60.50547,3,6479834,736183,20J,Reconocida,Lapacho,36,150,https://five.epicollect.net/api/media/plan-de-arbolado-parana-2024-2028?type=photo&format=entry_original&name=8cba6aef-6998-4990-9e3b-88e52b687e22_1770125451.jpg,Falta protección para hormigas.Estrés hidrico,Si,Saludable ,,Saludable,,Vivero municipal,Alineación,No,Natural,
39668d9f-2b00-4519-9714-bb95e44bec97,d9a98495-ed49-488b-ae80-0d22ac8b9ffb,2026-02-03T13:30:25.000Z,2026-02-03T14:53:42.000Z,d9a98495-ed49-488b-ae80-0d22ac8b9ffb,-31.792666,-60.505584,3,6479835,736173,20J,Reconocida,Lapacho,36,150,https://five.epicollect.net/api/media/plan-de-arbolado-parana-2024-2028?type=photo&format=entry_original&name=d9a98495-ed49-488b-ae80-0d22ac8b9ffb_1770125413.jpg,Falta protección para hormigas.Estrés hidrico,Si,Saludable ,,Saludable,,Vivero municipal,Alineación,No,Natural,
39668d9f-2b00-4519-9714-bb95e44bec97,2362e310-763e-4013-a66d-72779b9b021d,2026-02-03T13:29:31.000Z,2026-02-03T14:53:41.000Z,2362e310-763e-4013-a66d-72779b9b021d,-31.792604,-60.505894,3,6479843,736143,20J,Reconocida,Lapacho,36,150,https://five.epicollect.net/api/media/plan-de-arbolado-parana-2024-2028?type=photo&format=entry_original&name=2362e310-763e-4013-a66d-72779b9b021d_1770125360.jpg,Falta protección para hormigas.Estrés hidrico,Si,Saludable ,,Saludable,,Vivero municipal,Alineación,No,Natural,
39668d9f-2b00-4519-9714-bb95e44bec97,c22f73a2-02a1-4e1b-af5a-562d5d6665c5,2026-02-03T13:28:52.000Z,2026-02-03T14:53:39.000Z,c22f73a2-02a1-4e1b-af5a-562d5d6665c5,-31.792604,-60.505949,3,6479843,736138,20J,Reconocida,Lapacho,36,150,https://five.epicollect.net/api/media/plan-de-arbolado-parana-2024-2028?type=photo&format=entry_original&name=c22f73a2-02a1-4e1b-af5a-562d5d6665c5_1770125319.jpg,Falta protección para hormigas.Estrés hidrico,Si,Saludable ,,Saludable,,Vivero municipal,Alineación,No,Natural,
39668d9f-2b00-4519-9714-bb95e44bec97,5cb7992d-6646-4450-8dfe-4392caca1f35,2026-02-03T13:28:09.000Z,2026-02-03T14:53:37.000Z,5cb7992d-6646-4450-8dfe-4392caca1f35,-31.792579,-60.506126,3,6479846,736121,20J,Reconocida,Lapacho,36,150,https://five.epicollect.net/api/media/plan-de-arbolado-parana-2024-2028?type=photo&format=entry_original&name=5cb7992d-6646-4450-8dfe-4392caca1f35_1770125277.jpg,Falta protección para hormigas.Estrés hidrico,Si,Saludable ,,Saludable,,Vivero municipal,Alineación,No,Natural,
39668d9f-2b00-4519-9714-bb95e44bec97,08b917a4-3aed-434d-a91a-35ddc2410674,2026-02-03T13:27:09.000Z,2026-02-03T14:53:35.000Z,08b917a4-3aed-434d-a91a-35ddc2410674,-31.79269,-60.506368,3,6479834,736098,20J,Reconocida,Pesuña de Vaca,36,210,https://five.epicollect.net/api/media/plan-de-arbolado-parana-2024-2028?type=photo&format=entry_original&name=08b917a4-3aed-434d-a91a-35ddc2410674_1770125199.jpg,Falta protección para hormigas.Estrés hidrico,Si,Saludable ,,Saludable,,Vivero municipal,Alineación,No,Natural,
39668d9f-2b00-4519-9714-bb95e44bec97,e2c441ef-acd8-4f6c-9249-89e922d12422,2026-02-03T13:25:53.000Z,2026-02-03T14:53:33.000Z,e2c441ef-acd8-4f6c-9249-89e922d12422,-31.792791,-60.506406,3,6479823,736094,20J,Reconocida,Pesuña de Vaca,36,200,https://five.epicollect.net/api/media/plan-de-arbolado-parana-2024-2028?type=photo&format=entry_original&name=e2c441ef-acd8-4f6c-9249-89e922d12422_1770125141.jpg,Falta protección para hormigas.Estrés hidrico,Si,Saludable ,,Saludable,,Vivero municipal,Alineación,No,Natural,
39668d9f-2b00-4519-9714-bb95e44bec97,b3901c60-2dd6-4276-839a-d9bdc614185a,2026-02-03T13:25:10.000Z,2026-02-03T14:53:30.000Z,b3901c60-2dd6-4276-839a-d9bdc614185a,-31.792864,-60.506393,5,6479815,736095,20J,Reconocida,Pesuña de Vaca,36,200,https://five.epicollect.net/api/media/plan-de-arbolado-parana-2024-2028?type=photo&format=entry_original&name=b3901c60-2dd6-4276-839a-d9bdc614185a_1770125096.jpg,Falta protección para hormigas.Estrés hidrico,Si,Saludable ,,Saludable,,Vivero municipal,Alineación,No,Natural,
39668d9f-2b00-4519-9714-bb95e44bec97,0667f180-ebd4-48ad-a210-2dc77b361742,2026-02-03T13:24:18.000Z,2026-02-03T14:53:28.000Z,0667f180-ebd4-48ad-a210-2dc77b361742,-31.792972,-60.506438,3,6479803,736091,20J,Reconocida,Pesuña de Vaca,36,200,https://five.epicollect.net/api/media/plan-de-arbolado-parana-2024-2028?type=photo&format=entry_original&name=0667f180-ebd4-48ad-a210-2dc77b361742_1770125049.jpg,,Si,Saludable ,,Saludable,,Vivero municipal,Alineación,No,Natural,
39668d9f-2b00-4519-9714-bb95e44bec97,096cf987-b6bd-4da8-ab62-9aca77f90e1a,2026-02-03T13:23:44.000Z,2026-02-03T14:53:26.000Z,096cf987-b6bd-4da8-ab62-9aca77f90e1a,-31.793021,-60.50644,4,6479798,736091,20J,Reconocida,Pesuña de Vaca,36,200,https://five.epicollect.net/api/media/plan-de-arbolado-parana-2024-2028?type=photo&format=entry_original&name=096cf987-b6bd-4da8-ab62-9aca77f90e1a_1770125010.jpg,Falta protección para hormigas.Estrés hidrico,Si,Saludable ,,Saludable,,Vivero municipal,Alineación,No,Natural,
39668d9f-2b00-4519-9714-bb95e44bec97,d3e117b7-7e1b-4f3e-8adf-5969b81f5c6a,2026-02-03T13:22:47.000Z,2026-02-03T14:53:24.000Z,d3e117b7-7e1b-4f3e-8adf-5969b81f5c6a,-31.793299,-60.506309,3,6479767,736102,20J,Reconocida,Lapacho,36,150,https://five.epicollect.net/api/media/plan-de-arbolado-parana-2024-2028?type=photo&format=entry_original&name=d3e117b7-7e1b-4f3e-8adf-5969b81f5c6a_1770124948.jpg,Falta protección para hormigas.Estrés hidrico,Si,Saludable ,,Saludable,,Vivero municipal,Alineación,No,Natural,
39668d9f-2b00-4519-9714-bb95e44bec97,153c74f6-ef90-41bc-a8c2-d890fe1f5428,2026-02-03T13:21:46.000Z,2026-02-03T14:53:22.000Z,153c74f6-ef90-41bc-a8c2-d890fe1f5428,-31.793363,-60.505935,3,6479759,736137,20J,Reconocida,Lapacho,36,200,https://five.epicollect.net/api/media/plan-de-arbolado-parana-2024-2028?type=photo&format=entry_original&name=153c74f6-ef90-41bc-a8c2-d890fe1f5428_1770124893.jpg,Falta protección para hormigas.Estrés hidrico,Si,Saludable ,,Saludable,,Vivero municipal,Alineación,No,Natural,
39668d9f-2b00-4519-9714-bb95e44bec97,3afdf959-b3f4-4098-853f-fdf25c747e37,2026-02-03T13:21:10.000Z,2026-02-03T14:53:20.000Z,3afdf959-b3f4-4098-853f-fdf25c747e37,-31.793382,-60.505841,3,6479756,736146,20J,Reconocida,Lapacho,36,175,https://five.epicollect.net/api/media/plan-de-arbolado-parana-2024-2028?type=photo&format=entry_original&name=3afdf959-b3f4-4098-853f-fdf25c747e37_1770124854.jpg,Falta protección para hormigas.Estrés hidrico,Si,Saludable ,,Saludable,,Vivero municipal,Alineación,No,Natural,
39668d9f-2b00-4519-9714-bb95e44bec97,ca9bf35a-ca94-43a0-9639-44bebae2c820,2026-02-03T13:20:27.000Z,2026-02-03T14:53:17.000Z,ca9bf35a-ca94-43a0-9639-44bebae2c820,-31.793387,-60.505738,4,6479756,736156,20J,Reconocida,Lapacho,36,150,https://five.epicollect.net/api/media/plan-de-arbolado-parana-2024-2028?type=photo&format=entry_original&name=ca9bf35a-ca94-43a0-9639-44bebae2c820_1770124814.jpg,Falta protección para hormigas.Estrés hidrico,Si,Saludable ,,Saludable,,Vivero municipal,Alineación,No,Natural,
39668d9f-2b00-4519-9714-bb95e44bec97,49cb3d04-bca2-4945-a48a-b9862ca5d2e4,2026-02-03T13:19:50.000Z,2026-02-03T14:53:15.000Z,49cb3d04-bca2-4945-a48a-b9862ca5d2e4,-31.793375,-60.505603,3,6479757,736169,20J,Reconocida,Lapacho,36,150,https://five.epicollect.net/api/media/plan-de-arbolado-parana-2024-2028?type=photo&format=entry_original&name=49cb3d04-bca2-4945-a48a-b9862ca5d2e4_1770124749.jpg,Falta protección para hormigas.Estrés hidrico,Si,Saludable ,,Saludable,,Vivero municipal,Alineación,No,Natural,
39668d9f-2b00-4519-9714-bb95e44bec97,23420b1a-0d75-4a4e-b726-6efc19dbb553,2026-02-03T13:18:43.000Z,2026-02-03T14:53:13.000Z,23420b1a-0d75-4a4e-b726-6efc19dbb553,-31.793431,-60.505499,5,6479750,736179,20J,Reconocida,Lapacho,36,175,https://five.epicollect.net/api/media/plan-de-arbolado-parana-2024-2028?type=photo&format=entry_original&name=23420b1a-0d75-4a4e-b726-6efc19dbb553_1770124694.jpg,Falta protección para hormigas.Estrés hidrico,Si,Saludable ,,Saludable,,Vivero municipal,Alineación,No,Natural,
39668d9f-2b00-4519-9714-bb95e44bec97,6f23ba41-65c4-4a3f-995a-1939adbe7a6f,2026-02-03T13:17:46.000Z,2026-02-03T14:53:10.000Z,6f23ba41-65c4-4a3f-995a-1939adbe7a6f,-31.79344,-60.505354,8,6479749,736192,20J,Reconocida,Lapacho,36,175,https://five.epicollect.net/api/media/plan-de-arbolado-parana-2024-2028?type=photo&format=entry_original&name=6f23ba41-65c4-4a3f-995a-1939adbe7a6f_1770124647.jpg,Falta protección para hormigas,Si,Saludable ,,Saludable,,Vivero municipal,Alineación,No,Natural,
39668d9f-2b00-4519-9714-bb95e44bec97,763ada52-1bbd-45d8-b172-d669211ea023,2026-02-03T13:16:16.000Z,2026-02-03T14:53:08.000Z,763ada52-1bbd-45d8-b172-d669211ea023,-31.793531,-60.505373,5,6479739,736190,20J,Reconocida,Lapacho,36,150,https://five.epicollect.net/api/media/plan-de-arbolado-parana-2024-2028?type=photo&format=entry_original&name=763ada52-1bbd-45d8-b172-d669211ea023_1770124525.jpg,,Si,Saludable ,,Saludable,,Vivero municipal,Parques y/o plazas,No,Natural,
39668d9f-2b00-4519-9714-bb95e44bec97,813dd542-55c2-4f36-8ce7-6b18a2305e14,2026-02-03T13:14:42.000Z,2026-02-03T14:53:06.000Z,813dd542-55c2-4f36-8ce7-6b18a2305e14,-31.793483,-60.50552,5,6479745,736176,20J,Reconocida,Lapacho,36,70,https://five.epicollect.net/api/media/plan-de-arbolado-parana-2024-2028?type=photo&format=entry_original&name=813dd542-55c2-4f36-8ce7-6b18a2305e14_1770124463.jpg,Sin protector de hormigas,Si,Saludable ,,Saludable,,Vivero municipal,Alineación,No,Natural,
39668d9f-2b00-4519-9714-bb95e44bec97,c5f0e409-d6e8-4b7d-bde7-90b1b5707058,2026-02-03T13:13:53.000Z,2026-02-03T14:53:03.000Z,c5f0e409-d6e8-4b7d-bde7-90b1b5707058,-31.793472,-60.50566,3,6479746,736163,20J,Reconocida,Lapacho,36,150,https://five.epicollect.net/api/media/plan-de-arbolado-parana-2024-2028?type=photo&format=entry_original&name=c5f0e409-d6e8-4b7d-bde7-90b1b5707058_1770124422.jpg,,Si,Saludable ,,Saludable,,Vivero municipal,Alineación,No,Natural,
39668d9f-2b00-4519-9714-bb95e44bec97,d6b54b2b-b212-4c51-83b0-fdf3dda138df,2026-02-03T13:12:52.000Z,2026-02-03T14:53:01.000Z,d6b54b2b-b212-4c51-83b0-fdf3dda138df,-31.793456,-60.505743,4,6479748,736155,20J,Reconocida,Lapacho,36,150,https://five.epicollect.net/api/media/plan-de-arbolado-parana-2024-2028?type=photo&format=entry_original&name=d6b54b2b-b212-4c51-83b0-fdf3dda138df_1770124358.jpg,,Si,Saludable ,,Saludable,,Vivero municipal,Alineación,No,Natural,
39668d9f-2b00-4519-9714-bb95e44bec97,fa96fcfd-0352-44bd-9bd8-23b5f20d398f,2026-02-03T13:12:11.000Z,2026-02-03T14:52:59.000Z,fa96fcfd-0352-44bd-9bd8-23b5f20d398f,-31.793454,-60.50583,4,6479748,736147,20J,Reconocida,Lapacho,36,175,https://five.epicollect.net/api/media/plan-de-arbolado-parana-2024-2028?type=photo&format=entry_original&name=fa96fcfd-0352-44bd-9bd8-23b5f20d398f_1770124310.jpg,,Si,Saludable ,,Saludable,,Vivero municipal,Alineación,No,Natural,Estrés hídrico
39668d9f-2b00-4519-9714-bb95e44bec97,7ab01860-1113-4d98-9929-7a95fdb7d733,2026-02-03T13:11:02.000Z,2026-02-03T14:52:57.000Z,7ab01860-1113-4d98-9929-7a95fdb7d733,-31.793439,-60.506132,6,6479751,736119,20J,Reconocida,Lapacho,36,150,https://five.epicollect.net/api/media/plan-de-arbolado-parana-2024-2028?type=photo&format=entry_original&name=7ab01860-1113-4d98-9929-7a95fdb7d733_1770124252.jpg,,Si,Saludable ,,Saludable,,Vivero municipal,Alineación,No,Natural,
39668d9f-2b00-4519-9714-bb95e44bec97,c4506074-26f4-40b3-bc98-594742ae7727,2026-02-03T13:10:03.000Z,2026-02-03T14:52:55.000Z,c4506074-26f4-40b3-bc98-594742ae7727,-31.793336,-60.506195,10,6479762,736113,20J,Reconocida,Lapacho,36,150,https://five.epicollect.net/api/media/plan-de-arbolado-parana-2024-2028?type=photo&format=entry_original&name=c4506074-26f4-40b3-bc98-594742ae7727_1770124181.jpg,,Si,Saludable ,,Saludable,,Vivero municipal,Alineación,No,Natural,
39668d9f-2b00-4519-9714-bb95e44bec97,a33cfaff-3422-4623-ad10-c53a81c968aa,2026-02-03T13:08:31.000Z,2026-02-03T14:52:54.000Z,a33cfaff-3422-4623-ad10-c53a81c968aa,-31.793467,-60.506525,4,6479748,736081,20J,Reconocida,Pesuña de Vaca,36,200,https://five.epicollect.net/api/media/plan-de-arbolado-parana-2024-2028?type=photo&format=entry_original&name=a33cfaff-3422-4623-ad10-c53a81c968aa_1770124100.jpg,,Si,Saludable ,,Saludable,,Vivero municipal,Alineación,No,Natural,
39668d9f-2b00-4519-9714-bb95e44bec97,a704a361-aa18-4719-9f6d-4ed8977f8c8f,2026-02-03T13:07:53.000Z,2026-02-03T14:52:52.000Z,a704a361-aa18-4719-9f6d-4ed8977f8c8f,-31.793583,-60.506563,3,6479736,736077,20J,Reconocida,Pesuña de Vaca,36,200,https://five.epicollect.net/api/media/plan-de-arbolado-parana-2024-2028?type=photo&format=entry_original&name=a704a361-aa18-4719-9f6d-4ed8977f8c8f_1770124065.jpg,,Si,Saludable ,,Saludable,,Vivero municipal,Alineación,No,Natural,
39668d9f-2b00-4519-9714-bb95e44bec97,982cb684-06ab-402a-aa18-0be0175289ba,2026-02-03T13:07:16.000Z,2026-02-03T14:52:50.000Z,982cb684-06ab-402a-aa18-0be0175289ba,-31.793682,-60.506566,4,6479725,736077,20J,Reconocida,Pesuña de Vaca,36,200,https://five.epicollect.net/api/media/plan-de-arbolado-parana-2024-2028?type=photo&format=entry_original&name=982cb684-06ab-402a-aa18-0be0175289ba_1770124022.jpg,,Si,Saludable ,,Saludable,,Vivero municipal,Alineación,No,Natural,
39668d9f-2b00-4519-9714-bb95e44bec97,8d86300b-6457-4041-b477-e3bcb70f4bd8,2026-02-03T13:06:24.000Z,2026-02-03T14:52:48.000Z,8d86300b-6457-4041-b477-e3bcb70f4bd8,-31.794109,-60.506478,3,6479677,736084,20J,Reconocida,Lapacho,36,200,https://five.epicollect.net/api/media/plan-de-arbolado-parana-2024-2028?type=photo&format=entry_original&name=8d86300b-6457-4041-b477-e3bcb70f4bd8_1770123920.jpg,,Si,Saludable ,,Saludable,,Vivero municipal,Alineación,No,Natural,
39668d9f-2b00-4519-9714-bb95e44bec97,b28fbcb0-19d3-49d5-b808-f1948133b790,2026-02-03T13:04:44.000Z,2026-02-03T14:52:46.000Z,b28fbcb0-19d3-49d5-b808-f1948133b790,-31.79416,-60.506349,3,6479671,736096,20J,Reconocida,Lapacho,36,175,https://five.epicollect.net/api/media/plan-de-arbolado-parana-2024-2028?type=photo&format=entry_original&name=b28fbcb0-19d3-49d5-b808-f1948133b790_1770123870.jpg,,Si,Saludable ,,Saludable,,Vivero municipal,Alineación,No,Natural,
39668d9f-2b00-4519-9714-bb95e44bec97,e6bbb8b2-a214-4d24-82ee-15b608a86e02,2026-02-03T13:03:54.000Z,2026-02-03T14:52:45.000Z,e6bbb8b2-a214-4d24-82ee-15b608a86e02,-31.79418,-60.506196,3,6479669,736111,20J,Reconocida,Lapacho,36,175,https://five.epicollect.net/api/media/plan-de-arbolado-parana-2024-2028?type=photo&format=entry_original&name=e6bbb8b2-a214-4d24-82ee-15b608a86e02_1770123822.jpg,,Si,Saludable ,,Saludable,,Vivero municipal,Alineación,No,Natural,
39668d9f-2b00-4519-9714-bb95e44bec97,f6c10afe-9886-40fb-8bef-274223e36464,2026-02-03T13:03:07.000Z,2026-02-03T14:52:43.000Z,f6c10afe-9886-40fb-8bef-274223e36464,-31.794199,-60.506113,5,6479666,736119,20J,Reconocida,Lapacho,36,175,https://five.epicollect.net/api/media/plan-de-arbolado-parana-2024-2028?type=photo&format=entry_original&name=f6c10afe-9886-40fb-8bef-274223e36464_1770123775.jpg,,Si,Saludable ,,Saludable,,Vivero municipal,Alineación,No,Natural,
39668d9f-2b00-4519-9714-bb95e44bec97,2e6d5f92-db7a-4f7a-ab90-688ee7e5ee66,2026-02-03T13:02:24.000Z,2026-02-03T14:52:41.000Z,2e6d5f92-db7a-4f7a-ab90-688ee7e5ee66,-31.794242,-60.505992,3,6479661,736130,20J,Reconocida,Lapacho,36,200,https://five.epicollect.net/api/media/plan-de-arbolado-parana-2024-2028?type=photo&format=entry_original&name=2e6d5f92-db7a-4f7a-ab90-688ee7e5ee66_1770123731.jpg,,Si,Saludable ,,Saludable,,Vivero municipal,Alineación,No,Natural,
39668d9f-2b00-4519-9714-bb95e44bec97,985b4de4-84af-47a5-83ec-dae654c9f8c9,2026-02-03T13:01:24.000Z,2026-02-03T14:52:40.000Z,985b4de4-84af-47a5-83ec-dae654c9f8c9,-31.794249,-60.505881,3,6479660,736140,20J,Reconocida,Lapacho,36,200,https://five.epicollect.net/api/media/plan-de-arbolado-parana-2024-2028?type=photo&format=entry_original&name=985b4de4-84af-47a5-83ec-dae654c9f8c9_1770123670.jpg,,Si,Saludable ,,Saludable,,Vivero municipal,Alineación,No,Natural,
39668d9f-2b00-4519-9714-bb95e44bec97,65a4f590-bec9-4ac3-a507-7f8b5ab304d6,2026-02-03T12:59:44.000Z,2026-02-03T14:52:38.000Z,65a4f590-bec9-4ac3-a507-7f8b5ab304d6,-31.794225,-60.505782,7,6479663,736150,20J,Reconocida,Lapacho,36,175,https://five.epicollect.net/api/media/plan-de-arbolado-parana-2024-2028?type=photo&format=entry_original&name=65a4f590-bec9-4ac3-a507-7f8b5ab304d6_1770123571.jpg,,Si,Saludable ,,Saludable,,Vivero municipal,Alineación,No,Natural,
39668d9f-2b00-4519-9714-bb95e44bec97,6373242f-9b70-4bb2-abdd-bb040e271b74,2026-02-03T12:58:45.000Z,2026-02-03T14:52:36.000Z,6373242f-9b70-4bb2-abdd-bb040e271b74,-31.79425,-60.50572,4,6479660,736156,20J,Reconocida,Lapacho,36,170,https://five.epicollect.net/api/media/plan-de-arbolado-parana-2024-2028?type=photo&format=entry_original&name=6373242f-9b70-4bb2-abdd-bb040e271b74_1770123510.jpg,,Si,Saludable ,,Saludable,,Vivero municipal,Alineación,No,Natural,
992f4dac-c208-4aee-bae7-a71d4dd0a8d7,28f0b82f-997a-48e1-b693-07bbb60f3eef,2026-01-22T19:22:38.000Z,2026-01-23T11:14:55.000Z,28f0b82f-997a-48e1-b693-07bbb60f3eef,-31.72205,-60.523494,5,6487704,734655,20J,Reconocida,Lapacho,36,200,https://five.epicollect.net/api/media/plan-de-arbolado-parana-2024-2028?type=photo&format=entry_original&name=28f0b82f-997a-48e1-b693-07bbb60f3eef_1769109743.jpg,Perfecto estado fitosanitario. Faltaría un protector anti-hormigas para que no se suban por el tutor.,Si,Saludable ,,Saludable,,Vivero municipal,Alineación,No,Natural,
992f4dac-c208-4aee-bae7-a71d4dd0a8d7,20a044c5-8c86-4810-9527-45b5c03f9bc8,2026-01-22T19:21:51.000Z,2026-01-23T11:15:44.000Z,20a044c5-8c86-4810-9527-45b5c03f9bc8,-31.722009,-60.523476,5,6487709,734656,20J,Reconocida,Lapacho,36,210,https://five.epicollect.net/api/media/plan-de-arbolado-parana-2024-2028?type=photo&format=entry_original&name=20a044c5-8c86-4810-9527-45b5c03f9bc8_1769109692.jpg,Perfecto estado.,Si,Saludable ,,Saludable,,Vivero municipal,Alineación,No,Natural,
992f4dac-c208-4aee-bae7-a71d4dd0a8d7,00cf5a58-ea9e-4876-9dcf-29642c030503,2026-01-22T19:21:04.000Z,2026-01-23T11:16:33.000Z,00cf5a58-ea9e-4876-9dcf-29642c030503,-31.721941,-60.523447,4,6487716,734659,20J,Reconocida,Lapacho,36,175,https://five.epicollect.net/api/media/plan-de-arbolado-parana-2024-2028?type=photo&format=entry_original&name=00cf5a58-ea9e-4876-9dcf-29642c030503_1769109595.jpg,Perfecto estado fitosanitario. Faltaría un protector anti-hormigas para que no se suban por el tutor.,Si,Saludable ,,Saludable,,Vivero municipal,Alineación,No,Natural,
992f4dac-c208-4aee-bae7-a71d4dd0a8d7,924ca26c-b775-4050-8a4c-6ecb23c6f7a4,2026-01-22T19:19:28.000Z,2026-01-23T11:17:41.000Z,924ca26c-b775-4050-8a4c-6ecb23c6f7a4,-31.72181,-60.523373,4,6487731,734667,20J,Reconocida,Lapacho,36,175,https://five.epicollect.net/api/media/plan-de-arbolado-parana-2024-2028?type=photo&format=entry_original&name=924ca26c-b775-4050-8a4c-6ecb23c6f7a4_1769109540.jpg,Perfecto estado fitosanitario. Faltaría un protector anti-hormigas para que no se suban por el tutor.,Si,Saludable ,,Saludable,,Vivero municipal,Alineación,No,Natural,
992f4dac-c208-4aee-bae7-a71d4dd0a8d7,6e19cb71-fb77-4e9b-8a10-25e3c1679c20,2026-01-22T19:18:35.000Z,2026-01-23T11:18:07.000Z,6e19cb71-fb77-4e9b-8a10-25e3c1679c20,-31.721685,-60.523406,9,6487745,734664,20J,Reconocida,Lapacho,36,200,https://five.epicollect.net/api/media/plan-de-arbolado-parana-2024-2028?type=photo&format=entry_original&name=6e19cb71-fb77-4e9b-8a10-25e3c1679c20_1769109493.jpg,Perfecto estado fitosanitario. Faltaría un protector anti-hormigas para que no se suban por el tutor.,Si,Saludable ,,Saludable,,Vivero municipal,Alineación,No,Natural,
992f4dac-c208-4aee-bae7-a71d4dd0a8d7,70231527-547d-4174-b0d8-a5b52fe92864,2026-01-22T19:17:30.000Z,2026-01-23T11:19:23.000Z,70231527-547d-4174-b0d8-a5b52fe92864,-31.721716,-60.523317,5,6487741,734672,20J,Reconocida,Lapacho,36,200,https://five.epicollect.net/api/media/plan-de-arbolado-parana-2024-2028?type=photo&format=entry_original&name=70231527-547d-4174-b0d8-a5b52fe92864_1769109440.jpg,Perfecto estado fitosanitario. Faltaría un protector anti-hormigas para que no se suban por el tutor.,Si,Saludable ,,Saludable,,Vivero municipal,Alineación,No,Natural,
992f4dac-c208-4aee-bae7-a71d4dd0a8d7,74956f8a-7bb2-458f-990a-58cf507c5c7e,2026-01-22T19:16:51.000Z,2026-01-23T11:19:57.000Z,74956f8a-7bb2-458f-990a-58cf507c5c7e,-31.721596,-60.523253,4,6487754,734679,20J,Reconocida,Lapacho,36,200,https://five.epicollect.net/api/media/plan-de-arbolado-parana-2024-2028?type=photo&format=entry_original&name=74956f8a-7bb2-458f-990a-58cf507c5c7e_1769109394.jpg,Perfecto estado fitosanitario. Faltaría un protector anti-hormigas para que no se suban por el tutor.,Si,Saludable ,,Saludable,,Vivero municipal,Alineación,No,Natural,
992f4dac-c208-4aee-bae7-a71d4dd0a8d7,14cfc225-4047-4da0-9e7b-67f3ff31a66c,2026-01-22T19:16:01.000Z,2026-01-22T19:55:32.000Z,14cfc225-4047-4da0-9e7b-67f3ff31a66c,-31.721512,-60.523215,5,6487763,734682,20J,Reconocida,Lapacho,36,200,https://five.epicollect.net/api/media/plan-de-arbolado-parana-2024-2028?type=photo&format=entry_original&name=14cfc225-4047-4da0-9e7b-67f3ff31a66c_1769109317.jpg,Buen estado. Falta protector para hormigas.,Si,Saludable ,,Saludable,,Vivero municipal,Alineación,No,Natural,
b1ef4441-a204-4e2c-9ee6-3d6a7e7f7d5b,c5a1aaf0-f6dc-11f0-af97-4fcbbf34cd54,2026-01-21T15:20:51.000Z,2026-01-21T15:20:02.000Z,c5a1aaf0-f6dc-11f0-af97-4fcbbf34cd54,,,,,,,Reconocida,Ibirapitá,36,100,https://five.epicollect.net/api/media/plan-de-arbolado-parana-2024-2028?type=photo&format=entry_original&name=c5a1aaf0-f6dc-11f0-af97-4fcbbf34cd54_1769008872.jpg,,Si,Saludable ,,Saludable,,Vivero municipal,Alineación,No,Natural,
b1ef4441-a204-4e2c-9ee6-3d6a7e7f7d5b,5b6b6bd0-f6dc-11f0-af97-4fcbbf34cd54,2026-01-21T15:17:53.000Z,2026-01-21T15:19:05.000Z,5b6b6bd0-f6dc-11f0-af97-4fcbbf34cd54,,,,,,,Reconocida,Sen del Campo,36,100,https://five.epicollect.net/api/media/plan-de-arbolado-parana-2024-2028?type=photo&format=entry_original&name=5b6b6bd0-f6dc-11f0-af97-4fcbbf34cd54_1769008815.jpg,Buen estado,Si,Saludable ,,Saludable,,Vivero municipal,Parques y/o plazas,No,Natural,
e47ed0c7-88e8-41e6-a316-5caf27f9ef22,4623bf4e-7242-429f-9dd8-261a4ba2c9b8,2026-01-21T13:31:18.000Z,2026-01-21T13:31:44.000Z,4623bf4e-7242-429f-9dd8-261a4ba2c9b8,-31.766623,-60.548999,3,6482817,732126,20J,Reconocida,Tipa,36,70,https://five.epicollect.net/api/media/plan-de-arbolado-parana-2024-2028?type=photo&format=entry_original&name=4623bf4e-7242-429f-9dd8-261a4ba2c9b8_1769002234.jpg,Buen estado. Falta un protector para hormigas.,Si,Saludable ,,Saludable,,Vivero municipal,Parques y/o plazas,No,Natural,
e47ed0c7-88e8-41e6-a316-5caf27f9ef22,cb4759f9-a548-4d44-8693-5998c8e2cceb,2026-01-21T13:29:19.000Z,2026-04-20T15:36:52.000Z,cb4759f9-a548-4d44-8693-5998c8e2cceb,-31.766589,-60.549001,4,6482820,732126,20J,Reconocida,Algarrobos,36,110,https://five.epicollect.net/api/media/plan-de-arbolado-parana-2024-2028?type=photo&format=entry_original&name=cb4759f9-a548-4d44-8693-5998c8e2cceb_1769002092.jpg,Buen estado. Falta protección para hormigas y caño de protección del tallo.,Si,Saludable ,,Saludable,,Vivero municipal,Parques y/o plazas,No,Natural,
e47ed0c7-88e8-41e6-a316-5caf27f9ef22,bbaaf414-d937-408f-a072-885cd1300b95,2026-01-21T13:27:12.000Z,2026-01-21T13:31:41.000Z,bbaaf414-d937-408f-a072-885cd1300b95,-31.766521,-60.548991,3,6482828,732127,20J,Reconocida,Tipa,36,30,https://five.epicollect.net/api/media/plan-de-arbolado-parana-2024-2028?type=photo&format=entry_original&name=bbaaf414-d937-408f-a072-885cd1300b95_1769001878.jpg,Buen estado. Falta protección para hormigas.,Si,Saludable ,,Saludable,,Vivero municipal,Parques y/o plazas,No,Natural,
e47ed0c7-88e8-41e6-a316-5caf27f9ef22,ba2664aa-3991-4281-b7ce-590e9b78b4b1,2026-01-21T13:23:37.000Z,2026-01-21T13:31:39.000Z,ba2664aa-3991-4281-b7ce-590e9b78b4b1,-31.766527,-60.548896,4,6482827,732136,20J,Reconocida,Tipa,36,70,https://five.epicollect.net/api/media/plan-de-arbolado-parana-2024-2028?type=photo&format=entry_original&name=ba2664aa-3991-4281-b7ce-590e9b78b4b1_1769001806.jpg,,Si,Saludable ,,Saludable,,Vivero municipal,Parques y/o plazas,No,Natural,
e47ed0c7-88e8-41e6-a316-5caf27f9ef22,a2b38639-d454-4226-9555-d55af73ea4f1,2026-01-21T13:22:24.000Z,2026-04-20T15:37:26.000Z,a2b38639-d454-4226-9555-d55af73ea4f1,-31.766617,-60.548898,4,6482817,732135,20J,Reconocida,Algarrobos,36,140,https://five.epicollect.net/api/media/plan-de-arbolado-parana-2024-2028?type=photo&format=entry_original&name=a2b38639-d454-4226-9555-d55af73ea4f1_1769001722.jpg,,Si,Saludable ,,Saludable,,Vivero municipal,Parques y/o plazas,No,Natural,
e47ed0c7-88e8-41e6-a316-5caf27f9ef22,1c16abac-48bb-4f57-9365-cff416dfd16d,2026-01-21T13:21:15.000Z,2026-01-21T13:31:35.000Z,1c16abac-48bb-4f57-9365-cff416dfd16d,-31.766615,-60.548916,4,6482817,732134,20J,Reconocida,Tipa,36,60,https://five.epicollect.net/api/media/plan-de-arbolado-parana-2024-2028?type=photo&format=entry_original&name=1c16abac-48bb-4f57-9365-cff416dfd16d_1769001634.jpg,Perfecto estado. Falta protector de hormigas.,Si,Saludable ,,Saludable,,Vivero municipal,Parques y/o plazas,No,Natural,
b1ef4441-a204-4e2c-9ee6-3d6a7e7f7d5b,41bc0142-451d-4288-b9e5-f40e0da4f827,2026-01-20T20:50:16.000Z,2026-01-21T11:09:09.000Z,41bc0142-451d-4288-b9e5-f40e0da4f827,-31.755108,-60.471428,5,6483925,739504,20J,Reconocida,Ibirapitá,36,175,https://five.epicollect.net/api/media/plan-de-arbolado-parana-2024-2028?type=photo&format=entry_original&name=41bc0142-451d-4288-b9e5-f40e0da4f827_1768942202.jpg,,Si,Saludable ,,Saludable,,Vivero municipal,Parques y/o plazas,No,Natural,
b1ef4441-a204-4e2c-9ee6-3d6a7e7f7d5b,3eef7f7b-5675-4178-8948-fbd41e97731a,2026-01-20T21:17:06.000Z,2026-01-20T21:19:32.000Z,3eef7f7b-5675-4178-8948-fbd41e97731a,-31.758022,-60.462172,5,6483582,740374,20J,Reconocida,Pesuña de Vaca,36,100,https://five.epicollect.net/api/media/plan-de-arbolado-parana-2024-2028?type=photo&format=entry_original&name=3eef7f7b-5675-4178-8948-fbd41e97731a_1768943797.jpg,Buenestado. Falta protección para hormigas,Si,Saludable ,,Saludable,,Vivero municipal,Alineación,No,Natural,
b1ef4441-a204-4e2c-9ee6-3d6a7e7f7d5b,acefc63e-299b-41a6-8d62-ba96443ad4b4,2026-01-20T21:16:00.000Z,2026-01-20T21:19:31.000Z,acefc63e-299b-41a6-8d62-ba96443ad4b4,-31.758097,-60.462196,4,6483573,740371,20J,Reconocida,Pesuña de Vaca,36,50,https://five.epicollect.net/api/media/plan-de-arbolado-parana-2024-2028?type=photo&format=entry_original&name=acefc63e-299b-41a6-8d62-ba96443ad4b4_1768943705.jpg,"Buen estado. Falta protector para hormigas, caño protector para motoguadaña.",Si,Saludable ,,Saludable,,Vivero municipal,Alineación,No,Natural,
b1ef4441-a204-4e2c-9ee6-3d6a7e7f7d5b,5ecb9df4-e037-410c-b1ea-6908a0d92a16,2026-01-20T21:09:34.000Z,2026-01-20T21:19:29.000Z,5ecb9df4-e037-410c-b1ea-6908a0d92a16,-31.755801,-60.467617,5,6483840,739863,20J,Reconocida,Lapacho,36,100,https://five.epicollect.net/api/media/plan-de-arbolado-parana-2024-2028?type=photo&format=entry_original&name=5ecb9df4-e037-410c-b1ea-6908a0d92a16_1768943317.jpg,Falta protector para hormigas. Lacerado por motoguadaña. Falta caño protector.,Si,Saludable ,,Saludable,,Vivero municipal,Alineación,No,Natural,
b1ef4441-a204-4e2c-9ee6-3d6a7e7f7d5b,0ed1d3c6-4cc7-421a-9e0e-4155a3ab97c0,2026-01-20T21:07:39.000Z,2026-01-20T21:19:27.000Z,0ed1d3c6-4cc7-421a-9e0e-4155a3ab97c0,-31.755923,-60.467645,5,6483826,739861,20J,Reconocida,Pesuña de Vaca,36,50,https://five.epicollect.net/api/media/plan-de-arbolado-parana-2024-2028?type=photo&format=entry_original&name=0ed1d3c6-4cc7-421a-9e0e-4155a3ab97c0_1768943226.jpg,Buen estado fitosanitario,Si,Saludable ,,Saludable,,Vivero municipal,Alineación,No,Natural,
b1ef4441-a204-4e2c-9ee6-3d6a7e7f7d5b,52f5262b-9ce0-4708-be9e-2d31e0851b5a,2026-01-20T21:00:24.000Z,2026-01-20T21:19:25.000Z,52f5262b-9ce0-4708-be9e-2d31e0851b5a,-31.756114,-60.47318,4,6483818,739336,20J,Inexistente o Ausente,Pesuña de Vaca,36,0,https://five.epicollect.net/api/media/plan-de-arbolado-parana-2024-2028?type=photo&format=entry_original&name=52f5262b-9ce0-4708-be9e-2d31e0851b5a_1768942810.jpg,,No,No saludable,,No saludable,,Vivero municipal,Parques y/o plazas,No,Natural,
b1ef4441-a204-4e2c-9ee6-3d6a7e7f7d5b,da9f74ae-3644-4b37-b576-bc5900f3d6f8,2026-01-20T20:59:47.000Z,2026-01-20T21:19:24.000Z,da9f74ae-3644-4b37-b576-bc5900f3d6f8,-31.756104,-60.473136,5,6483819,739340,20J,Inexistente o Ausente,Pesuña de Vaca,36,0,https://five.epicollect.net/api/media/plan-de-arbolado-parana-2024-2028?type=photo&format=entry_original&name=da9f74ae-3644-4b37-b576-bc5900f3d6f8_1768942768.jpg,,No,No saludable,,No saludable,,Vivero municipal,Parques y/o plazas,No,Natural,
b1ef4441-a204-4e2c-9ee6-3d6a7e7f7d5b,9e7dbe39-aedc-4f0d-bf84-a1511938f725,2026-01-20T20:53:43.000Z,2026-01-20T21:19:22.000Z,9e7dbe39-aedc-4f0d-bf84-a1511938f725,-31.755179,-60.47228,4,6483919,739423,20J,Reconocida,Pesuña de Vaca,36,50,https://five.epicollect.net/api/media/plan-de-arbolado-parana-2024-2028?type=photo&format=entry_original&name=9e7dbe39-aedc-4f0d-bf84-a1511938f725_1768942379.jpg,Falta caño protector y  protector para hormigas,Si,Saludable ,,Saludable,,Vivero municipal,Parques y/o plazas,No,Natural,
b1ef4441-a204-4e2c-9ee6-3d6a7e7f7d5b,ebe5ce90-58d0-4f2d-a089-e4c7aaadca07,2026-01-20T20:49:17.000Z,2026-01-21T11:09:49.000Z,ebe5ce90-58d0-4f2d-a089-e4c7aaadca07,-31.755117,-60.471536,4,6483924,739494,20J,Reconocida,Ibirapitá,36,170,https://five.epicollect.net/api/media/plan-de-arbolado-parana-2024-2028?type=photo&format=entry_original&name=ebe5ce90-58d0-4f2d-a089-e4c7aaadca07_1768942087.jpg,Buen estado fitosanitario,Si,Saludable ,,Saludable,,Vivero municipal,Alineación,No,Natural,
b1ef4441-a204-4e2c-9ee6-3d6a7e7f7d5b,5bf9a9f7-2360-4738-963f-a95fd286ba1d,2026-01-20T20:45:41.000Z,2026-01-20T21:19:03.000Z,5bf9a9f7-2360-4738-963f-a95fd286ba1d,-31.755016,-60.47208,5,6483937,739443,20J,Reconocida,Pesuña de Vaca,36,70,https://five.epicollect.net/api/media/plan-de-arbolado-parana-2024-2028?type=photo&format=entry_original&name=5bf9a9f7-2360-4738-963f-a95fd286ba1d_1768941909.jpg,Falta protección para hormigas.,Si,Saludable ,,Saludable,,Vivero municipal,Alineación,No,Natural,
b1ef4441-a204-4e2c-9ee6-3d6a7e7f7d5b,13e76e95-9e70-4f1b-896e-7d3221948fb3,2026-01-20T20:37:11.000Z,2026-01-20T21:19:01.000Z,13e76e95-9e70-4f1b-896e-7d3221948fb3,-31.755093,-60.473326,4,6483931,739324,20J,Reconocida,Pesuña de Vaca,36,175,https://five.epicollect.net/api/media/plan-de-arbolado-parana-2024-2028?type=photo&format=entry_original&name=13e76e95-9e70-4f1b-896e-7d3221948fb3_1768941205.jpg,Buen estado sanitario. Falta protección para hormigas.,Si,Saludable ,,Saludable,,Vivero municipal,Alineación,No,Natural,
95130d11-2aaf-49d7-b1b5-3ed4179000a1,9a432505-9b6a-4795-b2cd-c3b53d7f2da6,2026-01-12T12:37:03.000Z,2026-01-12T12:37:20.000Z,9a432505-9b6a-4795-b2cd-c3b53d7f2da6,-31.714739,-60.506257,3,6488478,736307,20J,Reconocida,Lapacho,36,300,https://five.epicollect.net/api/media/plan-de-arbolado-parana-2024-2028?type=photo&format=entry_original&name=9a432505-9b6a-4795-b2cd-c3b53d7f2da6_1768221414.jpg,,Si,Saludable ,,Saludable,,Vivero municipal,Parques y/o plazas,No,Natural,
95130d11-2aaf-49d7-b1b5-3ed4179000a1,9a1a44a0-f1f0-4010-a984-8da3bd0cecce,2026-01-12T12:36:20.000Z,2026-01-12T12:37:18.000Z,9a1a44a0-f1f0-4010-a984-8da3bd0cecce,-31.714888,-60.506243,5,6488461,736308,20J,Reconocida,Lapacho,36,300,https://five.epicollect.net/api/media/plan-de-arbolado-parana-2024-2028?type=photo&format=entry_original&name=9a1a44a0-f1f0-4010-a984-8da3bd0cecce_1768221371.jpg,,Si,Saludable ,,Saludable,,Vivero municipal,Parques y/o plazas,No,Natural,
95130d11-2aaf-49d7-b1b5-3ed4179000a1,9dc4fd2e-264b-4b0e-aa49-a01cc36c64f1,2026-01-12T12:35:12.000Z,2026-01-12T12:37:17.000Z,9dc4fd2e-264b-4b0e-aa49-a01cc36c64f1,-31.715012,-60.506204,6,6488447,736311,20J,Reconocida,Lapacho,36,300,https://five.epicollect.net/api/media/plan-de-arbolado-parana-2024-2028?type=photo&format=entry_original&name=9dc4fd2e-264b-4b0e-aa49-a01cc36c64f1_1768221300.jpg,,Si,Saludable ,,Saludable,,Vivero municipal,Parques y/o plazas,No,Natural,
95130d11-2aaf-49d7-b1b5-3ed4179000a1,87c33ff8-4aa7-49e3-a7a7-415776dc60cb,2026-01-12T12:34:30.000Z,2026-01-12T12:37:15.000Z,87c33ff8-4aa7-49e3-a7a7-415776dc60cb,-31.714939,-60.506212,4,6488455,736311,20J,Reconocida,Lapacho,36,300,https://five.epicollect.net/api/media/plan-de-arbolado-parana-2024-2028?type=photo&format=entry_original&name=87c33ff8-4aa7-49e3-a7a7-415776dc60cb_1768221252.jpg,,Si,Saludable ,,Saludable,,Vivero municipal,Parques y/o plazas,No,Natural,
c1dc2c04-fd7b-4392-a3e4-56320061f398,1a267504-8f3d-4e6d-a4cf-40fab5bde852,2026-01-12T12:18:52.000Z,2026-01-12T12:21:38.000Z,1a267504-8f3d-4e6d-a4cf-40fab5bde852,-31.714239,-60.506743,3,6488534,736262,20J,Reconocida,Falsa Caoba,20,60,https://five.epicollect.net/api/media/plan-de-arbolado-parana-2024-2028?type=photo&format=entry_original&name=1a267504-8f3d-4e6d-a4cf-40fab5bde852_1768220322.jpg,,Si,Saludable ,,Saludable,,Vivero municipal,Parques y/o plazas,No,Natural,
c1dc2c04-fd7b-4392-a3e4-56320061f398,ed413987-4900-4c64-94d3-389a57962bd6,2026-01-12T12:17:54.000Z,2026-01-12T12:21:31.000Z,ed413987-4900-4c64-94d3-389a57962bd6,-31.714429,-60.506667,3,6488513,736269,20J,Reconocida,Falsa Caoba,20,80,https://five.epicollect.net/api/media/plan-de-arbolado-parana-2024-2028?type=photo&format=entry_original&name=ed413987-4900-4c64-94d3-389a57962bd6_1768220256.jpg,,Si,Saludable ,,Saludable,,Vivero municipal,Parques y/o plazas,No,Natural,
c1dc2c04-fd7b-4392-a3e4-56320061f398,5f25a665-3539-413c-b06d-6b453eb94e37,2026-01-12T12:16:52.000Z,2026-01-12T12:21:29.000Z,5f25a665-3539-413c-b06d-6b453eb94e37,-31.714562,-60.5065,3,6488498,736284,20J,Reconocida,Falsa Caoba,24,60,https://five.epicollect.net/api/media/plan-de-arbolado-parana-2024-2028?type=photo&format=entry_original&name=5f25a665-3539-413c-b06d-6b453eb94e37_1768220200.jpg,,Si,Saludable ,,Saludable,,Vivero municipal,Parques y/o plazas,No,Natural,
c1dc2c04-fd7b-4392-a3e4-56320061f398,19e752e2-3ec3-4f4d-b8e6-97afacf40554,2026-01-12T12:15:58.000Z,2026-01-12T12:21:23.000Z,19e752e2-3ec3-4f4d-b8e6-97afacf40554,-31.714777,-60.5064,3,6488474,736293,20J,Reconocida,Falsa Caoba,24,30,https://five.epicollect.net/api/media/plan-de-arbolado-parana-2024-2028?type=photo&format=entry_original&name=19e752e2-3ec3-4f4d-b8e6-97afacf40554_1768220146.jpg,,Si,Saludable ,,Saludable,,Vivero municipal,Parques y/o plazas,No,Natural,
c1dc2c04-fd7b-4392-a3e4-56320061f398,451eb771-d652-42ee-a86a-f405bffb3a03,2026-01-12T12:14:59.000Z,2026-01-12T12:21:19.000Z,451eb771-d652-42ee-a86a-f405bffb3a03,-31.714989,-60.506403,3,6488450,736292,20J,Reconocida,Falsa Caoba,20,50,https://five.epicollect.net/api/media/plan-de-arbolado-parana-2024-2028?type=photo&format=entry_original&name=451eb771-d652-42ee-a86a-f405bffb3a03_1768220074.jpg,,Si,Saludable ,Estrés hídrico,Saludable,,Vivero municipal,Parques y/o plazas,No,Natural,
c1dc2c04-fd7b-4392-a3e4-56320061f398,b1c4540f-32e3-4ac5-86b4-9e6609b122c7,2026-01-12T12:13:29.000Z,2026-01-12T12:21:17.000Z,b1c4540f-32e3-4ac5-86b4-9e6609b122c7,-31.715159,-60.506208,3,6488431,736310,20J,Reconocida,Falsa Caoba,36,230,https://five.epicollect.net/api/media/plan-de-arbolado-parana-2024-2028?type=photo&format=entry_original&name=b1c4540f-32e3-4ac5-86b4-9e6609b122c7_1768219994.jpg,,Si,Saludable ,,Saludable,,Vivero municipal,Parques y/o plazas,No,Natural,
c1dc2c04-fd7b-4392-a3e4-56320061f398,d1e4c547-be61-44c7-8aa8-bf1610cc426d,2026-01-12T12:12:44.000Z,2026-01-12T12:21:10.000Z,d1e4c547-be61-44c7-8aa8-bf1610cc426d,-31.715261,-60.506272,3,6488420,736304,20J,Reconocida,Falsa Caoba,20,40,https://five.epicollect.net/api/media/plan-de-arbolado-parana-2024-2028?type=photo&format=entry_original&name=d1e4c547-be61-44c7-8aa8-bf1610cc426d_1768219942.jpg,,Si,Saludable ,,Saludable,,Vivero municipal,Parques y/o plazas,No,Natural,
c1dc2c04-fd7b-4392-a3e4-56320061f398,83b1640e-eee7-428a-8038-7527897706cd,2026-01-12T12:11:51.000Z,2026-01-12T12:21:09.000Z,83b1640e-eee7-428a-8038-7527897706cd,-31.715229,-60.506399,3,6488424,736292,20J,Reconocida,Falsa Caoba,20,80,https://five.epicollect.net/api/media/plan-de-arbolado-parana-2024-2028?type=photo&format=entry_original&name=83b1640e-eee7-428a-8038-7527897706cd_1768219890.jpg,,Si,Saludable ,,Saludable,,Vivero municipal,Parques y/o plazas,No,Natural,
c1dc2c04-fd7b-4392-a3e4-56320061f398,74278b91-f44d-40c9-999a-8f0f328905ed,2026-01-12T12:11:03.000Z,2026-01-12T12:21:06.000Z,74278b91-f44d-40c9-999a-8f0f328905ed,-31.71535,-60.506461,5,6488410,736286,20J,Reconocida,Falsa Caoba,24,60,https://five.epicollect.net/api/media/plan-de-arbolado-parana-2024-2028?type=photo&format=entry_original&name=74278b91-f44d-40c9-999a-8f0f328905ed_1768219851.jpg,,Si,Saludable ,,Saludable,,Vivero municipal,Parques y/o plazas,No,Natural,
c1dc2c04-fd7b-4392-a3e4-56320061f398,bc1c8423-b8c4-42e4-ae76-46aa6e85df66,2026-01-12T12:10:25.000Z,2026-01-12T12:21:04.000Z,bc1c8423-b8c4-42e4-ae76-46aa6e85df66,-31.71547,-60.50653,5,6488397,736279,20J,Reconocida,Falsa Caoba,20,100,https://five.epicollect.net/api/media/plan-de-arbolado-parana-2024-2028?type=photo&format=entry_original&name=bc1c8423-b8c4-42e4-ae76-46aa6e85df66_1768219817.jpg,,Si,Saludable ,,Saludable,,Vivero municipal,Parques y/o plazas,No,Natural,
c1dc2c04-fd7b-4392-a3e4-56320061f398,8bfecb65-89c3-4af4-affc-b306d8645e83,2026-01-12T12:09:09.000Z,2026-01-12T12:21:03.000Z,8bfecb65-89c3-4af4-affc-b306d8645e83,-31.715637,-60.506704,4,6488379,736262,20J,Reconocida,Palo Jabón,36,180,https://five.epicollect.net/api/media/plan-de-arbolado-parana-2024-2028?type=photo&format=entry_original&name=8bfecb65-89c3-4af4-affc-b306d8645e83_1768219738.jpg,,Si,Saludable ,,Saludable,,Vivero municipal,Parques y/o plazas,No,Natural,
c1dc2c04-fd7b-4392-a3e4-56320061f398,ac9b98f4-bcfd-4014-a29f-53077a07b516,2026-01-12T12:08:11.000Z,2026-01-12T12:21:00.000Z,ac9b98f4-bcfd-4014-a29f-53077a07b516,-31.715563,-60.506649,5,6488387,736268,20J,Reconocida,Sauce Criollo,38,220,https://five.epicollect.net/api/media/plan-de-arbolado-parana-2024-2028?type=photo&format=entry_original&name=ac9b98f4-bcfd-4014-a29f-53077a07b516_1768219677.jpg,,Si,Saludable ,,Saludable,,Vivero municipal,Parques y/o plazas,No,Natural,
c1dc2c04-fd7b-4392-a3e4-56320061f398,ea88b126-3b64-4556-8295-fb4f09c4797c,2026-01-12T12:07:08.000Z,2026-01-12T12:20:59.000Z,ea88b126-3b64-4556-8295-fb4f09c4797c,-31.715613,-60.50669,4,6488382,736264,20J,Reconocida,Fresno,36,200,https://five.epicollect.net/api/media/plan-de-arbolado-parana-2024-2028?type=photo&format=entry_original&name=ea88b126-3b64-4556-8295-fb4f09c4797c_1768219617.jpg,,Si,Saludable ,,Saludable,,Vivero municipal,Parques y/o plazas,No,Natural,
c1dc2c04-fd7b-4392-a3e4-56320061f398,f5a36bad-7521-45d3-9ad9-d4bedbc3f22b,2026-01-12T12:05:37.000Z,2026-01-12T12:20:57.000Z,f5a36bad-7521-45d3-9ad9-d4bedbc3f22b,-31.71566,-60.506612,4,6488376,736271,20J,Reconocida,Falsa Caoba,12,50,https://five.epicollect.net/api/media/plan-de-arbolado-parana-2024-2028?type=photo&format=entry_original&name=f5a36bad-7521-45d3-9ad9-d4bedbc3f22b_1768219528.jpg,,Si,Saludable ,,Saludable,,Vivero municipal,Parques y/o plazas,No,Natural,
c1dc2c04-fd7b-4392-a3e4-56320061f398,a4b87bb9-541b-45b3-8d84-031695c5b7f3,2026-01-12T12:04:42.000Z,2026-01-12T12:20:55.000Z,a4b87bb9-541b-45b3-8d84-031695c5b7f3,-31.715737,-60.5066,4,6488368,736272,20J,Reconocida,Falsa Caoba,24,100,https://five.epicollect.net/api/media/plan-de-arbolado-parana-2024-2028?type=photo&format=entry_original&name=a4b87bb9-541b-45b3-8d84-031695c5b7f3_1768219474.jpg,,Si,Saludable ,,Saludable,,Vivero municipal,Parques y/o plazas,No,Natural,
c1dc2c04-fd7b-4392-a3e4-56320061f398,addde71c-d571-43fc-8c8b-128158df0201,2026-01-12T12:03:46.000Z,2026-01-12T12:20:53.000Z,addde71c-d571-43fc-8c8b-128158df0201,-31.715853,-60.506623,4,6488355,736269,20J,Reconocida,Falsa Caoba,12,30,https://five.epicollect.net/api/media/plan-de-arbolado-parana-2024-2028?type=photo&format=entry_original&name=addde71c-d571-43fc-8c8b-128158df0201_1768219371.jpg,,Si,No saludable,"Ejemplar quebrado. 
Brotando desde el tallo.",No saludable,,Vivero municipal,Parques y/o plazas,No,Natural,
c1dc2c04-fd7b-4392-a3e4-56320061f398,ee9ac3a2-e498-43d4-9a8f-48cdfe4526a6,2026-01-12T12:02:15.000Z,2026-01-12T12:20:52.000Z,ee9ac3a2-e498-43d4-9a8f-48cdfe4526a6,-31.715962,-60.506663,4,6488343,736265,20J,Reconocida,Falsa Caoba,18,80,https://five.epicollect.net/api/media/plan-de-arbolado-parana-2024-2028?type=photo&format=entry_original&name=ee9ac3a2-e498-43d4-9a8f-48cdfe4526a6_1768219326.jpg,,Si,Saludable ,,Saludable,,Vivero municipal,Parques y/o plazas,No,Natural,
c1dc2c04-fd7b-4392-a3e4-56320061f398,0272dd64-6df9-44f1-a426-d9d4965ae2f5,2026-01-12T12:01:27.000Z,2026-01-12T12:20:50.000Z,0272dd64-6df9-44f1-a426-d9d4965ae2f5,-31.716021,-60.506692,3,6488336,736262,20J,Reconocida,Falsa Caoba,12,60,https://five.epicollect.net/api/media/plan-de-arbolado-parana-2024-2028?type=photo&format=entry_original&name=0272dd64-6df9-44f1-a426-d9d4965ae2f5_1768219277.jpg,,Si,Saludable ,,Saludable,,Vivero municipal,Parques y/o plazas,No,Natural,
c1dc2c04-fd7b-4392-a3e4-56320061f398,77fd2d16-19a4-42a2-b47d-92833364aed4,2026-01-12T12:00:42.000Z,2026-01-12T12:20:48.000Z,77fd2d16-19a4-42a2-b47d-92833364aed4,-31.716077,-60.506714,4,6488330,736260,20J,Reconocida,Falsa Caoba,24,60,https://five.epicollect.net/api/media/plan-de-arbolado-parana-2024-2028?type=photo&format=entry_original&name=77fd2d16-19a4-42a2-b47d-92833364aed4_1768219233.jpg,,Si,Saludable ,,Saludable,,Vivero municipal,Parques y/o plazas,No,Natural,
c1dc2c04-fd7b-4392-a3e4-56320061f398,88f1caf0-8f60-403e-a5e8-015d5a4ac939,2026-01-12T11:59:25.000Z,2026-01-12T12:20:47.000Z,88f1caf0-8f60-403e-a5e8-015d5a4ac939,-31.716316,-60.506841,4,6488304,736247,20J,Reconocida,Fresno,36,220,https://five.epicollect.net/api/media/plan-de-arbolado-parana-2024-2028?type=photo&format=entry_original&name=88f1caf0-8f60-403e-a5e8-015d5a4ac939_1768219151.jpg,,Si,Saludable ,,Saludable,,Vivero municipal,Parques y/o plazas,No,Natural,
c1dc2c04-fd7b-4392-a3e4-56320061f398,bda2a481-4d28-4428-9873-bba7ffee3e82,2026-01-12T11:56:37.000Z,2026-01-12T12:20:45.000Z,bda2a481-4d28-4428-9873-bba7ffee3e82,-31.715905,-60.507877,4,6488352,736150,20J,Reconocida,Sauce Criollo,30,250,https://five.epicollect.net/api/media/plan-de-arbolado-parana-2024-2028?type=photo&format=entry_original&name=bda2a481-4d28-4428-9873-bba7ffee3e82_1768218987.jpg,,Si,Saludable ,,Saludable,,Vivero municipal,Parques y/o plazas,No,Natural,
c1dc2c04-fd7b-4392-a3e4-56320061f398,8ff54823-030c-4e41-b42d-6e86ff4fdd88,2026-01-12T11:55:46.000Z,2026-01-12T12:20:43.000Z,8ff54823-030c-4e41-b42d-6e86ff4fdd88,-31.715847,-60.507893,3,6488358,736149,20J,Reconocida,Sauce Criollo,24,160,https://five.epicollect.net/api/media/plan-de-arbolado-parana-2024-2028?type=photo&format=entry_original&name=8ff54823-030c-4e41-b42d-6e86ff4fdd88_1768218938.jpg,,Si,Saludable ,,Saludable,,Vivero municipal,Parques y/o plazas,No,Natural,
c1dc2c04-fd7b-4392-a3e4-56320061f398,d5f305b6-9942-448c-a804-88435207e966,2026-01-12T11:54:29.000Z,2026-01-12T12:20:42.000Z,d5f305b6-9942-448c-a804-88435207e966,-31.715665,-60.507601,4,6488378,736177,20J,Reconocida,Sauce Criollo,24,160,https://five.epicollect.net/api/media/plan-de-arbolado-parana-2024-2028?type=photo&format=entry_original&name=d5f305b6-9942-448c-a804-88435207e966_1768218858.jpg,,Si,Saludable ,,Saludable,,Vivero municipal,Parques y/o plazas,No,Natural,
c1dc2c04-fd7b-4392-a3e4-56320061f398,33c78d0c-b69a-40df-be1c-a1edccfd9859,2026-01-12T11:53:05.000Z,2026-01-12T12:20:40.000Z,33c78d0c-b69a-40df-be1c-a1edccfd9859,-31.715794,-60.507709,3,6488364,736167,20J,Reconocida,Sauce Criollo,24,150,https://five.epicollect.net/api/media/plan-de-arbolado-parana-2024-2028?type=photo&format=entry_original&name=33c78d0c-b69a-40df-be1c-a1edccfd9859_1768218776.jpg,,Si,Saludable ,,Saludable,,Vivero municipal,Parques y/o plazas,No,Natural,
c1dc2c04-fd7b-4392-a3e4-56320061f398,d991bd73-c06c-4e4d-a952-a5a535e40e25,2026-01-12T11:51:19.000Z,2026-01-12T12:20:38.000Z,d991bd73-c06c-4e4d-a952-a5a535e40e25,-31.715895,-60.507602,3,6488352,736176,20J,Reconocida,Fresno,24,160,https://five.epicollect.net/api/media/plan-de-arbolado-parana-2024-2028?type=photo&format=entry_original&name=d991bd73-c06c-4e4d-a952-a5a535e40e25_1768218669.jpg,,Si,Saludable ,,Saludable,,Vivero municipal,Parques y/o plazas,No,Natural,
c1dc2c04-fd7b-4392-a3e4-56320061f398,809c2ac1-8277-4ce4-a37c-4055144cd685,2026-01-12T11:50:33.000Z,2026-01-12T12:20:37.000Z,809c2ac1-8277-4ce4-a37c-4055144cd685,-31.715982,-60.507571,3,6488343,736179,20J,Reconocida,Sauce Criollo,36,200,https://five.epicollect.net/api/media/plan-de-arbolado-parana-2024-2028?type=photo&format=entry_original&name=809c2ac1-8277-4ce4-a37c-4055144cd685_1768218575.jpg,,Si,Saludable ,,Saludable,,Vivero municipal,Parques y/o plazas,No,Natural,
c1dc2c04-fd7b-4392-a3e4-56320061f398,004232c1-ddd8-4583-b6cd-c10071974edb,2026-01-12T11:47:49.000Z,2026-01-12T12:20:35.000Z,004232c1-ddd8-4583-b6cd-c10071974edb,-31.71595,-60.507645,3,6488346,736172,20J,Reconocida,Sauce Criollo,36,300,https://five.epicollect.net/api/media/plan-de-arbolado-parana-2024-2028?type=photo&format=entry_original&name=004232c1-ddd8-4583-b6cd-c10071974edb_1768218459.jpg,,Si,Saludable ,,Saludable,,Vivero municipal,Parques y/o plazas,No,Natural,
c1dc2c04-fd7b-4392-a3e4-56320061f398,1a20cb77-ff33-499b-9b23-a290182b24ae,2026-01-12T11:46:57.000Z,2026-01-12T12:20:33.000Z,1a20cb77-ff33-499b-9b23-a290182b24ae,-31.716061,-60.50773,4,6488334,736164,20J,Reconocida,Fresno,48,300,https://five.epicollect.net/api/media/plan-de-arbolado-parana-2024-2028?type=photo&format=entry_original&name=1a20cb77-ff33-499b-9b23-a290182b24ae_1768218399.jpg,,Si,Saludable ,,Saludable,,Vivero municipal,Parques y/o plazas,No,Natural,
c1dc2c04-fd7b-4392-a3e4-56320061f398,b13e736c-3736-42c7-a51d-5e6cf2d5bb72,2026-01-12T11:45:58.000Z,2026-01-12T12:20:31.000Z,b13e736c-3736-42c7-a51d-5e6cf2d5bb72,-31.716051,-60.507702,4,6488335,736167,20J,Reconocida,Sauce Criollo,30,220,https://five.epicollect.net/api/media/plan-de-arbolado-parana-2024-2028?type=photo&format=entry_original&name=b13e736c-3736-42c7-a51d-5e6cf2d5bb72_1768218349.jpg,,Si,Saludable ,,Saludable,,Vivero municipal,Parques y/o plazas,No,Natural,
37f66b8d-34d0-4457-913b-5ca4492533ba,68a5544f-d606-4f5a-8e01-d704c6c4bf4b,2026-01-12T11:38:06.000Z,2026-01-12T11:38:19.000Z,68a5544f-d606-4f5a-8e01-d704c6c4bf4b,-31.716049,-60.507641,3,6488335,736172,20J,Reconocida,Sauce Criollo,30,220,https://five.epicollect.net/api/media/plan-de-arbolado-parana-2024-2028?type=photo&format=entry_original&name=68a5544f-d606-4f5a-8e01-d704c6c4bf4b_1768217868.jpg,,Si,Saludable ,,Saludable,,Vivero municipal,Parques y/o plazas,No,Natural,
37f66b8d-34d0-4457-913b-5ca4492533ba,1e08f6f1-1a19-4fe2-aecd-26e847aa2479,2026-01-12T11:37:13.000Z,2026-01-12T11:38:17.000Z,1e08f6f1-1a19-4fe2-aecd-26e847aa2479,-31.716162,-60.507618,5,6488323,736174,20J,Reconocida,Sauce Criollo,24,150,https://five.epicollect.net/api/media/plan-de-arbolado-parana-2024-2028?type=photo&format=entry_original&name=1e08f6f1-1a19-4fe2-aecd-26e847aa2479_1768217821.jpg,,Si,Saludable ,,Saludable,,Vivero municipal,Parques y/o plazas,No,Natural,
6f8b6eac-a855-416e-84a7-daa796304e34,0708981f-e86f-4c40-b9e7-3f6a2c4cdba4,2026-01-12T11:34:40.000Z,2026-01-12T11:35:41.000Z,0708981f-e86f-4c40-b9e7-3f6a2c4cdba4,-31.716121,-60.507481,3,6488327,736187,20J,Reconocida,Crespón,24,150,https://five.epicollect.net/api/media/plan-de-arbolado-parana-2024-2028?type=photo&format=entry_original&name=0708981f-e86f-4c40-b9e7-3f6a2c4cdba4_1768217667.jpg,,Si,Saludable ,,Saludable,,Vivero municipal,Parques y/o plazas,No,Natural,
6f8b6eac-a855-416e-84a7-daa796304e34,7ffe683d-e472-42be-92f3-fb9446418351,2026-01-12T11:33:45.000Z,2026-01-12T11:35:39.000Z,7ffe683d-e472-42be-92f3-fb9446418351,-31.716217,-60.507565,6,6488317,736179,20J,Reconocida,Crespón,24,150,https://five.epicollect.net/api/media/plan-de-arbolado-parana-2024-2028?type=photo&format=entry_original&name=7ffe683d-e472-42be-92f3-fb9446418351_1768217618.jpg,,Si,Saludable ,,Saludable,,Vivero municipal,Parques y/o plazas,No,Natural,
6f8b6eac-a855-416e-84a7-daa796304e34,a88f982e-0e60-4dd6-b1b4-f42aece98723,2026-01-12T11:33:03.000Z,2026-01-12T11:35:37.000Z,a88f982e-0e60-4dd6-b1b4-f42aece98723,-31.716241,-60.507605,4,6488314,736175,20J,Reconocida,Crespón,36,120,https://five.epicollect.net/api/media/plan-de-arbolado-parana-2024-2028?type=photo&format=entry_original&name=a88f982e-0e60-4dd6-b1b4-f42aece98723_1768217575.jpg,,Si,Saludable ,,Saludable,,Vivero municipal,Parques y/o plazas,No,Natural,
6f8b6eac-a855-416e-84a7-daa796304e34,22ec370a-be2a-4916-866f-06ba2853f33a,2026-01-12T11:32:25.000Z,2026-01-12T11:35:36.000Z,22ec370a-be2a-4916-866f-06ba2853f33a,-31.716294,-60.507659,5,6488308,736170,20J,Reconocida,Crespón,24,128,https://five.epicollect.net/api/media/plan-de-arbolado-parana-2024-2028?type=photo&format=entry_original&name=22ec370a-be2a-4916-866f-06ba2853f33a_1768217534.jpg,,Si,Saludable ,,Saludable,,Vivero municipal,Parques y/o plazas,No,Natural,
6f8b6eac-a855-416e-84a7-daa796304e34,f00ae02c-ec00-4e2c-bfb7-1962989bebd0,2026-01-12T11:31:35.000Z,2026-01-12T11:35:34.000Z,f00ae02c-ec00-4e2c-bfb7-1962989bebd0,-31.716299,-60.507738,3,6488308,736162,20J,Reconocida,Crespón,24,120,https://five.epicollect.net/api/media/plan-de-arbolado-parana-2024-2028?type=photo&format=entry_original&name=f00ae02c-ec00-4e2c-bfb7-1962989bebd0_1768217462.jpg,,Si,No saludable,Falta de follaje. Estrés hídrico.,Saludable,,Vivero municipal,Parques y/o plazas,No,Natural,
6f8b6eac-a855-416e-84a7-daa796304e34,7dd7b827-27f1-4e7f-ae6a-4704b437b544,2026-01-12T11:30:21.000Z,2026-01-12T11:35:32.000Z,7dd7b827-27f1-4e7f-ae6a-4704b437b544,-31.716354,-60.507837,3,6488302,736153,20J,Reconocida,Falsa Caoba,24,80,https://five.epicollect.net/api/media/plan-de-arbolado-parana-2024-2028?type=photo&format=entry_original&name=7dd7b827-27f1-4e7f-ae6a-4704b437b544_1768217412.jpg,,Si,Saludable ,,Saludable,,Vivero municipal,Parques y/o plazas,No,Natural,
6f8b6eac-a855-416e-84a7-daa796304e34,ec929713-a6ba-46aa-9278-48a9584a71bd,2026-01-12T11:29:35.000Z,2026-01-12T11:35:31.000Z,ec929713-a6ba-46aa-9278-48a9584a71bd,-31.716349,-60.507922,4,6488303,736145,20J,Reconocida,Falsa Caoba,24,80,https://five.epicollect.net/api/media/plan-de-arbolado-parana-2024-2028?type=photo&format=entry_original&name=ec929713-a6ba-46aa-9278-48a9584a71bd_1768217364.jpg,,Si,Saludable ,,Saludable,,Vivero municipal,Parques y/o plazas,No,Natural,
6f8b6eac-a855-416e-84a7-daa796304e34,dd70e191-d1a7-4ab7-8089-e513df86a535,2026-01-12T11:28:54.000Z,2026-01-12T11:35:29.000Z,dd70e191-d1a7-4ab7-8089-e513df86a535,-31.716454,-60.507983,5,6488291,736139,20J,Reconocida,Sauce Criollo,24,150,https://five.epicollect.net/api/media/plan-de-arbolado-parana-2024-2028?type=photo&format=entry_original&name=dd70e191-d1a7-4ab7-8089-e513df86a535_1768217325.jpg,,Si,Saludable ,,Saludable,,Vivero municipal,Parques y/o plazas,No,Natural,
6f8b6eac-a855-416e-84a7-daa796304e34,b0edc3c2-3c95-445a-a961-a0c6c00dbbd6,2026-01-12T11:28:08.000Z,2026-01-12T11:35:27.000Z,b0edc3c2-3c95-445a-a961-a0c6c00dbbd6,-31.71641,-60.507991,5,6488296,736138,20J,Reconocida,Sauce Criollo,24,180,https://five.epicollect.net/api/media/plan-de-arbolado-parana-2024-2028?type=photo&format=entry_original&name=b0edc3c2-3c95-445a-a961-a0c6c00dbbd6_1768217276.jpg,,Si,Saludable ,,Saludable,,Vivero municipal,Parques y/o plazas,No,Natural,
6f8b6eac-a855-416e-84a7-daa796304e34,9d69bd20-9e46-49ad-bd3f-ec7669d6b43e,2026-01-12T11:27:18.000Z,2026-01-12T11:35:26.000Z,9d69bd20-9e46-49ad-bd3f-ec7669d6b43e,-31.716351,-60.507996,3,6488303,736138,20J,Reconocida,Falsa Caoba,24,120,https://five.epicollect.net/api/media/plan-de-arbolado-parana-2024-2028?type=photo&format=entry_original&name=9d69bd20-9e46-49ad-bd3f-ec7669d6b43e_1768217229.jpg,,Si,Saludable ,,Saludable,,Vivero municipal,Parques y/o plazas,No,Natural,
6f8b6eac-a855-416e-84a7-daa796304e34,97643628-a138-4cfa-867d-ce6711f94279,2026-01-12T11:26:20.000Z,2026-01-12T11:35:24.000Z,97643628-a138-4cfa-867d-ce6711f94279,-31.716353,-60.508153,3,6488303,736123,20J,Reconocida,Crespón,36,150,https://five.epicollect.net/api/media/plan-de-arbolado-parana-2024-2028?type=photo&format=entry_original&name=97643628-a138-4cfa-867d-ce6711f94279_1768217167.jpg,,Si,Saludable ,,Saludable,,Vivero municipal,Parques y/o plazas,No,Natural,
6f8b6eac-a855-416e-84a7-daa796304e34,66c8a4bd-da92-4309-9aaf-5d71aa9f0e25,2026-01-12T11:25:40.000Z,2026-01-12T11:35:22.000Z,66c8a4bd-da92-4309-9aaf-5d71aa9f0e25,-31.71633,-60.508238,4,6488306,736115,20J,Reconocida,Crespón,36,150,https://five.epicollect.net/api/media/plan-de-arbolado-parana-2024-2028?type=photo&format=entry_original&name=66c8a4bd-da92-4309-9aaf-5d71aa9f0e25_1768217133.jpg,,Si,Saludable ,,Saludable,,Vivero municipal,Parques y/o plazas,No,Natural,
6f8b6eac-a855-416e-84a7-daa796304e34,38e480c4-b0d9-4c06-8f84-74e852af8744,2026-01-12T11:25:10.000Z,2026-01-12T11:35:20.000Z,38e480c4-b0d9-4c06-8f84-74e852af8744,-31.716333,-60.508286,4,6488305,736110,20J,Reconocida,Crespón,36,170,https://five.epicollect.net/api/media/plan-de-arbolado-parana-2024-2028?type=photo&format=entry_original&name=38e480c4-b0d9-4c06-8f84-74e852af8744_1768217099.jpg,,Si,Saludable ,,Saludable,,Vivero municipal,Parques y/o plazas,No,Natural,
6f8b6eac-a855-416e-84a7-daa796304e34,cc7c2293-83e1-4147-b5fd-289db49d572d,2026-01-12T11:24:33.000Z,2026-01-12T11:35:19.000Z,cc7c2293-83e1-4147-b5fd-289db49d572d,-31.716303,-60.508391,3,6488309,736101,20J,Reconocida,Crespón,36,150,https://five.epicollect.net/api/media/plan-de-arbolado-parana-2024-2028?type=photo&format=entry_original&name=cc7c2293-83e1-4147-b5fd-289db49d572d_1768217063.jpg,,Si,Saludable ,,Saludable,,Vivero municipal,Parques y/o plazas,No,Natural,
6f8b6eac-a855-416e-84a7-daa796304e34,c24960f0-5c52-453f-8bd8-511b3a490f58,2026-01-12T11:23:53.000Z,2026-01-12T11:35:17.000Z,c24960f0-5c52-453f-8bd8-511b3a490f58,-31.716339,-60.5085,5,6488305,736090,20J,Reconocida,Crespón,30,150,https://five.epicollect.net/api/media/plan-de-arbolado-parana-2024-2028?type=photo&format=entry_original&name=c24960f0-5c52-453f-8bd8-511b3a490f58_1768217016.jpg,,Si,Saludable ,,Saludable,,Vivero municipal,Parques y/o plazas,No,Natural,
6f8b6eac-a855-416e-84a7-daa796304e34,7bb709e5-e16a-4c81-9671-335d358926b0,2026-01-12T11:22:36.000Z,2026-01-12T11:35:15.000Z,7bb709e5-e16a-4c81-9671-335d358926b0,-31.71617,-60.508548,3,6488324,736086,20J,Reconocida,Sauce Criollo,24,180,https://five.epicollect.net/api/media/plan-de-arbolado-parana-2024-2028?type=photo&format=entry_original&name=7bb709e5-e16a-4c81-9671-335d358926b0_1768216943.jpg,,Si,Saludable ,,Saludable,,Vivero municipal,Parques y/o plazas,No,Natural,
6f8b6eac-a855-416e-84a7-daa796304e34,6a3febb4-bf42-4910-91d7-a5dc66d5696a,2026-01-12T11:21:49.000Z,2026-01-12T11:35:13.000Z,6a3febb4-bf42-4910-91d7-a5dc66d5696a,-31.716189,-60.508441,3,6488322,736096,20J,Reconocida,Sauce Criollo,30,200,https://five.epicollect.net/api/media/plan-de-arbolado-parana-2024-2028?type=photo&format=entry_original&name=6a3febb4-bf42-4910-91d7-a5dc66d5696a_1768216900.jpg,,Si,Saludable ,,Saludable,,Vivero municipal,Parques y/o plazas,No,Natural,
6f8b6eac-a855-416e-84a7-daa796304e34,c0f01643-cc5b-4c21-8d83-370ba6bc6a4f,2026-01-12T11:21:01.000Z,2026-01-12T11:35:12.000Z,c0f01643-cc5b-4c21-8d83-370ba6bc6a4f,-31.716142,-60.5084,3,6488327,736100,20J,Reconocida,Sauce Criollo,24,180,https://five.epicollect.net/api/media/plan-de-arbolado-parana-2024-2028?type=photo&format=entry_original&name=c0f01643-cc5b-4c21-8d83-370ba6bc6a4f_1768216852.jpg,,Si,Saludable ,,Saludable,,Vivero municipal,Parques y/o plazas,No,Natural,
6f8b6eac-a855-416e-84a7-daa796304e34,e792b594-8126-490c-9d42-2b6681a9c01e,2026-01-12T11:20:16.000Z,2026-01-12T11:35:10.000Z,e792b594-8126-490c-9d42-2b6681a9c01e,-31.716125,-60.508392,4,6488329,736101,20J,Reconocida,Sauce Criollo,24,200,https://five.epicollect.net/api/media/plan-de-arbolado-parana-2024-2028?type=photo&format=entry_original&name=e792b594-8126-490c-9d42-2b6681a9c01e_1768216804.jpg,,Si,Saludable ,,Saludable,,Vivero municipal,Parques y/o plazas,No,Natural,
6f8b6eac-a855-416e-84a7-daa796304e34,665b6283-eba6-452d-a468-1905f5cf1c11,2026-01-12T11:19:30.000Z,2026-01-12T11:35:08.000Z,665b6283-eba6-452d-a468-1905f5cf1c11,-31.716029,-60.508378,3,6488339,736103,20J,Reconocida,Morera,24,80,https://five.epicollect.net/api/media/plan-de-arbolado-parana-2024-2028?type=photo&format=entry_original&name=665b6283-eba6-452d-a468-1905f5cf1c11_1768216759.jpg,,Si,Saludable ,,Saludable,,Vivero municipal,Parques y/o plazas,No,Natural,
6f8b6eac-a855-416e-84a7-daa796304e34,e1ecbea8-743f-4bf3-9cd3-d2d478c16128,2026-01-12T11:18:34.000Z,2026-01-12T11:35:07.000Z,e1ecbea8-743f-4bf3-9cd3-d2d478c16128,-31.715995,-60.508286,5,6488343,736111,20J,Reconocida,Sauce Criollo,24,160,https://five.epicollect.net/api/media/plan-de-arbolado-parana-2024-2028?type=photo&format=entry_original&name=e1ecbea8-743f-4bf3-9cd3-d2d478c16128_1768216706.jpg,,Si,Saludable ,,Saludable,,Vivero municipal,Parques y/o plazas,No,Natural,
6f8b6eac-a855-416e-84a7-daa796304e34,1d7da284-6cbf-42b6-b9a8-6755d6c722d5,2026-01-12T11:17:50.000Z,2026-01-12T11:35:05.000Z,1d7da284-6cbf-42b6-b9a8-6755d6c722d5,-31.715947,-60.50823,3,6488348,736117,20J,Reconocida,Sauce Criollo,24,160,https://five.epicollect.net/api/media/plan-de-arbolado-parana-2024-2028?type=photo&format=entry_original&name=1d7da284-6cbf-42b6-b9a8-6755d6c722d5_1768216655.jpg,,Si,Saludable ,,Saludable,,Vivero municipal,Parques y/o plazas,No,Natural,
6f8b6eac-a855-416e-84a7-daa796304e34,29965eb8-4087-4888-bd2d-b05ee18edb6f,2026-01-12T11:16:44.000Z,2026-01-12T11:35:03.000Z,29965eb8-4087-4888-bd2d-b05ee18edb6f,-31.715962,-60.508452,4,6488347,736096,20J,Reconocida,Sauce Criollo,12,50,https://five.epicollect.net/api/media/plan-de-arbolado-parana-2024-2028?type=photo&format=entry_original&name=29965eb8-4087-4888-bd2d-b05ee18edb6f_1768216574.jpg,,Si,Saludable ,,Saludable,,Vivero municipal,Parques y/o plazas,No,Natural,
6f8b6eac-a855-416e-84a7-daa796304e34,f2903b0d-e47b-45f3-b3f7-b0cb59c185c8,2026-01-12T11:15:33.000Z,2026-01-12T11:35:01.000Z,f2903b0d-e47b-45f3-b3f7-b0cb59c185c8,-31.715917,-60.508414,3,6488352,736099,20J,Reconocida,Fresno,24,150,https://five.epicollect.net/api/media/plan-de-arbolado-parana-2024-2028?type=photo&format=entry_original&name=f2903b0d-e47b-45f3-b3f7-b0cb59c185c8_1768216519.jpg,,Si,Saludable ,,Saludable,,Vivero municipal,Parques y/o plazas,No,Natural,
939dce1d-5561-4cfd-9aa2-c8108afe121e,ca0e17cc-7575-48d3-95ff-ba6c4a63b64c,2026-01-08T13:22:09.000Z,2026-01-08T13:22:54.000Z,ca0e17cc-7575-48d3-95ff-ba6c4a63b64c,-31.714602,-60.506793,3,6488494,736256,20J,Reconocida,Sauce Criollo,50,300,https://five.epicollect.net/api/media/plan-de-arbolado-parana-2024-2028?type=photo&format=entry_original&name=ca0e17cc-7575-48d3-95ff-ba6c4a63b64c_1767878519.jpg,,Si,Saludable ,,Saludable,,Vivero municipal,Parques y/o plazas,No,Natural,
939dce1d-5561-4cfd-9aa2-c8108afe121e,de75c604-d4ff-4d20-ad0f-7cd3a1b1acbe,2026-01-08T13:21:22.000Z,2026-01-08T13:22:53.000Z,de75c604-d4ff-4d20-ad0f-7cd3a1b1acbe,-31.71465,-60.506682,5,6488488,736267,20J,Reconocida,Sauce Criollo,24,200,https://five.epicollect.net/api/media/plan-de-arbolado-parana-2024-2028?type=photo&format=entry_original&name=de75c604-d4ff-4d20-ad0f-7cd3a1b1acbe_1767878472.jpg,,No,Saludable ,,Saludable,,Vivero municipal,Parques y/o plazas,No,Natural,
939dce1d-5561-4cfd-9aa2-c8108afe121e,4355a4d3-c291-49b8-819b-d045b219d81e,2026-01-08T13:20:43.000Z,2026-01-08T13:22:51.000Z,4355a4d3-c291-49b8-819b-d045b219d81e,-31.714703,-60.506631,4,6488482,736271,20J,Reconocida,Sauce Criollo,24,190,https://five.epicollect.net/api/media/plan-de-arbolado-parana-2024-2028?type=photo&format=entry_original&name=4355a4d3-c291-49b8-819b-d045b219d81e_1767878434.jpg,,Si,Saludable ,,Saludable,,Vivero municipal,Parques y/o plazas,No,Natural,
939dce1d-5561-4cfd-9aa2-c8108afe121e,c45bb226-04a1-4818-925c-bce05ea22166,2026-01-08T13:20:03.000Z,2026-01-08T13:22:49.000Z,c45bb226-04a1-4818-925c-bce05ea22166,-31.714761,-60.506613,3,6488476,736273,20J,Reconocida,Sauce Criollo,30,220,https://five.epicollect.net/api/media/plan-de-arbolado-parana-2024-2028?type=photo&format=entry_original&name=c45bb226-04a1-4818-925c-bce05ea22166_1767878393.jpg,,Si,Saludable ,,Saludable,,Vivero municipal,Parques y/o plazas,No,Natural,
939dce1d-5561-4cfd-9aa2-c8108afe121e,b2960730-0660-445c-ac79-a5b4c5c62645,2026-01-08T13:19:12.000Z,2026-01-08T13:22:48.000Z,b2960730-0660-445c-ac79-a5b4c5c62645,-31.714857,-60.506604,3,6488465,736274,20J,Reconocida,Sauce Criollo,24,200,https://five.epicollect.net/api/media/plan-de-arbolado-parana-2024-2028?type=photo&format=entry_original&name=b2960730-0660-445c-ac79-a5b4c5c62645_1767878343.jpg,,Si,Saludable ,,Saludable,,Vivero municipal,Parques y/o plazas,No,Natural,
939dce1d-5561-4cfd-9aa2-c8108afe121e,400bca77-c3b8-4d83-bf37-88370b80049d,2026-01-08T13:18:31.000Z,2026-01-08T13:22:46.000Z,400bca77-c3b8-4d83-bf37-88370b80049d,-31.714952,-60.506589,4,6488455,736275,20J,Reconocida,Sauce Criollo,24,220,https://five.epicollect.net/api/media/plan-de-arbolado-parana-2024-2028?type=photo&format=entry_original&name=400bca77-c3b8-4d83-bf37-88370b80049d_1767878302.jpg,,Si,Saludable ,,Saludable,,Vivero municipal,Parques y/o plazas,No,Natural,
939dce1d-5561-4cfd-9aa2-c8108afe121e,9e7a6060-ece2-4f65-a414-82b237eba5f1,2026-01-08T13:17:29.000Z,2026-01-08T13:22:44.000Z,9e7a6060-ece2-4f65-a414-82b237eba5f1,-31.715298,-60.506625,3,6488417,736271,20J,Reconocida,Lapacho,33,70,https://five.epicollect.net/api/media/plan-de-arbolado-parana-2024-2028?type=photo&format=entry_original&name=9e7a6060-ece2-4f65-a414-82b237eba5f1_1767878235.jpg,,Si,Saludable ,,Saludable,,Vivero municipal,Parques y/o plazas,No,Natural,
939dce1d-5561-4cfd-9aa2-c8108afe121e,783b1bad-42c4-4d21-9b8b-17efc4f9ea88,2026-01-08T13:16:35.000Z,2026-01-08T13:22:42.000Z,783b1bad-42c4-4d21-9b8b-17efc4f9ea88,-31.715239,-60.506577,3,6488423,736275,20J,Reconocida,Sauce Criollo,24,210,https://five.epicollect.net/api/media/plan-de-arbolado-parana-2024-2028?type=photo&format=entry_original&name=783b1bad-42c4-4d21-9b8b-17efc4f9ea88_1767878186.jpg,,Si,Saludable ,,Saludable,,Vivero municipal,Parques y/o plazas,No,Natural,
939dce1d-5561-4cfd-9aa2-c8108afe121e,54808158-768a-4994-bac3-4cd44b284b78,2026-01-08T13:15:50.000Z,2026-01-08T13:22:41.000Z,54808158-768a-4994-bac3-4cd44b284b78,-31.715157,-60.506578,3,6488432,736275,20J,Reconocida,Sauce Criollo,24,210,https://five.epicollect.net/api/media/plan-de-arbolado-parana-2024-2028?type=photo&format=entry_original&name=54808158-768a-4994-bac3-4cd44b284b78_1767878139.jpg,,Si,Saludable ,,Saludable,,Vivero municipal,Parques y/o plazas,No,Natural,
939dce1d-5561-4cfd-9aa2-c8108afe121e,fcadf042-911c-47df-9c1c-1f85463fde6a,2026-01-08T13:14:56.000Z,2026-01-08T13:22:39.000Z,fcadf042-911c-47df-9c1c-1f85463fde6a,-31.715089,-60.506658,4,6488440,736268,20J,Reconocida,Sauce Criollo,20,70,https://five.epicollect.net/api/media/plan-de-arbolado-parana-2024-2028?type=photo&format=entry_original&name=fcadf042-911c-47df-9c1c-1f85463fde6a_1767878081.jpg,,No,Saludable ,,Saludable,,Vivero municipal,Parques y/o plazas,No,Natural,
939dce1d-5561-4cfd-9aa2-c8108afe121e,cfe25c8d-33c3-41ac-a6fb-b7f33dafb179,2026-01-08T13:14:05.000Z,2026-01-08T13:22:37.000Z,cfe25c8d-33c3-41ac-a6fb-b7f33dafb179,-31.715107,-60.506705,4,6488438,736263,20J,Reconocida,Sauce Criollo,24,150,https://five.epicollect.net/api/media/plan-de-arbolado-parana-2024-2028?type=photo&format=entry_original&name=cfe25c8d-33c3-41ac-a6fb-b7f33dafb179_1767878018.jpg,,Si,Saludable ,,Saludable,,Vivero municipal,Parques y/o plazas,No,Natural,
939dce1d-5561-4cfd-9aa2-c8108afe121e,53853676-efe7-4aad-8fbe-b2fc3f77eec1,2026-01-08T13:13:01.000Z,2026-01-08T13:22:36.000Z,53853676-efe7-4aad-8fbe-b2fc3f77eec1,-31.715226,-60.506714,3,6488425,736262,20J,Reconocida,Palmera Pindó,36,48,https://five.epicollect.net/api/media/plan-de-arbolado-parana-2024-2028?type=photo&format=entry_original&name=53853676-efe7-4aad-8fbe-b2fc3f77eec1_1767877967.jpg,,Si,Saludable ,,Saludable,,Vivero municipal,Parques y/o plazas,No,Natural,
939dce1d-5561-4cfd-9aa2-c8108afe121e,6874fd03-ffa8-421c-aba1-6312664be3d9,2026-01-08T13:12:02.000Z,2026-01-08T13:22:34.000Z,6874fd03-ffa8-421c-aba1-6312664be3d9,-31.715293,-60.506906,3,6488418,736244,20J,Reconocida,Sauce Criollo,24,160,https://five.epicollect.net/api/media/plan-de-arbolado-parana-2024-2028?type=photo&format=entry_original&name=6874fd03-ffa8-421c-aba1-6312664be3d9_1767877885.jpg,,Si,Saludable ,"Perdida de follaje.
Estrés hídrico.",Saludable,,Vivero municipal,Parques y/o plazas,No,Natural,
939dce1d-5561-4cfd-9aa2-c8108afe121e,26d60479-a5e0-4fbd-ad08-d50270d369d6,2026-01-08T13:10:42.000Z,2026-01-08T13:22:32.000Z,26d60479-a5e0-4fbd-ad08-d50270d369d6,-31.715358,-60.506874,3,6488410,736247,20J,Reconocida,Palmera Pindó,48,150,https://five.epicollect.net/api/media/plan-de-arbolado-parana-2024-2028?type=photo&format=entry_original&name=26d60479-a5e0-4fbd-ad08-d50270d369d6_1767877829.jpg,,Si,Saludable ,,Saludable,,Vivero municipal,Parques y/o plazas,No,Natural,
939dce1d-5561-4cfd-9aa2-c8108afe121e,e3fe7763-2f90-4282-a2f4-17decb63c52d,2026-01-08T13:09:30.000Z,2026-01-08T13:22:30.000Z,e3fe7763-2f90-4282-a2f4-17decb63c52d,-31.715429,-60.507196,4,6488403,736216,20J,Reconocida,Sauce Criollo,27,150,https://five.epicollect.net/api/media/plan-de-arbolado-parana-2024-2028?type=photo&format=entry_original&name=e3fe7763-2f90-4282-a2f4-17decb63c52d_1767877722.jpg,,Si,No saludable,"Perdida de follaje.
Estrés hídrico",Saludable,,Vivero municipal,Parques y/o plazas,No,Natural,
939dce1d-5561-4cfd-9aa2-c8108afe121e,2c86760c-9fd8-4e81-bf8e-faa4e9e221a4,2026-01-08T13:08:06.000Z,2026-01-08T13:22:29.000Z,2c86760c-9fd8-4e81-bf8e-faa4e9e221a4,-31.71543,-60.50711,3,6488403,736224,20J,Reconocida,Sauce Criollo,24,140,https://five.epicollect.net/api/media/plan-de-arbolado-parana-2024-2028?type=photo&format=entry_original&name=2c86760c-9fd8-4e81-bf8e-faa4e9e221a4_1767877645.jpg,,Si,No saludable,"Falta de riego.
Follaje marchito",Saludable,,Vivero municipal,Parques y/o plazas,No,Natural,
939dce1d-5561-4cfd-9aa2-c8108afe121e,0984639c-e26d-4043-ae1a-7ad35b49e912,2026-01-08T13:06:46.000Z,2026-01-08T13:22:27.000Z,0984639c-e26d-4043-ae1a-7ad35b49e912,-31.715366,-60.50707,4,6488410,736228,20J,Reconocida,Sauce Criollo,24,170,https://five.epicollect.net/api/media/plan-de-arbolado-parana-2024-2028?type=photo&format=entry_original&name=0984639c-e26d-4043-ae1a-7ad35b49e912_1767877594.jpg,,Si,Saludable ,,Saludable,,Vivero municipal,Parques y/o plazas,No,Natural,
8b61be77-718c-42fa-8743-6c011c66eb2d,d6b243ff-6cc8-4561-8ab6-83c6ac71ee5e,2026-01-08T12:54:29.000Z,2026-01-08T12:55:08.000Z,d6b243ff-6cc8-4561-8ab6-83c6ac71ee5e,-31.71518,-60.507787,4,6488432,736161,20J,Reconocida,Sauce Criollo,26,150,https://five.epicollect.net/api/media/plan-de-arbolado-parana-2024-2028?type=photo&format=entry_original&name=d6b243ff-6cc8-4561-8ab6-83c6ac71ee5e_1767876847.jpg,,Si,Saludable ,Falta de riego,Saludable,,Vivero municipal,Parques y/o plazas,No,Natural,
8b61be77-718c-42fa-8743-6c011c66eb2d,a59317a9-7bbf-40f5-b5ef-b234b39457a7,2026-01-08T12:53:27.000Z,2026-01-08T12:55:06.000Z,a59317a9-7bbf-40f5-b5ef-b234b39457a7,-31.715133,-60.507681,3,6488437,736171,20J,Reconocida,Sauce Criollo,26,120,https://five.epicollect.net/api/media/plan-de-arbolado-parana-2024-2028?type=photo&format=entry_original&name=a59317a9-7bbf-40f5-b5ef-b234b39457a7_1767876796.jpg,,Si,Saludable ,,Saludable,,Vivero municipal,Parques y/o plazas,No,Natural,
8b61be77-718c-42fa-8743-6c011c66eb2d,17f6c4c8-7634-45d8-93b6-a1e441776f85,2026-01-08T12:52:22.000Z,2026-01-08T12:55:04.000Z,17f6c4c8-7634-45d8-93b6-a1e441776f85,-31.714863,-60.507601,3,6488467,736179,20J,Reconocida,Sauce Criollo,24,180,https://five.epicollect.net/api/media/plan-de-arbolado-parana-2024-2028?type=photo&format=entry_original&name=17f6c4c8-7634-45d8-93b6-a1e441776f85_1767876733.jpg,,Si,Saludable ,,Saludable,,Vivero municipal,Parques y/o plazas,No,Natural,
8b61be77-718c-42fa-8743-6c011c66eb2d,58ad785d-52d3-4815-94d3-0176663e1174,2026-01-08T12:51:35.000Z,2026-01-08T12:55:02.000Z,58ad785d-52d3-4815-94d3-0176663e1174,-31.714788,-60.507514,3,6488475,736188,20J,Reconocida,Sauce Criollo,24,150,https://five.epicollect.net/api/media/plan-de-arbolado-parana-2024-2028?type=photo&format=entry_original&name=58ad785d-52d3-4815-94d3-0176663e1174_1767876684.jpg,,Si,Saludable ,,Saludable,,Vivero municipal,Parques y/o plazas,No,Natural,
8b61be77-718c-42fa-8743-6c011c66eb2d,2f3aafee-2da1-419d-8d63-f64888123561,2026-01-08T12:50:32.000Z,2026-01-08T12:55:00.000Z,2f3aafee-2da1-419d-8d63-f64888123561,-31.714652,-60.507259,3,6488490,736212,20J,Reconocida,Falsa Caoba,20,40,https://five.epicollect.net/api/media/plan-de-arbolado-parana-2024-2028?type=photo&format=entry_original&name=2f3aafee-2da1-419d-8d63-f64888123561_1767876599.jpg,,Si,No saludable,Falta de riego,Saludable,,Vivero municipal,Parques y/o plazas,No,Natural,
8b61be77-718c-42fa-8743-6c011c66eb2d,62c11561-26ae-4ef9-808d-efcfa8a98c68,2026-01-08T12:49:20.000Z,2026-01-08T12:54:59.000Z,62c11561-26ae-4ef9-808d-efcfa8a98c68,-31.714612,-60.507075,4,6488494,736230,20J,Reconocida,Morera,24,140,https://five.epicollect.net/api/media/plan-de-arbolado-parana-2024-2028?type=photo&format=entry_original&name=62c11561-26ae-4ef9-808d-efcfa8a98c68_1767876548.jpg,,Si,Saludable ,,Saludable,,Vivero municipal,Parques y/o plazas,No,Natural,
8b61be77-718c-42fa-8743-6c011c66eb2d,95e364f2-d46c-4c41-ba2c-4484eab84bf6,2026-01-08T12:48:40.000Z,2026-01-08T12:54:57.000Z,95e364f2-d46c-4c41-ba2c-4484eab84bf6,-31.714588,-60.506988,3,6488496,736238,20J,Reconocida,Sauce Criollo,24,180,https://five.epicollect.net/api/media/plan-de-arbolado-parana-2024-2028?type=photo&format=entry_original&name=95e364f2-d46c-4c41-ba2c-4484eab84bf6_1767876507.jpg,,Si,Saludable ,,Saludable,,Vivero municipal,Parques y/o plazas,No,Natural,
8b61be77-718c-42fa-8743-6c011c66eb2d,6f31f6c3-bd78-4c7e-a180-689f33d15d75,2026-01-08T12:47:52.000Z,2026-01-08T12:54:55.000Z,6f31f6c3-bd78-4c7e-a180-689f33d15d75,-31.714578,-60.506923,3,6488497,736244,20J,Reconocida,Morera,24,80,https://five.epicollect.net/api/media/plan-de-arbolado-parana-2024-2028?type=photo&format=entry_original&name=6f31f6c3-bd78-4c7e-a180-689f33d15d75_1767876460.jpg,,No,Saludable ,,Saludable,,Vivero municipal,Parques y/o plazas,No,Natural,
8b61be77-718c-42fa-8743-6c011c66eb2d,bac2d504-d93c-4f22-9882-ec3af95e547d,2026-01-08T12:47:09.000Z,2026-01-08T12:54:54.000Z,bac2d504-d93c-4f22-9882-ec3af95e547d,-31.714607,-60.506856,4,6488494,736250,20J,Reconocida,Fresno,24,60,https://five.epicollect.net/api/media/plan-de-arbolado-parana-2024-2028?type=photo&format=entry_original&name=bac2d504-d93c-4f22-9882-ec3af95e547d_1767876417.jpg,,Si,Saludable ,,Saludable,,Vivero municipal,Parques y/o plazas,No,Natural,
94a67d00-c165-4502-9cde-2459a0eee961,73de6044-ee6d-4454-8017-5f3a386abca3,2026-01-08T12:39:54.000Z,2026-01-08T12:40:43.000Z,73de6044-ee6d-4454-8017-5f3a386abca3,-31.714373,-60.507021,3,6488520,736235,20J,Reconocida,Sauce Criollo,24,130,https://five.epicollect.net/api/media/plan-de-arbolado-parana-2024-2028?type=photo&format=entry_original&name=73de6044-ee6d-4454-8017-5f3a386abca3_1767875982.jpg,,Si,Saludable ,,,,Vivero municipal,Parques y/o plazas,No,Natural,
94a67d00-c165-4502-9cde-2459a0eee961,5a9dd798-3700-4d22-9a46-99499a456170,2026-01-08T12:38:56.000Z,2026-01-08T12:40:41.000Z,5a9dd798-3700-4d22-9a46-99499a456170,-31.714434,-60.50722,3,6488514,736216,20J,Reconocida,Fresno,48,350,https://five.epicollect.net/api/media/plan-de-arbolado-parana-2024-2028?type=photo&format=entry_original&name=5a9dd798-3700-4d22-9a46-99499a456170_1767875926.jpg,,Si,Saludable ,,Saludable,,Vivero municipal,Parques y/o plazas,No,Natural,
94a67d00-c165-4502-9cde-2459a0eee961,3f7fa674-dd46-4bd3-a5bf-a4d04164c98d,2026-01-08T12:38:13.000Z,2026-01-08T12:40:39.000Z,3f7fa674-dd46-4bd3-a5bf-a4d04164c98d,-31.714451,-60.507284,5,6488512,736210,20J,Reconocida,Fresno,48,400,https://five.epicollect.net/api/media/plan-de-arbolado-parana-2024-2028?type=photo&format=entry_original&name=3f7fa674-dd46-4bd3-a5bf-a4d04164c98d_1767875880.jpg,,Si,Saludable ,,Saludable,,Vivero municipal,Parques y/o plazas,No,Natural,
94a67d00-c165-4502-9cde-2459a0eee961,edcdf9a1-1326-4dd1-8842-0f7f91623ede,2026-01-08T12:37:28.000Z,2026-01-08T12:40:37.000Z,edcdf9a1-1326-4dd1-8842-0f7f91623ede,-31.714501,-60.507335,3,6488506,736205,20J,Reconocida,Fresno,48,350,https://five.epicollect.net/api/media/plan-de-arbolado-parana-2024-2028?type=photo&format=entry_original&name=edcdf9a1-1326-4dd1-8842-0f7f91623ede_1767875641.jpg,,No,Saludable ,,Saludable,,Vivero municipal,Parques y/o plazas,No,Natural,
94a67d00-c165-4502-9cde-2459a0eee961,9f7047ac-8d51-42cc-9919-f9cf792a883b,2026-01-08T12:33:25.000Z,2026-01-08T12:40:36.000Z,9f7047ac-8d51-42cc-9919-f9cf792a883b,-31.714526,-60.507413,3,6488504,736198,20J,Reconocida,Fresno,48,400,https://five.epicollect.net/api/media/plan-de-arbolado-parana-2024-2028?type=photo&format=entry_original&name=9f7047ac-8d51-42cc-9919-f9cf792a883b_1767875595.jpg,,Si,Saludable ,,Saludable,,Vivero municipal,Parques y/o plazas,No,Natural,
94a67d00-c165-4502-9cde-2459a0eee961,d91b3174-4196-4516-9508-9255c4b68815,2026-01-08T12:32:24.000Z,2026-01-08T12:40:34.000Z,d91b3174-4196-4516-9508-9255c4b68815,-31.714464,-60.507556,3,6488511,736184,20J,Reconocida,Sauce Criollo,24,180,https://five.epicollect.net/api/media/plan-de-arbolado-parana-2024-2028?type=photo&format=entry_original&name=d91b3174-4196-4516-9508-9255c4b68815_1767875528.jpg,,Si,Saludable ,,Saludable,,Vivero municipal,Parques y/o plazas,No,Natural,
94a67d00-c165-4502-9cde-2459a0eee961,1165c737-d599-45b5-9296-574fddeecaab,2026-01-08T12:31:29.000Z,2026-01-08T12:40:32.000Z,1165c737-d599-45b5-9296-574fddeecaab,-31.714531,-60.50767,4,6488504,736173,20J,Reconocida,Falsa Caoba,36,190,https://five.epicollect.net/api/media/plan-de-arbolado-parana-2024-2028?type=photo&format=entry_original&name=1165c737-d599-45b5-9296-574fddeecaab_1767875476.jpg,,Si,Saludable ,,Saludable,,Vivero municipal,Parques y/o plazas,No,Natural,
94a67d00-c165-4502-9cde-2459a0eee961,6c37ff7c-8089-4b9a-9139-fabc92097800,2026-01-08T12:30:40.000Z,2026-01-08T12:40:31.000Z,6c37ff7c-8089-4b9a-9139-fabc92097800,-31.714664,-60.50769,5,6488489,736171,20J,Reconocida,Fresno,12,40,https://five.epicollect.net/api/media/plan-de-arbolado-parana-2024-2028?type=photo&format=entry_original&name=6c37ff7c-8089-4b9a-9139-fabc92097800_1767875418.jpg,,Si,Saludable ,Falta de riego,Saludable,,Vivero municipal,Parques y/o plazas,No,Natural,
94a67d00-c165-4502-9cde-2459a0eee961,1410b939-5a7a-4d64-b9cc-5c755d52afab,2026-01-08T12:29:44.000Z,2026-01-08T12:40:29.000Z,1410b939-5a7a-4d64-b9cc-5c755d52afab,-31.714759,-60.507768,4,6488479,736164,20J,Reconocida,Fresno,12,40,https://five.epicollect.net/api/media/plan-de-arbolado-parana-2024-2028?type=photo&format=entry_original&name=1410b939-5a7a-4d64-b9cc-5c755d52afab_1767875360.jpg,,Si,Saludable ,Falta de riego,Saludable,,Vivero municipal,Parques y/o plazas,No,Natural,
94a67d00-c165-4502-9cde-2459a0eee961,0fe4b1f1-cc3f-4897-b0d2-c467eead1666,2026-01-08T12:28:52.000Z,2026-01-08T12:40:27.000Z,0fe4b1f1-cc3f-4897-b0d2-c467eead1666,-31.71477,-60.507779,3,6488478,736162,20J,Reconocida,Palo Borracho,20,130,https://five.epicollect.net/api/media/plan-de-arbolado-parana-2024-2028?type=photo&format=entry_original&name=0fe4b1f1-cc3f-4897-b0d2-c467eead1666_1767875317.jpg,,Si,Saludable ,,Saludable,,Vivero municipal,Parques y/o plazas,No,Natural,
94a67d00-c165-4502-9cde-2459a0eee961,0ca76a45-e8ae-48e7-9a45-b43b29cd99cb,2026-01-08T12:27:50.000Z,2026-01-08T12:40:25.000Z,0ca76a45-e8ae-48e7-9a45-b43b29cd99cb,-31.714621,-60.507819,3,6488494,736159,20J,Reconocida,Fresno,30,120,https://five.epicollect.net/api/media/plan-de-arbolado-parana-2024-2028?type=photo&format=entry_original&name=0ca76a45-e8ae-48e7-9a45-b43b29cd99cb_1767875250.jpg,,Si,Saludable ,,Saludable,,Vivero municipal,Parques y/o plazas,No,Natural,
94a67d00-c165-4502-9cde-2459a0eee961,219edc26-de68-46da-b63a-eb34a3c79300,2026-01-08T12:26:34.000Z,2026-01-08T12:40:24.000Z,219edc26-de68-46da-b63a-eb34a3c79300,-31.714827,-60.507897,3,6488471,736151,20J,Reconocida,Fresno,24,100,https://five.epicollect.net/api/media/plan-de-arbolado-parana-2024-2028?type=photo&format=entry_original&name=219edc26-de68-46da-b63a-eb34a3c79300_1767875184.jpg,,Si,Saludable ,,Saludable,,Vivero municipal,Parques y/o plazas,No,Natural,
94a67d00-c165-4502-9cde-2459a0eee961,90b6ab26-d0a5-4f83-8b0d-5532e0af493e,2026-01-08T12:25:42.000Z,2026-01-08T12:40:22.000Z,90b6ab26-d0a5-4f83-8b0d-5532e0af493e,-31.715055,-60.507904,3,6488446,736150,20J,Reconocida,Fresno,28,100,https://five.epicollect.net/api/media/plan-de-arbolado-parana-2024-2028?type=photo&format=entry_original&name=90b6ab26-d0a5-4f83-8b0d-5532e0af493e_1767875122.jpg,,Si,Saludable ,,Saludable,,Vivero municipal,Parques y/o plazas,No,Natural,
94a67d00-c165-4502-9cde-2459a0eee961,0d94322d-26c9-43ee-9542-9fb2a2939aa2,2026-01-08T12:24:50.000Z,2026-01-08T12:40:20.000Z,0d94322d-26c9-43ee-9542-9fb2a2939aa2,-31.71511,-60.507911,3,6488440,736149,20J,Reconocida,Fresno,36,220,https://five.epicollect.net/api/media/plan-de-arbolado-parana-2024-2028?type=photo&format=entry_original&name=0d94322d-26c9-43ee-9542-9fb2a2939aa2_1767875077.jpg,,No,Saludable ,,Saludable,,Vivero municipal,Parques y/o plazas,No,Natural,
94a67d00-c165-4502-9cde-2459a0eee961,697bc32e-f604-4cfd-b95d-31a4016ec537,2026-01-08T12:23:59.000Z,2026-01-08T12:40:18.000Z,697bc32e-f604-4cfd-b95d-31a4016ec537,-31.71516,-60.507932,5,6488435,736147,20J,Reconocida,Fresno,24,120,,,Si,Saludable ,,Saludable,,Vivero municipal,Parques y/o plazas,No,Natural,
94a67d00-c165-4502-9cde-2459a0eee961,149ff7ba-0f2b-4e21-b09c-01132bd384cb,2026-01-08T12:23:22.000Z,2026-01-08T12:40:17.000Z,149ff7ba-0f2b-4e21-b09c-01132bd384cb,-31.71522,-60.5079,4,6488428,736150,20J,Reconocida,Fresno,24,120,https://five.epicollect.net/api/media/plan-de-arbolado-parana-2024-2028?type=photo&format=entry_original&name=149ff7ba-0f2b-4e21-b09c-01132bd384cb_1767874989.jpg,,Si,Saludable ,,Saludable,,Vivero municipal,Parques y/o plazas,No,Natural,
5853d135-83a3-4abc-86b0-7833e9dca3a3,c06b31fc-9a72-4278-9a86-9941f395b837,2026-01-08T12:15:54.000Z,2026-01-08T12:16:59.000Z,c06b31fc-9a72-4278-9a86-9941f395b837,-31.715164,-60.508063,3,6488434,736135,20J,Reconocida,Falsa Caoba,20,80,https://five.epicollect.net/api/media/plan-de-arbolado-parana-2024-2028?type=photo&format=entry_original&name=c06b31fc-9a72-4278-9a86-9941f395b837_1767874520.jpg,,Si,Saludable ,Falta de riego,Saludable,,Vivero municipal,Parques y/o plazas,No,Natural,
5853d135-83a3-4abc-86b0-7833e9dca3a3,d5388566-8671-492b-973f-112c89908595,2026-01-08T12:14:29.000Z,2026-01-08T12:16:58.000Z,d5388566-8671-492b-973f-112c89908595,-31.715274,-60.508065,3,6488422,736134,20J,Reconocida,Sauce Criollo,12120,120,https://five.epicollect.net/api/media/plan-de-arbolado-parana-2024-2028?type=photo&format=entry_original&name=d5388566-8671-492b-973f-112c89908595_1767874432.jpg,,Si,No saludable,"Falta de riego.
Marchito",No saludable,,Vivero municipal,Parques y/o plazas,No,Natural,
5853d135-83a3-4abc-86b0-7833e9dca3a3,4070bb39-7643-4167-b34b-e8e31968df1b,2026-01-08T12:12:59.000Z,2026-01-08T12:16:56.000Z,4070bb39-7643-4167-b34b-e8e31968df1b,-31.715359,-60.508057,3,6488413,736135,20J,Reconocida,Falsa Caoba,20,50,https://five.epicollect.net/api/media/plan-de-arbolado-parana-2024-2028?type=photo&format=entry_original&name=4070bb39-7643-4167-b34b-e8e31968df1b_1767874345.jpg,,Si,Saludable ,Falta de riego.,Saludable,,Vivero municipal,Parques y/o plazas,No,Natural,
5853d135-83a3-4abc-86b0-7833e9dca3a3,861304a5-8e64-4df3-9650-205db1aad3c3,2026-01-08T12:11:15.000Z,2026-01-08T12:16:54.000Z,861304a5-8e64-4df3-9650-205db1aad3c3,-31.715579,-60.508094,4,6488389,736131,20J,Reconocida,Falsa Caoba,24,80,https://five.epicollect.net/api/media/plan-de-arbolado-parana-2024-2028?type=photo&format=entry_original&name=861304a5-8e64-4df3-9650-205db1aad3c3_1767874237.jpg,,Si,No saludable,"Falta de riego.
Follaje parcialmente seco.",Saludable,,Vivero municipal,Parques y/o plazas,No,Natural,
5853d135-83a3-4abc-86b0-7833e9dca3a3,77deb213-7751-4693-a888-dd507068ab61,2026-01-08T12:09:51.000Z,2026-01-08T12:16:52.000Z,77deb213-7751-4693-a888-dd507068ab61,-31.715638,-60.508127,3,6488382,736127,20J,Reconocida,Falsa Caoba,20,50,https://five.epicollect.net/api/media/plan-de-arbolado-parana-2024-2028?type=photo&format=entry_original&name=77deb213-7751-4693-a888-dd507068ab61_1767874132.jpg,,Si,No saludable,"Falta de riego.
Poco follaje",Saludable,,Vivero municipal,Parques y/o plazas,No,Natural,
5853d135-83a3-4abc-86b0-7833e9dca3a3,fe2b0f9d-154a-440e-bd5a-349bb2a77cc3,2026-01-08T12:07:59.000Z,2026-01-08T12:16:51.000Z,fe2b0f9d-154a-440e-bd5a-349bb2a77cc3,-31.715758,-60.508272,3,6488369,736113,20J,Reconocida,Falsa Caoba,20,50,https://five.epicollect.net/api/media/plan-de-arbolado-parana-2024-2028?type=photo&format=entry_original&name=fe2b0f9d-154a-440e-bd5a-349bb2a77cc3_1767874031.jpg,,No,Saludable ,Hormigueros en la base,Saludable,,Vivero municipal,Parques y/o plazas,No,Natural,
3f530a5a-ba65-42c2-892e-ef954b464f12,0045d3f2-6681-49b8-846b-7968334a684f,2025-12-29T13:22:14.000Z,2025-12-29T14:05:54.000Z,0045d3f2-6681-49b8-846b-7968334a684f,-31.716382,-60.505612,4,6488294,736364,20J,Reconocida,Sen del Campo,36,150,https://five.epicollect.net/api/media/plan-de-arbolado-parana-2024-2028?type=photo&format=entry_original&name=0045d3f2-6681-49b8-846b-7968334a684f_1767014526.jpg,,Si,Saludable ,,Saludable,,Vivero privado,Alineación,No,Natural,
3f530a5a-ba65-42c2-892e-ef954b464f12,6cc538f3-c608-46af-a61a-e0dbd6551e72,2025-12-29T13:21:33.000Z,2025-12-29T14:05:53.000Z,6cc538f3-c608-46af-a61a-e0dbd6551e72,-31.716411,-60.505567,3,6488291,736368,20J,Reconocida,Espinillo,36,150,https://five.epicollect.net/api/media/plan-de-arbolado-parana-2024-2028?type=photo&format=entry_original&name=6cc538f3-c608-46af-a61a-e0dbd6551e72_1767014484.jpg,,Si,Saludable ,,Saludable,,Vivero privado,Alineación,No,Natural,
3f530a5a-ba65-42c2-892e-ef954b464f12,ef14363f-5643-4388-b413-b26aa0575931,2025-12-29T13:21:08.000Z,2025-12-29T14:05:52.000Z,ef14363f-5643-4388-b413-b26aa0575931,-31.716447,-60.505586,3,6488287,736366,20J,Reconocida,Lagaña de Perro,36,200,https://five.epicollect.net/api/media/plan-de-arbolado-parana-2024-2028?type=photo&format=entry_original&name=ef14363f-5643-4388-b413-b26aa0575931_1767014460.jpg,,Si,Saludable ,,Saludable,,Vivero privado,Alineación,No,Natural,
3f530a5a-ba65-42c2-892e-ef954b464f12,b09dd787-b780-4a8e-ab3f-fe1e5221ce88,2025-12-29T13:20:31.000Z,2025-12-29T14:05:51.000Z,b09dd787-b780-4a8e-ab3f-fe1e5221ce88,-31.716549,-60.505564,3,6488275,736368,20J,Reconocida,Espinillo,36,180,https://five.epicollect.net/api/media/plan-de-arbolado-parana-2024-2028?type=photo&format=entry_original&name=b09dd787-b780-4a8e-ab3f-fe1e5221ce88_1767014418.jpg,,Si,Saludable ,,Saludable,,Vivero privado,Alineación,No,Natural,
3f530a5a-ba65-42c2-892e-ef954b464f12,d530129a-8be2-43ff-9570-28df6e49a579,2025-12-29T13:19:48.000Z,2025-12-29T14:05:50.000Z,d530129a-8be2-43ff-9570-28df6e49a579,-31.716646,-60.505541,3,6488265,736370,20J,Reconocida,Lagaña de Perro,36,180,https://five.epicollect.net/api/media/plan-de-arbolado-parana-2024-2028?type=photo&format=entry_original&name=d530129a-8be2-43ff-9570-28df6e49a579_1767014380.jpg,,Si,Saludable ,,Saludable,,Vivero privado,Alineación,No,Natural,
3f530a5a-ba65-42c2-892e-ef954b464f12,317b6d51-83f0-49a8-b9cc-c12f1da141f1,2025-12-29T13:19:22.000Z,2025-12-29T14:05:49.000Z,317b6d51-83f0-49a8-b9cc-c12f1da141f1,-31.716673,-60.505539,3,6488262,736370,20J,Reconocida,Sen del Campo,36,180,https://five.epicollect.net/api/media/plan-de-arbolado-parana-2024-2028?type=photo&format=entry_original&name=317b6d51-83f0-49a8-b9cc-c12f1da141f1_1767014354.jpg,,Si,Saludable ,,Saludable,,Vivero privado,Alineación,No,Natural,
3f530a5a-ba65-42c2-892e-ef954b464f12,73a0ebd3-69d8-4d93-8c7f-81abcf6f9821,2025-12-29T13:18:51.000Z,2025-12-29T14:05:48.000Z,73a0ebd3-69d8-4d93-8c7f-81abcf6f9821,-31.716742,-60.505522,3,6488254,736371,20J,Reconocida,Lagaña de Perro,36,180,https://five.epicollect.net/api/media/plan-de-arbolado-parana-2024-2028?type=photo&format=entry_original&name=73a0ebd3-69d8-4d93-8c7f-81abcf6f9821_1767014324.jpg,,Si,Saludable ,,Saludable,,Vivero privado,Alineación,No,Natural,
3f530a5a-ba65-42c2-892e-ef954b464f12,56d0cac2-2540-4858-9e9b-4d9e8df43728,2025-12-29T13:18:22.000Z,2025-12-29T14:05:47.000Z,56d0cac2-2540-4858-9e9b-4d9e8df43728,-31.716761,-60.505488,3,6488252,736375,20J,Reconocida,Espinillo,36,150,https://five.epicollect.net/api/media/plan-de-arbolado-parana-2024-2028?type=photo&format=entry_original&name=56d0cac2-2540-4858-9e9b-4d9e8df43728_1767014286.jpg,,Si,Saludable ,,Saludable,,Vivero privado,Alineación,No,Natural,
3f530a5a-ba65-42c2-892e-ef954b464f12,0a974b4f-dedf-42ed-9f08-13b4ced8ae0e,2025-12-29T13:17:47.000Z,2025-12-29T14:05:46.000Z,0a974b4f-dedf-42ed-9f08-13b4ced8ae0e,-31.716834,-60.505496,3,6488244,736374,20J,Reconocida,Lagaña de Perro,36,150,https://five.epicollect.net/api/media/plan-de-arbolado-parana-2024-2028?type=photo&format=entry_original&name=0a974b4f-dedf-42ed-9f08-13b4ced8ae0e_1767014256.jpg,,Si,Saludable ,,Saludable,,Vivero privado,Alineación,No,Natural,
3f530a5a-ba65-42c2-892e-ef954b464f12,b6fe7d18-4711-42b7-8ece-2e039bae8256,2025-12-29T13:17:20.000Z,2025-12-29T14:05:45.000Z,b6fe7d18-4711-42b7-8ece-2e039bae8256,-31.716854,-60.505518,3,6488242,736371,20J,Reconocida,Lagaña de Perro,36,200,https://five.epicollect.net/api/media/plan-de-arbolado-parana-2024-2028?type=photo&format=entry_original&name=b6fe7d18-4711-42b7-8ece-2e039bae8256_1767014227.jpg,,Si,Saludable ,,Saludable,,Vivero privado,Alineación,No,Natural,
3f530a5a-ba65-42c2-892e-ef954b464f12,aa22b66c-2a55-4c1b-a564-674718af2745,2025-12-29T13:16:33.000Z,2025-12-29T14:05:44.000Z,aa22b66c-2a55-4c1b-a564-674718af2745,-31.716899,-60.505499,3,6488237,736373,20J,Reconocida,Espinillo,36,150,https://five.epicollect.net/api/media/plan-de-arbolado-parana-2024-2028?type=photo&format=entry_original&name=aa22b66c-2a55-4c1b-a564-674718af2745_1767014186.jpg,,Si,Saludable ,,Saludable,,Vivero privado,Alineación,No,Natural,
3f530a5a-ba65-42c2-892e-ef954b464f12,3f6d66e9-7070-4bd4-a00c-c839fbf7ab40,2025-12-29T13:16:08.000Z,2025-12-29T14:05:43.000Z,3f6d66e9-7070-4bd4-a00c-c839fbf7ab40,-31.716945,-60.50552,3,6488231,736371,20J,Reconocida,Sen del Campo,36,150,https://five.epicollect.net/api/media/plan-de-arbolado-parana-2024-2028?type=photo&format=entry_original&name=3f6d66e9-7070-4bd4-a00c-c839fbf7ab40_1767014159.jpg,,Si,Saludable ,,Saludable,,Vivero privado,Alineación,No,Natural,
3f530a5a-ba65-42c2-892e-ef954b464f12,6f69c2e2-7cdf-4b22-9e62-0cebb8dbd464,2025-12-29T13:15:28.000Z,2025-12-29T14:05:42.000Z,6f69c2e2-7cdf-4b22-9e62-0cebb8dbd464,-31.717004,-60.505583,3,6488225,736365,20J,Reconocida,Ceibo,36,150,https://five.epicollect.net/api/media/plan-de-arbolado-parana-2024-2028?type=photo&format=entry_original&name=6f69c2e2-7cdf-4b22-9e62-0cebb8dbd464_1767014119.jpg,,Si,Saludable ,,Saludable,,Vivero privado,Alineación,No,Natural,
3f530a5a-ba65-42c2-892e-ef954b464f12,e6509902-06e9-4273-a032-c98519905649,2025-12-29T13:14:52.000Z,2025-12-29T14:05:41.000Z,e6509902-06e9-4273-a032-c98519905649,-31.717125,-60.5055,3,6488211,736373,20J,Reconocida,Sen del Campo,36,180,https://five.epicollect.net/api/media/plan-de-arbolado-parana-2024-2028?type=photo&format=entry_original&name=e6509902-06e9-4273-a032-c98519905649_1767014084.jpg,,Si,Saludable ,,Saludable,,Vivero privado,Alineación,No,Natural,
3f530a5a-ba65-42c2-892e-ef954b464f12,a1eb505b-44a4-4dd7-9e76-3d3026a515e8,2025-12-29T13:14:24.000Z,2025-12-29T14:05:40.000Z,a1eb505b-44a4-4dd7-9e76-3d3026a515e8,-31.717158,-60.505558,2,6488208,736367,20J,Reconocida,Espinillo,36,180,https://five.epicollect.net/api/media/plan-de-arbolado-parana-2024-2028?type=photo&format=entry_original&name=a1eb505b-44a4-4dd7-9e76-3d3026a515e8_1767014051.jpg,,Si,Saludable ,,Saludable,,Vivero privado,Alineación,No,Natural,
3f530a5a-ba65-42c2-892e-ef954b464f12,a406fa19-9cd2-4b1b-a6d7-52b310cb3959,2025-12-29T13:13:42.000Z,2025-12-29T14:05:39.000Z,a406fa19-9cd2-4b1b-a6d7-52b310cb3959,-31.717204,-60.505483,3,6488203,736374,20J,Reconocida,Lagaña de Perro,36,180,https://five.epicollect.net/api/media/plan-de-arbolado-parana-2024-2028?type=photo&format=entry_original&name=a406fa19-9cd2-4b1b-a6d7-52b310cb3959_1767014012.jpg,,Si,Saludable ,,Saludable,,Vivero privado,Alineación,No,Natural,
3f530a5a-ba65-42c2-892e-ef954b464f12,7cd10790-7c9d-477a-847c-c4f4c9dc6675,2025-12-29T13:13:12.000Z,2025-12-29T14:05:38.000Z,7cd10790-7c9d-477a-847c-c4f4c9dc6675,-31.717236,-60.50558,2,6488199,736365,20J,Reconocida,Ceibo,36,50,https://five.epicollect.net/api/media/plan-de-arbolado-parana-2024-2028?type=photo&format=entry_original&name=7cd10790-7c9d-477a-847c-c4f4c9dc6675_1767013979.jpg,,Si,Saludable ,,Saludable,,Vivero privado,Alineación,No,Natural,
3f530a5a-ba65-42c2-892e-ef954b464f12,f85f9396-3b10-45b4-9dc8-7c5726d597c8,2025-12-29T13:12:34.000Z,2025-12-29T14:05:37.000Z,f85f9396-3b10-45b4-9dc8-7c5726d597c8,-31.717317,-60.505517,2,6488190,736370,20J,Reconocida,Lagaña de Perro,36,180,https://five.epicollect.net/api/media/plan-de-arbolado-parana-2024-2028?type=photo&format=entry_original&name=f85f9396-3b10-45b4-9dc8-7c5726d597c8_1767013939.jpg,,Si,Saludable ,,Saludable,,Vivero privado,Alineación,No,Natural,
3f530a5a-ba65-42c2-892e-ef954b464f12,b90a4fbb-1025-40a9-875b-31c2e2457b20,2025-12-29T13:11:51.000Z,2025-12-29T14:05:36.000Z,b90a4fbb-1025-40a9-875b-31c2e2457b20,-31.717357,-60.505507,2,6488186,736371,20J,Reconocida,Lapacho,36,180,https://five.epicollect.net/api/media/plan-de-arbolado-parana-2024-2028?type=photo&format=entry_original&name=b90a4fbb-1025-40a9-875b-31c2e2457b20_1767013903.jpg,,Si,Saludable ,,Saludable,,Vivero privado,Alineación,No,Natural,
3f530a5a-ba65-42c2-892e-ef954b464f12,91aa15cf-3f3e-4e1e-8b74-5508ac164327,2025-12-29T13:11:15.000Z,2025-12-29T14:05:35.000Z,91aa15cf-3f3e-4e1e-8b74-5508ac164327,-31.717434,-60.505514,2,6488177,736370,20J,Reconocida,Ceibo,36,150,https://five.epicollect.net/api/media/plan-de-arbolado-parana-2024-2028?type=photo&format=entry_original&name=91aa15cf-3f3e-4e1e-8b74-5508ac164327_1767013866.jpg,,Si,Saludable ,,Saludable,,Vivero privado,Alineación,No,Natural,
fbb3f143-5c48-422c-bebb-999400e521f1,dac95f84-30eb-4c0b-8801-ae6c26ae3b43,2025-12-29T13:09:11.000Z,2025-12-29T14:05:33.000Z,dac95f84-30eb-4c0b-8801-ae6c26ae3b43,-31.717518,-60.505394,3,6488168,736382,20J,Reconocida,Lagaña de Perro,36,180,https://five.epicollect.net/api/media/plan-de-arbolado-parana-2024-2028?type=photo&format=entry_original&name=dac95f84-30eb-4c0b-8801-ae6c26ae3b43_1767013740.jpg,,Si,Saludable ,,Saludable,,Vivero privado,Alineación,No,Natural,
fbb3f143-5c48-422c-bebb-999400e521f1,c20f93cb-d01b-4707-a86f-1d64e257736d,2025-12-29T13:08:36.000Z,2025-12-29T14:05:31.000Z,c20f93cb-d01b-4707-a86f-1d64e257736d,-31.717522,-60.505349,4,6488167,736386,20J,Reconocida,Lagaña de Perro,36,180,https://five.epicollect.net/api/media/plan-de-arbolado-parana-2024-2028?type=photo&format=entry_original&name=c20f93cb-d01b-4707-a86f-1d64e257736d_1767013704.jpg,,Si,Saludable ,,Saludable,,Vivero privado,Alineación,No,Natural,
fbb3f143-5c48-422c-bebb-999400e521f1,6af43b60-ff1f-4c27-988c-f2d60828ff03,2025-12-29T13:08:11.000Z,2025-12-29T14:05:31.000Z,6af43b60-ff1f-4c27-988c-f2d60828ff03,-31.717535,-60.505302,3,6488166,736390,20J,Reconocida,Sen del Campo,36,180,https://five.epicollect.net/api/media/plan-de-arbolado-parana-2024-2028?type=photo&format=entry_original&name=6af43b60-ff1f-4c27-988c-f2d60828ff03_1767013682.jpg,,Si,Saludable ,,Saludable,,Vivero privado,Alineación,No,Natural,
fbb3f143-5c48-422c-bebb-999400e521f1,82001a94-40ec-40dd-adae-5e52215f8a1b,2025-12-29T13:07:39.000Z,2025-12-29T14:05:30.000Z,82001a94-40ec-40dd-adae-5e52215f8a1b,-31.717587,-60.505322,2,6488160,736388,20J,Reconocida,Espinillo,36,180,https://five.epicollect.net/api/media/plan-de-arbolado-parana-2024-2028?type=photo&format=entry_original&name=82001a94-40ec-40dd-adae-5e52215f8a1b_1767013627.jpg,,Si,Saludable ,,,,Vivero privado,Alineación,No,Natural,
fbb3f143-5c48-422c-bebb-999400e521f1,51d333c9-d928-4664-90ff-c51e6148171b,2025-12-29T13:06:43.000Z,2025-12-29T14:05:29.000Z,51d333c9-d928-4664-90ff-c51e6148171b,-31.717563,-60.505361,3,6488163,736385,20J,Reconocida,Aguaribay,36,180,https://five.epicollect.net/api/media/plan-de-arbolado-parana-2024-2028?type=photo&format=entry_original&name=51d333c9-d928-4664-90ff-c51e6148171b_1767013584.jpg,,Si,Saludable ,,Saludable,,Vivero privado,Alineación,No,Natural,
fbb3f143-5c48-422c-bebb-999400e521f1,99b085ea-f9fd-4b9c-b15b-46f5ebd94250,2025-12-29T13:06:00.000Z,2025-12-29T14:05:28.000Z,99b085ea-f9fd-4b9c-b15b-46f5ebd94250,-31.717595,-60.505432,3,6488159,736378,20J,Reconocida,Ceibo,36,150,https://five.epicollect.net/api/media/plan-de-arbolado-parana-2024-2028?type=photo&format=entry_original&name=99b085ea-f9fd-4b9c-b15b-46f5ebd94250_1767013546.jpg,,Si,Saludable ,,,,Vivero privado,Alineación,No,Natural,
95d49cd7-d1aa-4e22-add2-54b3936df0f9,e6435cc5-b4de-440a-beb7-ed3bd3626de1,2025-12-29T12:57:33.000Z,2025-12-29T14:05:24.000Z,e6435cc5-b4de-440a-beb7-ed3bd3626de1,-31.719089,-60.50657,3,6487996,736266,20J,Reconocida,Ceibo,36,50,https://five.epicollect.net/api/media/plan-de-arbolado-parana-2024-2028?type=photo&format=entry_original&name=e6435cc5-b4de-440a-beb7-ed3bd3626de1_1767013028.jpg,,Si,Saludable ,,Saludable,,Vivero privado,Alineación,No,Natural,
95d49cd7-d1aa-4e22-add2-54b3936df0f9,5a8d5ec3-663e-4ecf-a230-7eae9991041b,2025-12-29T12:56:30.000Z,2025-12-29T14:05:23.000Z,5a8d5ec3-663e-4ecf-a230-7eae9991041b,-31.718991,-60.506538,3,6488007,736269,20J,Reconocida,Ibirapitá,36,150,https://five.epicollect.net/api/media/plan-de-arbolado-parana-2024-2028?type=photo&format=entry_original&name=5a8d5ec3-663e-4ecf-a230-7eae9991041b_1767012981.jpg,,Si,Saludable ,,Saludable,,Vivero privado,Alineación,No,Natural,
95d49cd7-d1aa-4e22-add2-54b3936df0f9,7a9d828d-0898-4641-bc14-4045587a9030,2025-12-29T12:55:51.000Z,2025-12-29T14:05:22.000Z,7a9d828d-0898-4641-bc14-4045587a9030,-31.718918,-60.506519,3,6488015,736271,20J,Reconocida,Ceibo,36,150,https://five.epicollect.net/api/media/plan-de-arbolado-parana-2024-2028?type=photo&format=entry_original&name=7a9d828d-0898-4641-bc14-4045587a9030_1767012941.jpg,,Si,Saludable ,,Saludable,,Vivero privado,Alineación,No,Natural,
95d49cd7-d1aa-4e22-add2-54b3936df0f9,f5924e39-03ad-46d3-90a2-a9f7e360877a,2025-12-29T12:55:15.000Z,2025-12-29T14:05:21.000Z,f5924e39-03ad-46d3-90a2-a9f7e360877a,-31.718878,-60.506555,3,6488019,736268,20J,Reconocida,Lapacho amarillo,36,180,https://five.epicollect.net/api/media/plan-de-arbolado-parana-2024-2028?type=photo&format=entry_original&name=f5924e39-03ad-46d3-90a2-a9f7e360877a_1767012903.jpg,,Si,Saludable ,,Saludable,,Vivero privado,Alineación,No,Natural,
95d49cd7-d1aa-4e22-add2-54b3936df0f9,d7ae24a7-439f-4e7b-a2ba-874cc4ddc043,2025-12-29T12:54:45.000Z,2025-12-29T14:05:20.000Z,d7ae24a7-439f-4e7b-a2ba-874cc4ddc043,-31.718829,-60.506462,3,6488025,736277,20J,Reconocida,Ibirapitá,36,150,https://five.epicollect.net/api/media/plan-de-arbolado-parana-2024-2028?type=photo&format=entry_original&name=d7ae24a7-439f-4e7b-a2ba-874cc4ddc043_1767012874.jpg,,Si,Saludable ,,Saludable,,Vivero privado,Alineación,No,Natural,
95d49cd7-d1aa-4e22-add2-54b3936df0f9,a2552625-ea14-4d22-bd5a-f22a7e3a1f13,2025-12-29T12:54:08.000Z,2025-12-29T14:05:19.000Z,a2552625-ea14-4d22-bd5a-f22a7e3a1f13,-31.718744,-60.506455,3,6488034,736278,20J,Reconocida,Ceibo,36,50,https://five.epicollect.net/api/media/plan-de-arbolado-parana-2024-2028?type=photo&format=entry_original&name=a2552625-ea14-4d22-bd5a-f22a7e3a1f13_1767012841.jpg,,Si,Saludable ,,Saludable,,Vivero privado,Alineación,No,Natural,
95d49cd7-d1aa-4e22-add2-54b3936df0f9,9e61f040-6ec1-45e4-9208-7ecacaf1ded6,2025-12-29T12:53:36.000Z,2025-12-29T14:05:18.000Z,9e61f040-6ec1-45e4-9208-7ecacaf1ded6,-31.71872,-60.506459,3,6488037,736278,20J,Reconocida,Ibirapitá,36,180,https://five.epicollect.net/api/media/plan-de-arbolado-parana-2024-2028?type=photo&format=entry_original&name=9e61f040-6ec1-45e4-9208-7ecacaf1ded6_1767012806.jpg,,Si,Saludable ,,Saludable,,Vivero privado,Alineación,No,Natural,
95d49cd7-d1aa-4e22-add2-54b3936df0f9,101069d6-eaa5-4fd1-9873-92d312359529,2025-12-29T12:53:02.000Z,2025-12-29T14:05:17.000Z,101069d6-eaa5-4fd1-9873-92d312359529,-31.718691,-60.506461,3,6488040,736277,20J,Reconocida,Ceibo,36,100,https://five.epicollect.net/api/media/plan-de-arbolado-parana-2024-2028?type=photo&format=entry_original&name=101069d6-eaa5-4fd1-9873-92d312359529_1767012772.jpg,,Si,Saludable ,,Saludable,,Vivero privado,Alineación,No,Natural,
95d49cd7-d1aa-4e22-add2-54b3936df0f9,be436f7f-d1e4-4376-9878-41e96bee92d0,2025-12-29T12:52:25.000Z,2025-12-29T14:05:16.000Z,be436f7f-d1e4-4376-9878-41e96bee92d0,-31.718576,-60.506383,3,6488053,736285,20J,Reconocida,Lapacho,36,180,https://five.epicollect.net/api/media/plan-de-arbolado-parana-2024-2028?type=photo&format=entry_original&name=be436f7f-d1e4-4376-9878-41e96bee92d0_1767012736.jpg,,Si,Saludable ,,Saludable,,Vivero privado,Alineación,No,Natural,
95d49cd7-d1aa-4e22-add2-54b3936df0f9,3cb62b19-cb2c-4cce-9f6b-ae13797c2201,2025-12-29T12:51:51.000Z,2025-12-29T14:05:15.000Z,3cb62b19-cb2c-4cce-9f6b-ae13797c2201,-31.718584,-60.506373,3,6488052,736286,20J,Reconocida,Ceibo,36,50,https://five.epicollect.net/api/media/plan-de-arbolado-parana-2024-2028?type=photo&format=entry_original&name=3cb62b19-cb2c-4cce-9f6b-ae13797c2201_1767012699.jpg,,Si,Saludable ,,Saludable,,Vivero privado,Alineación,No,Natural,
95d49cd7-d1aa-4e22-add2-54b3936df0f9,c4c9ed7b-4e4d-4c56-a9d0-857a4e9d2c9b,2025-12-29T12:51:18.000Z,2025-12-29T14:05:14.000Z,c4c9ed7b-4e4d-4c56-a9d0-857a4e9d2c9b,-31.718553,-60.506392,2,6488055,736284,20J,Reconocida,Algarrobos,36,50,https://five.epicollect.net/api/media/plan-de-arbolado-parana-2024-2028?type=photo&format=entry_original&name=c4c9ed7b-4e4d-4c56-a9d0-857a4e9d2c9b_1767012669.jpg,,Si,Saludable ,,Saludable,,Vivero privado,Alineación,No,Natural,
95d49cd7-d1aa-4e22-add2-54b3936df0f9,e55b6e5a-8326-463f-bd59-3d78e131f102,2025-12-29T12:50:49.000Z,2025-12-29T14:05:13.000Z,e55b6e5a-8326-463f-bd59-3d78e131f102,-31.718545,-60.506373,3,6488056,736286,20J,Reconocida,Ibirapitá,36,180,https://five.epicollect.net/api/media/plan-de-arbolado-parana-2024-2028?type=photo&format=entry_original&name=e55b6e5a-8326-463f-bd59-3d78e131f102_1767012640.jpg,,Si,Saludable ,,Saludable,,Vivero privado,Alineación,No,Natural,
95d49cd7-d1aa-4e22-add2-54b3936df0f9,21654478-cce3-4af2-b303-a5cac0314290,2025-12-29T12:50:16.000Z,2025-12-29T14:05:12.000Z,21654478-cce3-4af2-b303-a5cac0314290,-31.718503,-60.506375,3,6488061,736286,20J,Reconocida,Algarrobos,36,50,https://five.epicollect.net/api/media/plan-de-arbolado-parana-2024-2028?type=photo&format=entry_original&name=21654478-cce3-4af2-b303-a5cac0314290_1767012605.jpg,,Si,Saludable ,,Saludable,,Vivero privado,Alineación,No,Natural,
95d49cd7-d1aa-4e22-add2-54b3936df0f9,1555b404-df7e-43c0-9d18-d85f824f7147,2025-12-29T12:49:42.000Z,2025-12-29T14:05:11.000Z,1555b404-df7e-43c0-9d18-d85f824f7147,-31.718473,-60.506319,3,6488064,736291,20J,Reconocida,Ceibo,36,50,https://five.epicollect.net/api/media/plan-de-arbolado-parana-2024-2028?type=photo&format=entry_original&name=1555b404-df7e-43c0-9d18-d85f824f7147_1767012564.jpg,,Si,Saludable ,,Saludable,,Vivero privado,Alineación,No,Natural,
95d49cd7-d1aa-4e22-add2-54b3936df0f9,01170c96-a782-413d-bcb0-bd741c703716,2025-12-29T12:48:56.000Z,2025-12-29T14:05:09.000Z,01170c96-a782-413d-bcb0-bd741c703716,-31.71834,-60.506292,3,6488078,736294,20J,Reconocida,Ibirapitá,36,180,https://five.epicollect.net/api/media/plan-de-arbolado-parana-2024-2028?type=photo&format=entry_original&name=01170c96-a782-413d-bcb0-bd741c703716_1767012527.jpg,,Si,Saludable ,,Saludable,,Vivero privado,Alineación,No,Natural,
95d49cd7-d1aa-4e22-add2-54b3936df0f9,1b4e29dc-24f5-47ca-b76b-4be7774bd72f,2025-12-29T12:48:26.000Z,2025-12-29T14:05:08.000Z,1b4e29dc-24f5-47ca-b76b-4be7774bd72f,-31.718342,-60.506302,2,6488078,736293,20J,Reconocida,Ibirapitá,36,180,https://five.epicollect.net/api/media/plan-de-arbolado-parana-2024-2028?type=photo&format=entry_original&name=1b4e29dc-24f5-47ca-b76b-4be7774bd72f_1767012496.jpg,,Si,Saludable ,,Saludable,,Vivero privado,Alineación,No,Natural,
95d49cd7-d1aa-4e22-add2-54b3936df0f9,80fcb63d-a030-4e27-a140-efd926da6595,2025-12-29T12:47:47.000Z,2025-12-29T14:05:06.000Z,80fcb63d-a030-4e27-a140-efd926da6595,-31.718307,-60.506286,2,6488082,736295,20J,Reconocida,Ceibo,36,50,https://five.epicollect.net/api/media/plan-de-arbolado-parana-2024-2028?type=photo&format=entry_original&name=80fcb63d-a030-4e27-a140-efd926da6595_1767012458.jpg,,Si,Saludable ,,Saludable,,Vivero privado,Alineación,No,Natural,
95d49cd7-d1aa-4e22-add2-54b3936df0f9,e3eaf2f3-f088-4e9c-b3e1-f1d920c3d004,2025-12-29T12:47:05.000Z,2025-12-29T14:05:05.000Z,e3eaf2f3-f088-4e9c-b3e1-f1d920c3d004,-31.718232,-60.5062,2,6488090,736303,20J,Reconocida,Ibirapitá,36,50,https://five.epicollect.net/api/media/plan-de-arbolado-parana-2024-2028?type=photo&format=entry_original&name=e3eaf2f3-f088-4e9c-b3e1-f1d920c3d004_1767012417.jpg,,Si,Saludable ,,Saludable,,Vivero privado,Alineación,No,Natural,
95d49cd7-d1aa-4e22-add2-54b3936df0f9,ccaa2a75-b878-434f-829c-edbd140d9b85,2025-12-29T12:46:36.000Z,2025-12-29T14:05:03.000Z,ccaa2a75-b878-434f-829c-edbd140d9b85,-31.718123,-60.506145,3,6488102,736309,20J,Reconocida,Ibirapitá,36,180,https://five.epicollect.net/api/media/plan-de-arbolado-parana-2024-2028?type=photo&format=entry_original&name=ccaa2a75-b878-434f-829c-edbd140d9b85_1767012376.jpg,,Si,Saludable ,,Saludable,,Vivero privado,Alineación,No,Natural,
95d49cd7-d1aa-4e22-add2-54b3936df0f9,012e5e3f-2c74-4b6e-82ec-c1a0e45eaeaf,2025-12-29T12:44:47.000Z,2025-12-29T14:05:02.000Z,012e5e3f-2c74-4b6e-82ec-c1a0e45eaeaf,-31.718176,-60.50605,3,6488096,736318,20J,Reconocida,Algarrobos,36,50,https://five.epicollect.net/api/media/plan-de-arbolado-parana-2024-2028?type=photo&format=entry_original&name=012e5e3f-2c74-4b6e-82ec-c1a0e45eaeaf_1767012279.jpg,,Si,Saludable ,,Saludable,,Vivero privado,Alineación,No,Natural,
95d49cd7-d1aa-4e22-add2-54b3936df0f9,52f4b790-7d7d-4b71-b9bf-0aede9eb93a2,2025-12-29T12:43:29.000Z,2025-12-29T14:05:00.000Z,52f4b790-7d7d-4b71-b9bf-0aede9eb93a2,-31.717611,-60.505938,3,6488159,736330,20J,Reconocida,Lapacho amarillo,36,150,https://five.epicollect.net/api/media/plan-de-arbolado-parana-2024-2028?type=photo&format=entry_original&name=52f4b790-7d7d-4b71-b9bf-0aede9eb93a2_1767012197.jpg,,Si,Saludable ,,Saludable,,Vivero privado,Alineación,No,Natural,
95d49cd7-d1aa-4e22-add2-54b3936df0f9,67f12723-6306-4beb-a9c5-838b7d673959,2025-12-29T12:42:54.000Z,2025-12-29T14:04:59.000Z,67f12723-6306-4beb-a9c5-838b7d673959,-31.717552,-60.505895,3,6488165,736334,20J,Reconocida,Ibirapitá,36,180,https://five.epicollect.net/api/media/plan-de-arbolado-parana-2024-2028?type=photo&format=entry_original&name=67f12723-6306-4beb-a9c5-838b7d673959_1767012154.jpg,,Si,Saludable ,,Saludable,,Vivero privado,Alineación,No,Natural,
95d49cd7-d1aa-4e22-add2-54b3936df0f9,f5beffb0-18aa-4f7f-9233-6d0454be72cc,2025-12-29T12:42:03.000Z,2025-12-29T14:04:58.000Z,f5beffb0-18aa-4f7f-9233-6d0454be72cc,-31.717321,-60.505908,3,6488191,736333,20J,Reconocida,Ibirapitá,36,180,https://five.epicollect.net/api/media/plan-de-arbolado-parana-2024-2028?type=photo&format=entry_original&name=f5beffb0-18aa-4f7f-9233-6d0454be72cc_1767012112.jpg,,Si,Saludable ,,Saludable,,Vivero privado,Alineación,No,Natural,
95d49cd7-d1aa-4e22-add2-54b3936df0f9,ecc801dc-74a1-4866-b129-6a893cc2d006,2025-12-29T12:40:57.000Z,2025-12-29T14:04:57.000Z,ecc801dc-74a1-4866-b129-6a893cc2d006,-31.717107,-60.505898,3,6488214,736335,20J,Reconocida,Ibirapitá,36,180,https://five.epicollect.net/api/media/plan-de-arbolado-parana-2024-2028?type=photo&format=entry_original&name=ecc801dc-74a1-4866-b129-6a893cc2d006_1767012048.jpg,,Si,Saludable ,,Saludable,,Vivero privado,Alineación,No,Natural,
95d49cd7-d1aa-4e22-add2-54b3936df0f9,543810ee-8ed5-44e3-96a5-5b2ac11772ec,2025-12-29T12:40:14.000Z,2025-12-29T14:04:56.000Z,543810ee-8ed5-44e3-96a5-5b2ac11772ec,-31.717073,-60.50588,3,6488218,736337,20J,Reconocida,Lapacho,36,180,https://five.epicollect.net/api/media/plan-de-arbolado-parana-2024-2028?type=photo&format=entry_original&name=543810ee-8ed5-44e3-96a5-5b2ac11772ec_1767012004.jpg,,Si,Saludable ,,Saludable,,Vivero privado,Alineación,No,Natural,
95d49cd7-d1aa-4e22-add2-54b3936df0f9,235a0ba3-7061-4ef1-899c-94347bccb8f6,2025-12-29T12:39:21.000Z,2025-12-29T14:04:55.000Z,235a0ba3-7061-4ef1-899c-94347bccb8f6,-31.716793,-60.505906,3,6488249,736335,20J,Reconocida,Ibirapitá,36,180,https://five.epicollect.net/api/media/plan-de-arbolado-parana-2024-2028?type=photo&format=entry_original&name=235a0ba3-7061-4ef1-899c-94347bccb8f6_1767011931.jpg,Le falta la barrera para las hormigas,Si,Saludable ,,Saludable,,Vivero privado,Alineación,No,Natural,
95d49cd7-d1aa-4e22-add2-54b3936df0f9,1db3b15e-69e5-4912-8600-39f5fa5142b8,2025-12-29T12:38:19.000Z,2025-12-29T14:04:54.000Z,1db3b15e-69e5-4912-8600-39f5fa5142b8,-31.716678,-60.505893,3,6488262,736336,20J,Reconocida,Ibirapitá,36,180,https://five.epicollect.net/api/media/plan-de-arbolado-parana-2024-2028?type=photo&format=entry_original&name=1db3b15e-69e5-4912-8600-39f5fa5142b8_1767011890.jpg,,Si,Saludable ,,Saludable,,Vivero privado,Alineación,No,Natural,
95d49cd7-d1aa-4e22-add2-54b3936df0f9,e517c905-bf52-4fe8-b89c-f397dcaae5d8,2025-12-29T12:37:51.000Z,2025-12-29T14:04:53.000Z,e517c905-bf52-4fe8-b89c-f397dcaae5d8,-31.716552,-60.505913,3,6488276,736335,20J,Reconocida,Ibirapitá,36,180,https://five.epicollect.net/api/media/plan-de-arbolado-parana-2024-2028?type=photo&format=entry_original&name=e517c905-bf52-4fe8-b89c-f397dcaae5d8_1767011861.jpg,,Si,Saludable ,,Saludable,,Vivero privado,Alineación,No,Natural,
95d49cd7-d1aa-4e22-add2-54b3936df0f9,fb24696b-2d96-4afc-bf5d-db9a67d07e13,2025-12-29T12:37:04.000Z,2025-12-29T14:04:52.000Z,fb24696b-2d96-4afc-bf5d-db9a67d07e13,-31.71634,-60.506057,3,6488300,736322,20J,No reconocible,No identificada,36,150,https://five.epicollect.net/api/media/plan-de-arbolado-parana-2024-2028?type=photo&format=entry_original&name=fb24696b-2d96-4afc-bf5d-db9a67d07e13_1767011815.jpg,,Si,Saludable ,,Saludable,,Vivero privado,Alineación,No,Natural,
95d49cd7-d1aa-4e22-add2-54b3936df0f9,cd5eefe0-de29-4a84-a2f1-b20cdaede007,2025-12-29T12:36:04.000Z,2025-12-29T14:04:51.000Z,cd5eefe0-de29-4a84-a2f1-b20cdaede007,-31.71624,-60.506073,3,6488311,736320,20J,Reconocida,Ibirapitá,36,180,https://five.epicollect.net/api/media/plan-de-arbolado-parana-2024-2028?type=photo&format=entry_original&name=cd5eefe0-de29-4a84-a2f1-b20cdaede007_1767011753.jpg,,Si,Saludable ,,Saludable,,Vivero privado,Alineación,No,Natural,
95d49cd7-d1aa-4e22-add2-54b3936df0f9,c5c03afb-bb80-455b-8f41-4b1ed598417c,2025-12-29T12:35:33.000Z,2025-12-29T14:04:50.000Z,c5c03afb-bb80-455b-8f41-4b1ed598417c,-31.716122,-60.506113,3,6488324,736317,20J,Reconocida,Lapacho,36,150,https://five.epicollect.net/api/media/plan-de-arbolado-parana-2024-2028?type=photo&format=entry_original&name=c5c03afb-bb80-455b-8f41-4b1ed598417c_1767011722.jpg,,Si,Saludable ,,Saludable,,Vivero privado,Alineación,No,Natural,
95d49cd7-d1aa-4e22-add2-54b3936df0f9,5615d196-0e72-440b-a29a-0604b959754d,2025-12-29T12:34:06.000Z,2025-12-29T14:04:48.000Z,5615d196-0e72-440b-a29a-0604b959754d,-31.715474,-60.50601,3,6488396,736328,20J,Reconocida,Lapacho,36,150,https://five.epicollect.net/api/media/plan-de-arbolado-parana-2024-2028?type=photo&format=entry_original&name=5615d196-0e72-440b-a29a-0604b959754d_1767011632.jpg,,Si,Saludable ,,Saludable,,Vivero privado,Alineación,No,Natural,
95d49cd7-d1aa-4e22-add2-54b3936df0f9,94a4f8ca-5733-4bc4-9e49-62f8d4b12472,2025-12-29T12:33:28.000Z,2025-12-29T14:04:48.000Z,94a4f8ca-5733-4bc4-9e49-62f8d4b12472,-31.715363,-60.505994,3,6488408,736330,20J,Reconocida,Lapacho,36,150,https://five.epicollect.net/api/media/plan-de-arbolado-parana-2024-2028?type=photo&format=entry_original&name=94a4f8ca-5733-4bc4-9e49-62f8d4b12472_1767011599.jpg,,Si,Saludable ,,Saludable,,Vivero privado,Alineación,No,Natural,
95d49cd7-d1aa-4e22-add2-54b3936df0f9,981ba1a3-636c-4ff3-80d0-13028d11cd34,2025-12-29T12:32:57.000Z,2025-12-29T14:04:47.000Z,981ba1a3-636c-4ff3-80d0-13028d11cd34,-31.715323,-60.506002,3,6488412,736330,20J,Reconocida,Ceibo,36,150,https://five.epicollect.net/api/media/plan-de-arbolado-parana-2024-2028?type=photo&format=entry_original&name=981ba1a3-636c-4ff3-80d0-13028d11cd34_1767011556.jpg,,Si,Saludable ,,Saludable,,Vivero privado,Alineación,No,Natural,
95d49cd7-d1aa-4e22-add2-54b3936df0f9,dde9bc1d-2676-4315-b694-e9290ad8d7e3,2025-12-29T12:32:21.000Z,2025-12-29T14:04:46.000Z,dde9bc1d-2676-4315-b694-e9290ad8d7e3,-31.71529,-60.506016,3,6488416,736328,20J,Reconocida,Ibirapitá,36,150,https://five.epicollect.net/api/media/plan-de-arbolado-parana-2024-2028?type=photo&format=entry_original&name=dde9bc1d-2676-4315-b694-e9290ad8d7e3_1767011531.jpg,,Si,Saludable ,,Saludable,,Vivero privado,Alineación,No,Natural,
95d49cd7-d1aa-4e22-add2-54b3936df0f9,e01c0ae4-a13d-48f2-af3b-1d6bec1c62af,2025-12-29T12:31:50.000Z,2025-12-29T14:04:45.000Z,e01c0ae4-a13d-48f2-af3b-1d6bec1c62af,-31.715185,-60.505995,2,6488428,736331,20J,Reconocida,Lapacho,36,180,https://five.epicollect.net/api/media/plan-de-arbolado-parana-2024-2028?type=photo&format=entry_original&name=e01c0ae4-a13d-48f2-af3b-1d6bec1c62af_1767011500.jpg,,Si,Saludable ,,Saludable,,Vivero privado,Alineación,No,Natural,
7d27e48b-521c-485c-9daf-2c3a0b8f0ffc,f97bd206-b5e9-4746-9aea-32756cdc1bc6,2025-12-29T13:22:37.000Z,2025-12-29T13:23:48.000Z,f97bd206-b5e9-4746-9aea-32756cdc1bc6,-31.716337,-60.505641,3,6488299,736361,20J,Reconocida,Ñandubay,28,150,https://five.epicollect.net/api/media/plan-de-arbolado-parana-2024-2028?type=photo&format=entry_original&name=f97bd206-b5e9-4746-9aea-32756cdc1bc6_1767014542.jpg,,Si,Saludable ,,Saludable,,Vivero municipal,Alineación,No,Natural,
7d27e48b-521c-485c-9daf-2c3a0b8f0ffc,70d02c67-e79b-4295-805b-462fb9a8acde,2025-12-29T13:21:26.000Z,2025-12-29T13:23:46.000Z,70d02c67-e79b-4295-805b-462fb9a8acde,-31.716511,-60.505578,3,6488280,736367,20J,Reconocida,Aguaribay,20,150,https://five.epicollect.net/api/media/plan-de-arbolado-parana-2024-2028?type=photo&format=entry_original&name=70d02c67-e79b-4295-805b-462fb9a8acde_1767014474.jpg,,Si,Saludable ,,Saludable,,Vivero municipal,Alineación,No,Natural,
7d27e48b-521c-485c-9daf-2c3a0b8f0ffc,b2fbce72-f2d7-4d11-9a42-70e0c2b6b1c7,2025-12-29T13:20:30.000Z,2025-12-29T13:23:45.000Z,b2fbce72-f2d7-4d11-9a42-70e0c2b6b1c7,-31.71659,-60.505567,3,6488271,736368,20J,Reconocida,Sen del Campo,20,160,https://five.epicollect.net/api/media/plan-de-arbolado-parana-2024-2028?type=photo&format=entry_original&name=b2fbce72-f2d7-4d11-9a42-70e0c2b6b1c7_1767014413.jpg,,Si,Saludable ,,Saludable,,Vivero municipal,Alineación,No,Natural,
7d27e48b-521c-485c-9daf-2c3a0b8f0ffc,fb3ca374-5db0-4e50-87bc-3e0c5be38f37,2025-12-29T13:19:30.000Z,2025-12-29T13:23:43.000Z,fb3ca374-5db0-4e50-87bc-3e0c5be38f37,-31.716726,-60.505605,5,6488256,736364,20J,Reconocida,Ñandubay,24,150,https://five.epicollect.net/api/media/plan-de-arbolado-parana-2024-2028?type=photo&format=entry_original&name=fb3ca374-5db0-4e50-87bc-3e0c5be38f37_1767014355.jpg,,Si,Saludable ,,Saludable,,Vivero municipal,Alineación,No,Natural,
7d27e48b-521c-485c-9daf-2c3a0b8f0ffc,d9ca1229-266b-48d2-846a-463482498ac0,2025-12-29T13:18:43.000Z,2025-12-29T13:23:41.000Z,d9ca1229-266b-48d2-846a-463482498ac0,-31.716742,-60.505595,4,6488254,736364,20J,Reconocida,Sen del Campo,20,180,https://five.epicollect.net/api/media/plan-de-arbolado-parana-2024-2028?type=photo&format=entry_original&name=d9ca1229-266b-48d2-846a-463482498ac0_1767014311.jpg,,Si,Saludable ,,Saludable,,Vivero municipal,Alineación,No,Natural,
7d27e48b-521c-485c-9daf-2c3a0b8f0ffc,f059b265-3050-44c4-a9d0-9ddb28b8e191,2025-12-29T13:17:40.000Z,2025-12-29T13:23:39.000Z,f059b265-3050-44c4-a9d0-9ddb28b8e191,-31.716863,-60.505583,3,6488241,736365,20J,Reconocida,Sen del Campo,24,100,https://five.epicollect.net/api/media/plan-de-arbolado-parana-2024-2028?type=photo&format=entry_original&name=f059b265-3050-44c4-a9d0-9ddb28b8e191_1767014247.jpg,,Si,Saludable ,,Saludable,,Vivero municipal,Alineación,No,Natural,
7d27e48b-521c-485c-9daf-2c3a0b8f0ffc,1ce8f5ad-7486-400a-9cf0-b98ae31ef735,2025-12-29T13:16:29.000Z,2025-12-29T13:23:38.000Z,1ce8f5ad-7486-400a-9cf0-b98ae31ef735,-31.71701,-60.505501,4,6488224,736373,20J,Reconocida,Ceibo,20,100,https://five.epicollect.net/api/media/plan-de-arbolado-parana-2024-2028?type=photo&format=entry_original&name=1ce8f5ad-7486-400a-9cf0-b98ae31ef735_1767014177.jpg,,Si,Saludable ,,Saludable,,Vivero municipal,Alineación,No,Natural,
7d27e48b-521c-485c-9daf-2c3a0b8f0ffc,fbb3e3b0-636d-448c-898e-c9195f74ba9e,2025-12-29T13:15:46.000Z,2025-12-29T13:23:36.000Z,fbb3e3b0-636d-448c-898e-c9195f74ba9e,-31.717037,-60.505525,3,6488221,736370,20J,Reconocida,Lagaña de Perro,30,160,https://five.epicollect.net/api/media/plan-de-arbolado-parana-2024-2028?type=photo&format=entry_original&name=fbb3e3b0-636d-448c-898e-c9195f74ba9e_1767014136.jpg,,Si,Saludable ,,Saludable,,Vivero municipal,Alineación,No,Natural,
7d27e48b-521c-485c-9daf-2c3a0b8f0ffc,1fc481e5-ab03-4063-9c6e-a32bdae75d38,2025-12-29T13:15:01.000Z,2025-12-29T13:23:34.000Z,1fc481e5-ab03-4063-9c6e-a32bdae75d38,-31.717084,-60.505506,3,6488216,736372,20J,Reconocida,Ceibo,24,100,https://five.epicollect.net/api/media/plan-de-arbolado-parana-2024-2028?type=photo&format=entry_original&name=1fc481e5-ab03-4063-9c6e-a32bdae75d38_1767014088.jpg,,Si,Saludable ,,Saludable,,Vivero municipal,Alineación,No,Natural,
7d27e48b-521c-485c-9daf-2c3a0b8f0ffc,a412f8ba-ad1b-4ef7-ad76-f12576b6d349,2025-12-29T13:14:12.000Z,2025-12-29T13:23:33.000Z,a412f8ba-ad1b-4ef7-ad76-f12576b6d349,-31.717181,-60.50552,4,6488205,736370,20J,Reconocida,Ceibo,24,100,https://five.epicollect.net/api/media/plan-de-arbolado-parana-2024-2028?type=photo&format=entry_original&name=a412f8ba-ad1b-4ef7-ad76-f12576b6d349_1767014039.jpg,,Si,Saludable ,,Saludable,,Vivero municipal,Alineación,No,Natural,
7d27e48b-521c-485c-9daf-2c3a0b8f0ffc,85af6c77-bb2c-4561-84e4-522be73aa575,2025-12-29T13:13:20.000Z,2025-12-29T13:23:31.000Z,85af6c77-bb2c-4561-84e4-522be73aa575,-31.717266,-60.505528,4,6488196,736370,20J,Reconocida,Ceibo,24,100,https://five.epicollect.net/api/media/plan-de-arbolado-parana-2024-2028?type=photo&format=entry_original&name=85af6c77-bb2c-4561-84e4-522be73aa575_1767013985.jpg,,Si,Saludable ,,Saludable,,Vivero municipal,Alineación,No,Natural,
7d27e48b-521c-485c-9daf-2c3a0b8f0ffc,91c4dc04-726b-47d9-a346-892847a58c89,2025-12-29T13:12:21.000Z,2025-12-29T13:23:29.000Z,91c4dc04-726b-47d9-a346-892847a58c89,-31.717399,-60.5055,4,6488181,736372,20J,Reconocida,Sen del Campo,24,120,https://five.epicollect.net/api/media/plan-de-arbolado-parana-2024-2028?type=photo&format=entry_original&name=91c4dc04-726b-47d9-a346-892847a58c89_1767013919.jpg,,Si,Saludable ,,Saludable,,Vivero municipal,Parques y/o plazas,No,Natural,
f1e61e8a-6cc3-46fa-9f3e-43a55d17c16f,7a5406b8-0d82-4558-b612-bf909e86e261,2025-12-29T12:56:56.000Z,2025-12-29T13:01:12.000Z,7a5406b8-0d82-4558-b612-bf909e86e261,-31.719045,-60.506565,3,6488001,736267,20J,Reconocida,Lapacho,24,130,https://five.epicollect.net/api/media/plan-de-arbolado-parana-2024-2028?type=photo&format=entry_original&name=7a5406b8-0d82-4558-b612-bf909e86e261_1767013004.jpg,,Si,Saludable ,,Saludable,,Vivero privado,Alineación,No,Natural,
f1e61e8a-6cc3-46fa-9f3e-43a55d17c16f,8ee30ed3-1a0e-4c8e-9a75-a940285514b9,2025-12-29T12:56:13.000Z,2025-12-29T13:01:01.000Z,8ee30ed3-1a0e-4c8e-9a75-a940285514b9,-31.71897,-60.506519,3,6488009,736271,20J,Reconocida,Timbó,24,150,https://five.epicollect.net/api/media/plan-de-arbolado-parana-2024-2028?type=photo&format=entry_original&name=8ee30ed3-1a0e-4c8e-9a75-a940285514b9_1767012959.jpg,,Si,Saludable ,,Saludable,,Vivero privado,Alineación,No,Natural,
f1e61e8a-6cc3-46fa-9f3e-43a55d17c16f,966128d3-9cd9-432f-80d6-a510afc7c9f0,2025-12-29T12:55:05.000Z,2025-12-29T13:00:55.000Z,966128d3-9cd9-432f-80d6-a510afc7c9f0,-31.718781,-60.506469,3,6488030,736276,20J,Reconocida,Timbó,20,130,https://five.epicollect.net/api/media/plan-de-arbolado-parana-2024-2028?type=photo&format=entry_original&name=966128d3-9cd9-432f-80d6-a510afc7c9f0_1767012892.jpg,,Si,Saludable ,,Saludable,,Vivero privado,Alineación,No,Natural,
f1e61e8a-6cc3-46fa-9f3e-43a55d17c16f,0b1c346f-3a27-4d8a-b58e-f1047fda5b99,2025-12-29T12:54:12.000Z,2025-12-29T13:00:54.000Z,0b1c346f-3a27-4d8a-b58e-f1047fda5b99,-31.718712,-60.506454,4,6488038,736278,20J,Reconocida,Lapacho,20,20,https://five.epicollect.net/api/media/plan-de-arbolado-parana-2024-2028?type=photo&format=entry_original&name=0b1c346f-3a27-4d8a-b58e-f1047fda5b99_1767012827.jpg,,Si,Saludable ,,Saludable,,Vivero privado,Alineación,No,Natural,
f1e61e8a-6cc3-46fa-9f3e-43a55d17c16f,a93c36fc-9954-45e3-9e8c-d72a19eac2b8,2025-12-29T12:53:01.000Z,2025-12-29T13:00:52.000Z,a93c36fc-9954-45e3-9e8c-d72a19eac2b8,-31.718638,-60.506325,4,6488046,736290,20J,Reconocida,Algarrobos,20,40,https://five.epicollect.net/api/media/plan-de-arbolado-parana-2024-2028?type=photo&format=entry_original&name=a93c36fc-9954-45e3-9e8c-d72a19eac2b8_1767012759.jpg,,Si,Saludable ,,Saludable,,Vivero privado,Alineación,No,Natural,
f1e61e8a-6cc3-46fa-9f3e-43a55d17c16f,44e4e29d-1b94-467d-8ffe-0374b5540821,2025-12-29T12:52:07.000Z,2025-12-29T13:00:50.000Z,44e4e29d-1b94-467d-8ffe-0374b5540821,-31.718604,-60.506294,3,6488049,736294,20J,Reconocida,Lapacho,20,100,https://five.epicollect.net/api/media/plan-de-arbolado-parana-2024-2028?type=photo&format=entry_original&name=44e4e29d-1b94-467d-8ffe-0374b5540821_1767012712.jpg,,Si,Saludable ,,Saludable,,Vivero privado,Alineación,No,Natural,
f1e61e8a-6cc3-46fa-9f3e-43a55d17c16f,af2aefd7-8729-4047-be79-5ecb63f30a27,2025-12-29T12:51:18.000Z,2025-12-29T13:00:48.000Z,af2aefd7-8729-4047-be79-5ecb63f30a27,-31.71857,-60.506277,4,6488053,736295,20J,Reconocida,Algarrobos,20,50,https://five.epicollect.net/api/media/plan-de-arbolado-parana-2024-2028?type=photo&format=entry_original&name=af2aefd7-8729-4047-be79-5ecb63f30a27_1767012660.jpg,,Si,Saludable ,,Saludable,,Vivero privado,Alineación,No,Natural,
f1e61e8a-6cc3-46fa-9f3e-43a55d17c16f,da9e102c-f88e-44c3-a1ed-21f750fac870,2025-12-29T12:50:31.000Z,2025-12-29T13:00:46.000Z,da9e102c-f88e-44c3-a1ed-21f750fac870,-31.718508,-60.506238,3,6488060,736299,20J,Reconocida,Lapacho amarillo,20,60,https://five.epicollect.net/api/media/plan-de-arbolado-parana-2024-2028?type=photo&format=entry_original&name=da9e102c-f88e-44c3-a1ed-21f750fac870_1767012617.jpg,,Si,Saludable ,,Saludable,,Vivero privado,Alineación,No,Natural,
f1e61e8a-6cc3-46fa-9f3e-43a55d17c16f,fa2c6d9e-d81c-4dba-b472-d80ad54f619a,2025-12-29T12:49:17.000Z,2025-12-29T13:00:44.000Z,fa2c6d9e-d81c-4dba-b472-d80ad54f619a,-31.718413,-60.506353,3,6488071,736288,20J,Reconocida,Lapacho,24,120,https://five.epicollect.net/api/media/plan-de-arbolado-parana-2024-2028?type=photo&format=entry_original&name=fa2c6d9e-d81c-4dba-b472-d80ad54f619a_1767012538.jpg,,Si,Saludable ,,Saludable,,Vivero privado,Alineación,No,Natural,
f1e61e8a-6cc3-46fa-9f3e-43a55d17c16f,1aef072a-e998-417c-a5f1-b81a9c26510f,2025-12-29T12:47:30.000Z,2025-12-29T13:00:43.000Z,1aef072a-e998-417c-a5f1-b81a9c26510f,-31.718208,-60.506262,5,6488093,736298,20J,Reconocida,Lapacho,24,120,https://five.epicollect.net/api/media/plan-de-arbolado-parana-2024-2028?type=photo&format=entry_original&name=1aef072a-e998-417c-a5f1-b81a9c26510f_1767012424.jpg,,Si,Saludable ,,Saludable,,Vivero privado,Alineación,Si ,Natural,
f1e61e8a-6cc3-46fa-9f3e-43a55d17c16f,f0102e28-452e-438a-b287-bc3d58e543f3,2025-12-29T12:45:42.000Z,2025-12-29T13:00:41.000Z,f0102e28-452e-438a-b287-bc3d58e543f3,-31.718115,-60.505998,5,6488103,736323,20J,Reconocida,Algarrobos,24,60,https://five.epicollect.net/api/media/plan-de-arbolado-parana-2024-2028?type=photo&format=entry_original&name=f0102e28-452e-438a-b287-bc3d58e543f3_1767012299.jpg,,Si,Saludable ,,Saludable,,Vivero privado,Alineación,No,Natural,
f1e61e8a-6cc3-46fa-9f3e-43a55d17c16f,33aaeec3-175e-4168-ada7-1c0aa32bd9a6,2025-12-29T12:42:35.000Z,2025-12-29T13:00:39.000Z,33aaeec3-175e-4168-ada7-1c0aa32bd9a6,-31.717403,-60.505911,3,6488182,736333,20J,Reconocida,Lapacho amarillo,20,60,https://five.epicollect.net/api/media/plan-de-arbolado-parana-2024-2028?type=photo&format=entry_original&name=33aaeec3-175e-4168-ada7-1c0aa32bd9a6_1767012139.jpg,,Si,Saludable ,,Saludable,,Vivero privado,Alineación,No,Natural,
f1e61e8a-6cc3-46fa-9f3e-43a55d17c16f,234f40cb-20c6-48ab-af24-3bfcefa01bee,2025-12-29T12:41:24.000Z,2025-12-29T13:00:37.000Z,234f40cb-20c6-48ab-af24-3bfcefa01bee,-31.717141,-60.505904,3,6488211,736334,20J,Reconocida,Lapacho amarillo,24,60,https://five.epicollect.net/api/media/plan-de-arbolado-parana-2024-2028?type=photo&format=entry_original&name=234f40cb-20c6-48ab-af24-3bfcefa01bee_1767012068.jpg,,Si,Saludable ,,Saludable,,Vivero privado,Alineación,No,Natural,
f1e61e8a-6cc3-46fa-9f3e-43a55d17c16f,f288fd88-9ce3-40e3-82ca-6f35d17d38b0,2025-12-29T12:40:19.000Z,2025-12-29T13:00:35.000Z,f288fd88-9ce3-40e3-82ca-6f35d17d38b0,-31.716932,-60.505883,3,6488234,736337,20J,Reconocida,Ibirapitá,24,160,https://five.epicollect.net/api/media/plan-de-arbolado-parana-2024-2028?type=photo&format=entry_original&name=f288fd88-9ce3-40e3-82ca-6f35d17d38b0_1767012004.jpg,,Si,Saludable ,,Saludable,,Vivero privado,Alineación,No,Natural,
f1e61e8a-6cc3-46fa-9f3e-43a55d17c16f,72057679-c07a-41cb-b33a-9fbabe81bb5b,2025-12-29T12:39:28.000Z,2025-12-29T13:00:34.000Z,72057679-c07a-41cb-b33a-9fbabe81bb5b,-31.716832,-60.505896,3,6488245,736336,20J,Reconocida,Lapacho amarillo,14,60,https://five.epicollect.net/api/media/plan-de-arbolado-parana-2024-2028?type=photo&format=entry_original&name=72057679-c07a-41cb-b33a-9fbabe81bb5b_1767011955.jpg,,Si,Saludable ,,Saludable,,Vivero privado,Alineación,No,Natural,
f1e61e8a-6cc3-46fa-9f3e-43a55d17c16f,c5959270-6b69-40c0-9132-fc7e3329ba31,2025-12-29T12:38:12.000Z,2025-12-29T13:00:32.000Z,c5959270-6b69-40c0-9132-fc7e3329ba31,-31.716586,-60.505893,5,6488272,736337,20J,Reconocida,Lapacho,24,50,https://five.epicollect.net/api/media/plan-de-arbolado-parana-2024-2028?type=photo&format=entry_original&name=c5959270-6b69-40c0-9132-fc7e3329ba31_1767011877.jpg,,Si,Saludable ,,Saludable,,Vivero privado,Alineación,No,Natural,
f1e61e8a-6cc3-46fa-9f3e-43a55d17c16f,8f107644-29de-4d52-aa3a-bac9f1e9146c,2025-12-29T12:35:58.000Z,2025-12-29T13:00:29.000Z,8f107644-29de-4d52-aa3a-bac9f1e9146c,-31.716056,-60.506149,5,6488331,736314,20J,Reconocida,Ibirapitá,24,100,https://five.epicollect.net/api/media/plan-de-arbolado-parana-2024-2028?type=photo&format=entry_original&name=8f107644-29de-4d52-aa3a-bac9f1e9146c_1767011743.jpg,,Si,Saludable ,,Saludable,,Vivero privado,Alineación,No,Natural,
f1e61e8a-6cc3-46fa-9f3e-43a55d17c16f,7233c72c-1e46-471f-9fa3-b832db6b5b95,2025-12-29T12:33:45.000Z,2025-12-29T13:00:27.000Z,7233c72c-1e46-471f-9fa3-b832db6b5b95,-31.715412,-60.506068,3,6488403,736323,20J,Reconocida,Timbó,24,80,https://five.epicollect.net/api/media/plan-de-arbolado-parana-2024-2028?type=photo&format=entry_original&name=7233c72c-1e46-471f-9fa3-b832db6b5b95_1767011611.jpg,,Si,Saludable ,,Saludable,,Vivero privado,Alineación,No,Natural,
b0817bf3-0663-4656-978f-0a140ecb7f44,41f30cdc-b1ef-4d42-a657-86ede2596366,2025-12-26T13:04:02.000Z,2025-12-26T13:05:44.000Z,41f30cdc-b1ef-4d42-a657-86ede2596366,-31.715195,-60.505817,3,6488426,736347,20J,Reconocida,Lapacho,36,180,https://five.epicollect.net/api/media/plan-de-arbolado-parana-2024-2028?type=photo&format=entry_original&name=41f30cdc-b1ef-4d42-a657-86ede2596366_1766754230.jpg,,Si,Saludable ,,Saludable,,Vivero privado,Alineación,No,Natural,
b0817bf3-0663-4656-978f-0a140ecb7f44,9a747729-26b3-420b-acbf-cfb5ed3c3b55,2025-12-26T13:03:29.000Z,2025-12-26T13:05:42.000Z,9a747729-26b3-420b-acbf-cfb5ed3c3b55,-31.715347,-60.505829,7,6488409,736346,20J,Reconocida,Lapacho,36,120,https://five.epicollect.net/api/media/plan-de-arbolado-parana-2024-2028?type=photo&format=entry_original&name=9a747729-26b3-420b-acbf-cfb5ed3c3b55_1766754198.jpg,,Si,Saludable ,,Saludable,,Vivero privado,Alineación,No,Natural,
b0817bf3-0663-4656-978f-0a140ecb7f44,9875f298-64b4-4ef0-b777-650a44712e18,2025-12-26T13:02:04.000Z,2025-12-26T13:05:41.000Z,9875f298-64b4-4ef0-b777-650a44712e18,-31.715435,-60.505806,3,6488400,736348,20J,Reconocida,Algarrobos,36,50,https://five.epicollect.net/api/media/plan-de-arbolado-parana-2024-2028?type=photo&format=entry_original&name=9875f298-64b4-4ef0-b777-650a44712e18_1766754106.jpg,Esta plantado debajo de una ripo gigante,Si,Saludable ,,Saludable,,Vivero privado,Alineación,No,Natural,
b0817bf3-0663-4656-978f-0a140ecb7f44,87e9d539-8c51-4069-a050-5f5cfcb68d45,2025-12-26T13:01:15.000Z,2025-12-26T13:05:39.000Z,87e9d539-8c51-4069-a050-5f5cfcb68d45,-31.715565,-60.505815,4,6488385,736347,20J,Reconocida,Algarrobos,36,180,https://five.epicollect.net/api/media/plan-de-arbolado-parana-2024-2028?type=photo&format=entry_original&name=87e9d539-8c51-4069-a050-5f5cfcb68d45_1766754053.jpg,,Si,Saludable ,,Saludable,,Vivero privado,Alineación,No,Natural,
b0817bf3-0663-4656-978f-0a140ecb7f44,e9a2f05c-b4bf-495b-92cf-f1e0703c1719,2025-12-26T13:00:15.000Z,2025-12-26T13:05:37.000Z,e9a2f05c-b4bf-495b-92cf-f1e0703c1719,-31.715614,-60.505831,4,6488380,736345,20J,Reconocida,Algarrobos,36,50,https://five.epicollect.net/api/media/plan-de-arbolado-parana-2024-2028?type=photo&format=entry_original&name=e9a2f05c-b4bf-495b-92cf-f1e0703c1719_1766754005.jpg,,Si,Saludable ,,Saludable,,Vivero privado,Alineación,No,Natural,
b0817bf3-0663-4656-978f-0a140ecb7f44,b5bdc4da-c1b8-419f-9ef1-c9ec90d75c3b,2025-12-26T12:59:39.000Z,2025-12-26T13:05:35.000Z,b5bdc4da-c1b8-419f-9ef1-c9ec90d75c3b,-31.71563,-60.505825,3,6488378,736346,20J,Reconocida,Ibirapitá,36,120,https://five.epicollect.net/api/media/plan-de-arbolado-parana-2024-2028?type=photo&format=entry_original&name=b5bdc4da-c1b8-419f-9ef1-c9ec90d75c3b_1766753971.jpg,,Si,Saludable ,,Saludable,,Vivero privado,Alineación,No,Natural,
b0817bf3-0663-4656-978f-0a140ecb7f44,2e72f62a-bff3-4978-bb76-4f97ff8b77a2,2025-12-26T12:59:04.000Z,2025-12-26T13:05:34.000Z,2e72f62a-bff3-4978-bb76-4f97ff8b77a2,-31.715798,-60.505848,3,6488359,736343,20J,Reconocida,Algarrobos,36,50,https://five.epicollect.net/api/media/plan-de-arbolado-parana-2024-2028?type=photo&format=entry_original&name=2e72f62a-bff3-4978-bb76-4f97ff8b77a2_1766753936.jpg,,Si,Saludable ,,Saludable,,Vivero privado,Alineación,No,Natural,
b0817bf3-0663-4656-978f-0a140ecb7f44,9e18053a-ac68-459a-acb5-4cfca8ed8260,2025-12-26T12:58:36.000Z,2025-12-26T13:05:32.000Z,9e18053a-ac68-459a-acb5-4cfca8ed8260,-31.715833,-60.505862,3,6488356,736341,20J,Reconocida,Ibirapitá,36,180,https://five.epicollect.net/api/media/plan-de-arbolado-parana-2024-2028?type=photo&format=entry_original&name=9e18053a-ac68-459a-acb5-4cfca8ed8260_1766753905.jpg,,Si,Saludable ,,Saludable,,Vivero privado,Alineación,No,Natural,
b0817bf3-0663-4656-978f-0a140ecb7f44,521dd0bb-79e9-45d9-81f2-303f300a645c,2025-12-26T12:58:07.000Z,2025-12-26T13:05:30.000Z,521dd0bb-79e9-45d9-81f2-303f300a645c,-31.715886,-60.505879,4,6488350,736340,20J,Reconocida,Ibirapitá,36,180,https://five.epicollect.net/api/media/plan-de-arbolado-parana-2024-2028?type=photo&format=entry_original&name=521dd0bb-79e9-45d9-81f2-303f300a645c_1766753877.jpg,,Si,Saludable ,,Saludable,,Vivero privado,Alineación,No,Natural,
b0817bf3-0663-4656-978f-0a140ecb7f44,0abaecf1-b00e-4e40-8ecf-50caae12b6a3,2025-12-26T12:57:30.000Z,2025-12-26T13:05:28.000Z,0abaecf1-b00e-4e40-8ecf-50caae12b6a3,-31.715939,-60.505897,3,6488344,736338,20J,Reconocida,Algarrobos,36,50,https://five.epicollect.net/api/media/plan-de-arbolado-parana-2024-2028?type=photo&format=entry_original&name=0abaecf1-b00e-4e40-8ecf-50caae12b6a3_1766753836.jpg,,Si,Saludable ,,Saludable,,Vivero privado,Alineación,No,Natural,
b0817bf3-0663-4656-978f-0a140ecb7f44,e4fb6dfc-f849-4a98-bcdc-378343ddf1a1,2025-12-26T12:56:40.000Z,2025-12-26T13:05:27.000Z,e4fb6dfc-f849-4a98-bcdc-378343ddf1a1,-31.71597,-60.505823,3,6488340,736345,20J,Reconocida,Lapacho,36,50,https://five.epicollect.net/api/media/plan-de-arbolado-parana-2024-2028?type=photo&format=entry_original&name=e4fb6dfc-f849-4a98-bcdc-378343ddf1a1_1766753773.jpg,,Si,Saludable ,,Saludable,,Vivero privado,Alineación,No,Natural,
b0817bf3-0663-4656-978f-0a140ecb7f44,c8ff6175-ba78-4185-8b98-606c0ac659b7,2025-12-26T12:55:33.000Z,2025-12-26T13:05:25.000Z,c8ff6175-ba78-4185-8b98-606c0ac659b7,-31.716013,-60.505789,3,6488335,736348,20J,Reconocida,Ibirapitá,36,180,https://five.epicollect.net/api/media/plan-de-arbolado-parana-2024-2028?type=photo&format=entry_original&name=c8ff6175-ba78-4185-8b98-606c0ac659b7_1766753725.jpg,,Si,Saludable ,,Saludable,,Vivero privado,Alineación,No,Natural,
b0817bf3-0663-4656-978f-0a140ecb7f44,5a718871-0438-44d9-9e12-bd6558245280,2025-12-26T12:54:37.000Z,2025-12-26T13:05:23.000Z,5a718871-0438-44d9-9e12-bd6558245280,-31.716066,-60.505777,3,6488330,736349,20J,Reconocida,Lapacho,36,50,https://five.epicollect.net/api/media/plan-de-arbolado-parana-2024-2028?type=photo&format=entry_original&name=5a718871-0438-44d9-9e12-bd6558245280_1766753668.jpg,,Si,Saludable ,,Saludable,,Vivero privado,Alineación,No,Natural,
b0817bf3-0663-4656-978f-0a140ecb7f44,b7c3e72d-1789-414a-9a59-b9d70c1feb0f,2025-12-26T12:54:08.000Z,2025-12-26T13:05:21.000Z,b7c3e72d-1789-414a-9a59-b9d70c1feb0f,-31.716127,-60.505801,5,6488323,736347,20J,Reconocida,Lapacho,36,180,https://five.epicollect.net/api/media/plan-de-arbolado-parana-2024-2028?type=photo&format=entry_original&name=b7c3e72d-1789-414a-9a59-b9d70c1feb0f_1766753637.jpg,,Si,Saludable ,,Saludable,,Vivero privado,Alineación,No,Natural,
b0817bf3-0663-4656-978f-0a140ecb7f44,69573526-dd77-420e-9e7c-705f549a4180,2025-12-26T12:53:31.000Z,2025-12-26T13:05:19.000Z,69573526-dd77-420e-9e7c-705f549a4180,-31.716131,-60.505766,3,6488322,736350,20J,Reconocida,Ibirapitá,36,180,https://five.epicollect.net/api/media/plan-de-arbolado-parana-2024-2028?type=photo&format=entry_original&name=69573526-dd77-420e-9e7c-705f549a4180_1766753602.jpg,,Si,Saludable ,,Saludable,,Vivero privado,Alineación,No,Natural,
b0817bf3-0663-4656-978f-0a140ecb7f44,904f205e-575c-44ed-bccc-1b76cd194f52,2025-12-26T12:53:01.000Z,2025-12-26T13:05:17.000Z,904f205e-575c-44ed-bccc-1b76cd194f52,-31.716157,-60.50568,4,6488319,736358,20J,Reconocida,Ibirapitá,36,120,https://five.epicollect.net/api/media/plan-de-arbolado-parana-2024-2028?type=photo&format=entry_original&name=904f205e-575c-44ed-bccc-1b76cd194f52_1766753570.jpg,,Si,Saludable ,,Saludable,,Vivero privado,Alineación,No,Natural,
b0817bf3-0663-4656-978f-0a140ecb7f44,335c6fd8-0451-41ee-ae7e-6588176b58da,2025-12-26T12:52:21.000Z,2025-12-26T13:05:16.000Z,335c6fd8-0451-41ee-ae7e-6588176b58da,-31.716131,-60.505749,3,6488322,736351,20J,Reconocida,Lapacho,36,50,https://five.epicollect.net/api/media/plan-de-arbolado-parana-2024-2028?type=photo&format=entry_original&name=335c6fd8-0451-41ee-ae7e-6588176b58da_1766753529.jpg,,Si,Saludable ,,Saludable,,Vivero privado,Alineación,No,Natural,
b0817bf3-0663-4656-978f-0a140ecb7f44,39723329-8b71-41dd-8abb-47a2040a15f2,2025-12-26T12:51:43.000Z,2025-12-26T13:05:14.000Z,39723329-8b71-41dd-8abb-47a2040a15f2,-31.716182,-60.505801,5,6488317,736346,20J,Reconocida,Ibirapitá,36,180,https://five.epicollect.net/api/media/plan-de-arbolado-parana-2024-2028?type=photo&format=entry_original&name=39723329-8b71-41dd-8abb-47a2040a15f2_1766753479.jpg,,Si,Saludable ,,Saludable,,Vivero privado,Alineación,No,Natural,
b0817bf3-0663-4656-978f-0a140ecb7f44,a88809eb-64bc-4686-bd9e-4a391b36cbcc,2025-12-26T12:50:54.000Z,2025-12-26T13:05:12.000Z,a88809eb-64bc-4686-bd9e-4a391b36cbcc,-31.716181,-60.505711,4,6488317,736355,20J,Reconocida,Ibirapitá,36,120,https://five.epicollect.net/api/media/plan-de-arbolado-parana-2024-2028?type=photo&format=entry_original&name=a88809eb-64bc-4686-bd9e-4a391b36cbcc_1766753445.jpg,,Si,Saludable ,,Saludable,,Vivero privado,Alineación,No,Natural,
b0817bf3-0663-4656-978f-0a140ecb7f44,acd93f6e-6fe5-42db-b5cc-8d89fbdc5916,2025-12-26T12:50:15.000Z,2025-12-26T13:05:10.000Z,acd93f6e-6fe5-42db-b5cc-8d89fbdc5916,-31.716222,-60.505785,3,6488312,736348,20J,Reconocida,Ibirapitá,36,180,https://five.epicollect.net/api/media/plan-de-arbolado-parana-2024-2028?type=photo&format=entry_original&name=acd93f6e-6fe5-42db-b5cc-8d89fbdc5916_1766753405.jpg,,Si,Saludable ,,Saludable,,Vivero privado,Alineación,No,Natural,
b0817bf3-0663-4656-978f-0a140ecb7f44,dd7ec1b7-40f0-496f-9711-5df4a443d8a7,2025-12-26T12:49:40.000Z,2025-12-26T13:05:08.000Z,dd7ec1b7-40f0-496f-9711-5df4a443d8a7,-31.716227,-60.505695,3,6488311,736356,20J,Reconocida,Lapacho,36,50,https://five.epicollect.net/api/media/plan-de-arbolado-parana-2024-2028?type=photo&format=entry_original&name=dd7ec1b7-40f0-496f-9711-5df4a443d8a7_1766753360.jpg,,Si,Saludable ,,,,Vivero privado,Alineación,No,Natural,
b0817bf3-0663-4656-978f-0a140ecb7f44,e72802df-1ae4-4571-8a4d-3f34afb8ef09,2025-12-26T12:48:57.000Z,2025-12-26T13:05:06.000Z,e72802df-1ae4-4571-8a4d-3f34afb8ef09,-31.716344,-60.505758,3,6488299,736350,20J,Reconocida,Lapacho,36,50,https://five.epicollect.net/api/media/plan-de-arbolado-parana-2024-2028?type=photo&format=entry_original&name=e72802df-1ae4-4571-8a4d-3f34afb8ef09_1766753320.jpg,,Si,Saludable ,,Saludable,,Vivero privado,Alineación,No,Natural,
b0817bf3-0663-4656-978f-0a140ecb7f44,9894e1e2-3ead-4916-a01a-84de98b82e13,2025-12-26T12:47:59.000Z,2025-12-26T13:05:04.000Z,9894e1e2-3ead-4916-a01a-84de98b82e13,-31.716387,-60.505728,4,6488294,736353,20J,Reconocida,Ibirapitá,36,180,https://five.epicollect.net/api/media/plan-de-arbolado-parana-2024-2028?type=photo&format=entry_original&name=9894e1e2-3ead-4916-a01a-84de98b82e13_1766753272.jpg,,Si,Saludable ,,Saludable,,Vivero privado,Alineación,No,Natural,
b0817bf3-0663-4656-978f-0a140ecb7f44,ffcfcca5-dd55-4173-947b-528c19deb84e,2025-12-26T12:47:17.000Z,2025-12-26T13:05:02.000Z,ffcfcca5-dd55-4173-947b-528c19deb84e,-31.716443,-60.505698,3,6488288,736355,20J,Reconocida,Lapacho,36,50,https://five.epicollect.net/api/media/plan-de-arbolado-parana-2024-2028?type=photo&format=entry_original&name=ffcfcca5-dd55-4173-947b-528c19deb84e_1766753175.jpg,,Si,Saludable ,,Saludable,,Vivero privado,Alineación,No,Natural,
b0817bf3-0663-4656-978f-0a140ecb7f44,d06729fa-f313-43dd-8ee9-8a022cb0beec,2025-12-26T12:41:14.000Z,2025-12-26T13:05:00.000Z,d06729fa-f313-43dd-8ee9-8a022cb0beec,-31.716478,-60.505693,3,6488284,736356,20J,Reconocida,Ibirapitá,36,180,https://five.epicollect.net/api/media/plan-de-arbolado-parana-2024-2028?type=photo&format=entry_original&name=d06729fa-f313-43dd-8ee9-8a022cb0beec_1766752864.jpg,,Si,Saludable ,,Saludable,,Vivero privado,Alineación,No,Natural,
b0817bf3-0663-4656-978f-0a140ecb7f44,601261c2-5560-444e-9c67-51a569573d41,2025-12-26T12:40:10.000Z,2025-12-26T13:04:58.000Z,601261c2-5560-444e-9c67-51a569573d41,-31.716508,-60.505694,3,6488280,736356,20J,Reconocida,Lapacho,36,50,https://five.epicollect.net/api/media/plan-de-arbolado-parana-2024-2028?type=photo&format=entry_original&name=601261c2-5560-444e-9c67-51a569573d41_1766752800.jpg,,Si,Saludable ,,Saludable,,Vivero privado,Alineación,No,Natural,
b0817bf3-0663-4656-978f-0a140ecb7f44,15e93fe0-dde8-4ef5-8069-a31ec848a7bd,2025-12-26T12:39:14.000Z,2025-12-26T13:04:57.000Z,15e93fe0-dde8-4ef5-8069-a31ec848a7bd,-31.7166,-60.50566,3,6488270,736359,20J,Reconocida,Ibirapitá,36,180,https://five.epicollect.net/api/media/plan-de-arbolado-parana-2024-2028?type=photo&format=entry_original&name=15e93fe0-dde8-4ef5-8069-a31ec848a7bd_1766752736.jpg,,Si,Saludable ,,Saludable,,Vivero privado,Alineación,No,Natural,
b0817bf3-0663-4656-978f-0a140ecb7f44,6299aaa9-d10d-492c-8e56-3ea440f4df04,2025-12-26T12:38:19.000Z,2025-12-26T13:04:55.000Z,6299aaa9-d10d-492c-8e56-3ea440f4df04,-31.716888,-60.505583,4,6488238,736365,20J,Reconocida,Lapacho,36,50,https://five.epicollect.net/api/media/plan-de-arbolado-parana-2024-2028?type=photo&format=entry_original&name=6299aaa9-d10d-492c-8e56-3ea440f4df04_1766752688.jpg,,Si,Saludable ,,Saludable,,Vivero privado,Alineación,No,Natural,
b0817bf3-0663-4656-978f-0a140ecb7f44,148cca8c-6c06-4146-b7ef-0551b214132b,2025-12-26T12:37:45.000Z,2025-12-26T13:04:53.000Z,148cca8c-6c06-4146-b7ef-0551b214132b,-31.716934,-60.505585,3,6488233,736365,20J,Reconocida,Ibirapitá,36,50,https://five.epicollect.net/api/media/plan-de-arbolado-parana-2024-2028?type=photo&format=entry_original&name=148cca8c-6c06-4146-b7ef-0551b214132b_1766752654.jpg,,Si,Saludable ,,Saludable,,Vivero privado,Alineación,No,Natural,
b0817bf3-0663-4656-978f-0a140ecb7f44,018afe84-22f7-42fe-b189-58d523bf1b34,2025-12-26T12:37:11.000Z,2025-12-26T13:04:52.000Z,018afe84-22f7-42fe-b189-58d523bf1b34,-31.717011,-60.505601,3,6488224,736363,20J,Reconocida,Lapacho,36,50,https://five.epicollect.net/api/media/plan-de-arbolado-parana-2024-2028?type=photo&format=entry_original&name=018afe84-22f7-42fe-b189-58d523bf1b34_1766752619.jpg,,Si,Saludable ,,Saludable,,Vivero privado,Alineación,No,Natural,
b0817bf3-0663-4656-978f-0a140ecb7f44,a96a164e-e2fe-447e-b83b-5027bf1c4c28,2025-12-26T12:36:40.000Z,2025-12-26T13:04:50.000Z,a96a164e-e2fe-447e-b83b-5027bf1c4c28,-31.717173,-60.505609,3,6488206,736362,20J,Reconocida,Lapacho,36,50,https://five.epicollect.net/api/media/plan-de-arbolado-parana-2024-2028?type=photo&format=entry_original&name=a96a164e-e2fe-447e-b83b-5027bf1c4c28_1766752587.jpg,,Si,Saludable ,,Saludable,,Vivero privado,Alineación,No,Natural,
b0817bf3-0663-4656-978f-0a140ecb7f44,625619c7-b416-4397-b5e1-102cb63b98f4,2025-12-26T12:35:55.000Z,2025-12-26T13:04:48.000Z,625619c7-b416-4397-b5e1-102cb63b98f4,-31.71727,-60.505609,3,6488196,736362,20J,Reconocida,Ibirapitá,36,50,https://five.epicollect.net/api/media/plan-de-arbolado-parana-2024-2028?type=photo&format=entry_original&name=625619c7-b416-4397-b5e1-102cb63b98f4_1766752544.jpg,,Si,Saludable ,,Saludable,,Vivero privado,Alineación,No,Natural,
b0817bf3-0663-4656-978f-0a140ecb7f44,e0d4016a-cd7c-4611-83e0-7e2cd1e6b640,2025-12-26T12:35:23.000Z,2025-12-26T13:04:47.000Z,e0d4016a-cd7c-4611-83e0-7e2cd1e6b640,-31.71739,-60.50562,4,6488182,736360,20J,Reconocida,Lapacho,36,50,https://five.epicollect.net/api/media/plan-de-arbolado-parana-2024-2028?type=photo&format=entry_original&name=e0d4016a-cd7c-4611-83e0-7e2cd1e6b640_1766752511.jpg,,Si,Saludable ,,Saludable,,Vivero privado,Alineación,No,Natural,
b0817bf3-0663-4656-978f-0a140ecb7f44,7a96b7a1-b5ca-4728-9b9c-94e29a217a7e,2025-12-26T12:34:52.000Z,2025-12-26T13:04:45.000Z,7a96b7a1-b5ca-4728-9b9c-94e29a217a7e,-31.717444,-60.505587,3,6488176,736363,20J,Reconocida,Timbó,36,180,https://five.epicollect.net/api/media/plan-de-arbolado-parana-2024-2028?type=photo&format=entry_original&name=7a96b7a1-b5ca-4728-9b9c-94e29a217a7e_1766752482.jpg,,Si,Saludable ,,Saludable,,Vivero privado,Alineación,No,Natural,
1e219ff2-167e-4968-95a2-6266977b5c75,03f916ff-e8b1-42d2-bb81-85678b0c23df,2025-12-26T12:33:57.000Z,2025-12-26T13:04:38.000Z,03f916ff-e8b1-42d2-bb81-85678b0c23df,-31.717467,-60.505625,3,6488174,736360,20J,Reconocida,Lapacho,36,50,https://five.epicollect.net/api/media/plan-de-arbolado-parana-2024-2028?type=photo&format=entry_original&name=03f916ff-e8b1-42d2-bb81-85678b0c23df_1766752427.jpg,,Si,Saludable ,,Saludable,,Vivero privado,Alineación,No,Natural,
818f1fac-302d-42c4-b0ef-55235cf349f7,54be273c-c1ec-4deb-8c2b-9ef14124a39a,2025-12-26T12:16:26.000Z,2025-12-26T12:16:43.000Z,54be273c-c1ec-4deb-8c2b-9ef14124a39a,-31.717529,-60.505638,4,6488167,736358,20J,Reconocida,Ibirapitá,24,100,https://five.epicollect.net/api/media/plan-de-arbolado-parana-2024-2028?type=photo&format=entry_original&name=54be273c-c1ec-4deb-8c2b-9ef14124a39a_1766751367.jpg,,Si,Saludable ,,Saludable,,Vivero privado,Alineación,No,Natural,
818f1fac-302d-42c4-b0ef-55235cf349f7,c6feb6ce-8dec-4db4-be82-9811a027b392,2025-12-26T12:14:00.000Z,2025-12-26T12:16:41.000Z,c6feb6ce-8dec-4db4-be82-9811a027b392,-31.717612,-60.50563,4,6488158,736359,20J,Reconocida,Algarrobos,24,60,https://five.epicollect.net/api/media/plan-de-arbolado-parana-2024-2028?type=photo&format=entry_original&name=c6feb6ce-8dec-4db4-be82-9811a027b392_1766751227.jpg,,Si,Saludable ,,Saludable,,Vivero privado,Alineación,No,Natural,
818f1fac-302d-42c4-b0ef-55235cf349f7,2214d4a1-bb29-43d5-a756-2f65097e861d,2025-12-26T12:13:11.000Z,2025-12-26T12:16:40.000Z,2214d4a1-bb29-43d5-a756-2f65097e861d,-31.717689,-60.505634,4,6488149,736358,20J,Reconocida,Algarrobos,24,60,https://five.epicollect.net/api/media/plan-de-arbolado-parana-2024-2028?type=photo&format=entry_original&name=2214d4a1-bb29-43d5-a756-2f65097e861d_1766751176.jpg,,Si,Saludable ,,Saludable,,Vivero privado,Alineación,No,Natural,
4f1f74b3-9d2d-49b6-adcf-2c4d63ba0b08,76cc1a88-8372-4d65-89f3-8ea2bea3072a,2025-12-26T12:02:02.000Z,2025-12-26T12:03:13.000Z,76cc1a88-8372-4d65-89f3-8ea2bea3072a,-31.717988,-60.505667,3,6488116,736354,20J,Reconocida,Ceibo,24,50,https://five.epicollect.net/api/media/plan-de-arbolado-parana-2024-2028?type=photo&format=entry_original&name=76cc1a88-8372-4d65-89f3-8ea2bea3072a_1766750507.jpg,,Si,Saludable ,,Saludable,,Vivero privado,Alineación,No,Natural,
4f1f74b3-9d2d-49b6-adcf-2c4d63ba0b08,4b6c1eda-8a99-4f51-b7f9-7036ad6b56b3,2025-12-26T12:01:10.000Z,2025-12-26T12:03:11.000Z,4b6c1eda-8a99-4f51-b7f9-7036ad6b56b3,-31.718025,-60.505703,3,6488112,736351,20J,Reconocida,Timbó,36,180,https://five.epicollect.net/api/media/plan-de-arbolado-parana-2024-2028?type=photo&format=entry_original&name=4b6c1eda-8a99-4f51-b7f9-7036ad6b56b3_1766750457.jpg,,Si,Saludable ,,Saludable,,Vivero privado,Alineación,No,Natural,
4f1f74b3-9d2d-49b6-adcf-2c4d63ba0b08,d930e3b8-c779-4c6e-869c-b60cd107be61,2025-12-26T11:59:59.000Z,2025-12-26T12:03:09.000Z,d930e3b8-c779-4c6e-869c-b60cd107be61,-31.718081,-60.505701,3,6488106,736351,20J,Reconocida,Ibirapitá,12,50,https://five.epicollect.net/api/media/plan-de-arbolado-parana-2024-2028?type=photo&format=entry_original&name=d930e3b8-c779-4c6e-869c-b60cd107be61_1766750389.jpg,,Si,Saludable ,,Saludable,,Vivero privado,Alineación,No,Natural,
4f1f74b3-9d2d-49b6-adcf-2c4d63ba0b08,4e120a20-6bfe-44ac-bb6e-2f17b4a0ccf3,2025-12-26T11:59:07.000Z,2025-12-26T12:03:08.000Z,4e120a20-6bfe-44ac-bb6e-2f17b4a0ccf3,-31.718146,-60.505736,3,6488099,736348,20J,Reconocida,Lapacho,36,180,https://five.epicollect.net/api/media/plan-de-arbolado-parana-2024-2028?type=photo&format=entry_original&name=4e120a20-6bfe-44ac-bb6e-2f17b4a0ccf3_1766750334.jpg,,Si,Saludable ,,Saludable,,Vivero privado,Alineación,No,Natural,
4f1f74b3-9d2d-49b6-adcf-2c4d63ba0b08,01090152-a8b3-498c-b520-e0ee8577faa3,2025-12-26T11:57:58.000Z,2025-12-26T12:03:06.000Z,01090152-a8b3-498c-b520-e0ee8577faa3,-31.71816,-60.505733,4,6488097,736348,20J,Reconocida,Ceibo,36,180,https://five.epicollect.net/api/media/plan-de-arbolado-parana-2024-2028?type=photo&format=entry_original&name=01090152-a8b3-498c-b520-e0ee8577faa3_1766750263.jpg,,Si,Saludable ,,Saludable,,Vivero privado,Alineación,No,Natural,
4f1f74b3-9d2d-49b6-adcf-2c4d63ba0b08,0f8c7a57-4186-42ef-bf40-7b242baecda1,2025-12-26T11:56:55.000Z,2025-12-26T12:03:04.000Z,0f8c7a57-4186-42ef-bf40-7b242baecda1,-31.718209,-60.505734,3,6488092,736348,20J,Reconocida,Timbó,36,180,https://five.epicollect.net/api/media/plan-de-arbolado-parana-2024-2028?type=photo&format=entry_original&name=0f8c7a57-4186-42ef-bf40-7b242baecda1_1766750201.jpg,,Si,Saludable ,,Saludable,,Vivero privado,Alineación,No,Natural,
4f1f74b3-9d2d-49b6-adcf-2c4d63ba0b08,89dd5767-4af8-41e4-a403-cc6ef5bf3ef1,2025-12-26T11:55:43.000Z,2025-12-26T12:03:03.000Z,89dd5767-4af8-41e4-a403-cc6ef5bf3ef1,-31.718244,-60.505748,3,6488088,736346,20J,Reconocida,Ceibo,36,180,https://five.epicollect.net/api/media/plan-de-arbolado-parana-2024-2028?type=photo&format=entry_original&name=89dd5767-4af8-41e4-a403-cc6ef5bf3ef1_1766750125.jpg,,Si,Saludable ,,Saludable,,Vivero privado,Alineación,No,Natural,
4f1f74b3-9d2d-49b6-adcf-2c4d63ba0b08,b6a3b78c-13a9-4d7a-bcd2-4fb07de97496,2025-12-26T11:54:32.000Z,2025-12-26T12:03:01.000Z,b6a3b78c-13a9-4d7a-bcd2-4fb07de97496,-31.718299,-60.505774,4,6488082,736344,20J,Reconocida,Lapacho,36,180,https://five.epicollect.net/api/media/plan-de-arbolado-parana-2024-2028?type=photo&format=entry_original&name=b6a3b78c-13a9-4d7a-bcd2-4fb07de97496_1766750063.jpg,,Si,Saludable ,,Saludable,,Vivero privado,Alineación,No,Natural,
4f1f74b3-9d2d-49b6-adcf-2c4d63ba0b08,c68bfe3a-e21c-482d-90fd-31b394f3718a,2025-12-26T11:53:59.000Z,2025-12-26T12:02:57.000Z,c68bfe3a-e21c-482d-90fd-31b394f3718a,-31.718319,-60.505833,3,6488080,736338,20J,Reconocida,Timbó,36,180,https://five.epicollect.net/api/media/plan-de-arbolado-parana-2024-2028?type=photo&format=entry_original&name=c68bfe3a-e21c-482d-90fd-31b394f3718a_1766750028.jpg,,Si,Saludable ,,Saludable,,Vivero privado,Alineación,No,Natural,
4f1f74b3-9d2d-49b6-adcf-2c4d63ba0b08,d7d951f4-a622-4a78-b38b-074a5e8ed965,2025-12-26T11:53:01.000Z,2025-12-26T12:02:56.000Z,d7d951f4-a622-4a78-b38b-074a5e8ed965,-31.718393,-60.50581,4,6488072,736340,20J,Reconocida,Ceibo,36,180,https://five.epicollect.net/api/media/plan-de-arbolado-parana-2024-2028?type=photo&format=entry_original&name=d7d951f4-a622-4a78-b38b-074a5e8ed965_1766749968.jpg,,Si,Saludable ,,Saludable,,Vivero privado,Alineación,No,Natural,
4f1f74b3-9d2d-49b6-adcf-2c4d63ba0b08,160c92f4-33f3-445e-836c-b582add686a3,2025-12-26T11:52:23.000Z,2025-12-26T12:02:53.000Z,160c92f4-33f3-445e-836c-b582add686a3,-31.718392,-60.505858,5,6488072,736335,20J,Reconocida,Timbó,27,180,https://five.epicollect.net/api/media/plan-de-arbolado-parana-2024-2028?type=photo&format=entry_original&name=160c92f4-33f3-445e-836c-b582add686a3_1766749915.jpg,,Si,Saludable ,,Saludable,,Vivero privado,Alineación,No,Natural,
4f1f74b3-9d2d-49b6-adcf-2c4d63ba0b08,f8ac5683-9791-4b6a-b859-c9654440cd17,2025-12-26T11:50:14.000Z,2025-12-26T12:02:51.000Z,f8ac5683-9791-4b6a-b859-c9654440cd17,-31.718418,-60.505885,6,6488069,736333,20J,Reconocida,Lapacho,36,180,https://five.epicollect.net/api/media/plan-de-arbolado-parana-2024-2028?type=photo&format=entry_original&name=f8ac5683-9791-4b6a-b859-c9654440cd17_1766749794.jpg,,Si,Saludable ,,Saludable,,Vivero privado,Alineación,No,Natural,
4f1f74b3-9d2d-49b6-adcf-2c4d63ba0b08,c6c377e7-19e8-4005-8d39-13002a470021,2025-12-26T11:48:33.000Z,2025-12-26T12:02:50.000Z,c6c377e7-19e8-4005-8d39-13002a470021,-31.718511,-60.50593,3,6488059,736328,20J,Reconocida,Ceibo,18,1,https://five.epicollect.net/api/media/plan-de-arbolado-parana-2024-2028?type=photo&format=entry_original&name=c6c377e7-19e8-4005-8d39-13002a470021_1766749699.jpg,,Si,Saludable ,,Saludable,,Vivero privado,Alineación,No,Natural,
4f1f74b3-9d2d-49b6-adcf-2c4d63ba0b08,49cc8bd9-8702-4c7b-a14c-fef04756e556,2025-12-26T11:47:27.000Z,2025-12-26T12:02:48.000Z,49cc8bd9-8702-4c7b-a14c-fef04756e556,-31.718557,-60.505959,3,6488054,736325,20J,Reconocida,Timbó,24,180,https://five.epicollect.net/api/media/plan-de-arbolado-parana-2024-2028?type=photo&format=entry_original&name=49cc8bd9-8702-4c7b-a14c-fef04756e556_1766749621.jpg,,Si,Saludable ,,Saludable,,Vivero privado,Alineación,No,Natural,
4f1f74b3-9d2d-49b6-adcf-2c4d63ba0b08,d3cff501-a4a1-4519-81df-a3530df08060,2025-12-26T11:46:06.000Z,2025-12-26T12:02:46.000Z,d3cff501-a4a1-4519-81df-a3530df08060,-31.718622,-60.506008,3,6488047,736321,20J,Reconocida,Lapacho,18,120,https://five.epicollect.net/api/media/plan-de-arbolado-parana-2024-2028?type=photo&format=entry_original&name=d3cff501-a4a1-4519-81df-a3530df08060_1766749543.jpg,,Si,Saludable ,,Saludable,,Vivero privado,Alineación,No,Natural,
4f1f74b3-9d2d-49b6-adcf-2c4d63ba0b08,c427cfed-1da3-4fbc-ab19-4889a9194013,2025-12-26T11:44:51.000Z,2025-12-26T12:02:45.000Z,c427cfed-1da3-4fbc-ab19-4889a9194013,-31.718663,-60.506048,4,6488042,736317,20J,Reconocida,Ibirapitá,18,50,https://five.epicollect.net/api/media/plan-de-arbolado-parana-2024-2028?type=photo&format=entry_original&name=c427cfed-1da3-4fbc-ab19-4889a9194013_1766749462.jpg,,Si,Saludable ,,Saludable,,Vivero privado,Alineación,No,Natural,
4f1f74b3-9d2d-49b6-adcf-2c4d63ba0b08,74c8f93c-7230-4c5e-9d4e-0f9056116feb,2025-12-26T11:42:13.000Z,2025-12-26T12:02:43.000Z,74c8f93c-7230-4c5e-9d4e-0f9056116feb,-31.718698,-60.50607,5,6488038,736314,20J,Reconocida,Timbó,24,160,https://five.epicollect.net/api/media/plan-de-arbolado-parana-2024-2028?type=photo&format=entry_original&name=74c8f93c-7230-4c5e-9d4e-0f9056116feb_1766749315.jpg,,Si,Saludable ,,Saludable,,Vivero privado,Alineación,No,Natural,
4f1f74b3-9d2d-49b6-adcf-2c4d63ba0b08,ec0acc68-5fc2-46cf-8b84-9f63f9767dd0,2025-12-26T11:41:08.000Z,2025-12-26T12:02:41.000Z,ec0acc68-5fc2-46cf-8b84-9f63f9767dd0,-31.718778,-60.506113,3,6488030,736310,20J,Reconocida,Timbó,20,120,https://five.epicollect.net/api/media/plan-de-arbolado-parana-2024-2028?type=photo&format=entry_original&name=ec0acc68-5fc2-46cf-8b84-9f63f9767dd0_1766749245.jpg,,Si,Saludable ,,Saludable,,Vivero privado,Alineación,No,Natural,
4f1f74b3-9d2d-49b6-adcf-2c4d63ba0b08,1dd5bf52-1c65-41e1-a778-80185b001e24,2025-12-26T11:39:55.000Z,2025-12-26T12:02:39.000Z,1dd5bf52-1c65-41e1-a778-80185b001e24,-31.718838,-60.506113,3,6488023,736310,20J,Reconocida,Ibirapitá,24,80,https://five.epicollect.net/api/media/plan-de-arbolado-parana-2024-2028?type=photo&format=entry_original&name=1dd5bf52-1c65-41e1-a778-80185b001e24_1766749164.jpg,,Si,Saludable ,,Saludable,,Vivero privado,Alineación,No,Natural,
4f1f74b3-9d2d-49b6-adcf-2c4d63ba0b08,f558cad2-27e0-411f-bdc2-5f1aaa093116,2025-12-26T11:38:41.000Z,2025-12-26T12:02:37.000Z,f558cad2-27e0-411f-bdc2-5f1aaa093116,-31.718899,-60.506194,4,6488016,736302,20J,Reconocida,Lapacho,24,80,https://five.epicollect.net/api/media/plan-de-arbolado-parana-2024-2028?type=photo&format=entry_original&name=f558cad2-27e0-411f-bdc2-5f1aaa093116_1766749105.jpg,,Si,Saludable ,,Saludable,,Vivero privado,Alineación,No,Natural,
4f1f74b3-9d2d-49b6-adcf-2c4d63ba0b08,b3e94118-74d5-49e4-a328-edd96f6e04e2,2025-12-26T11:35:47.000Z,2025-12-26T12:02:36.000Z,b3e94118-74d5-49e4-a328-edd96f6e04e2,-31.718989,-60.506217,4,6488006,736300,20J,Reconocida,Timbó,24,150,https://five.epicollect.net/api/media/plan-de-arbolado-parana-2024-2028?type=photo&format=entry_original&name=b3e94118-74d5-49e4-a328-edd96f6e04e2_1766748921.jpg,,Si,Saludable ,,Saludable,,Vivero privado,Alineación,No,Natural,
4f1f74b3-9d2d-49b6-adcf-2c4d63ba0b08,251c6aab-3486-4a03-ab0e-de35deb3475b,2025-12-26T11:34:36.000Z,2025-12-26T12:02:34.000Z,251c6aab-3486-4a03-ab0e-de35deb3475b,-31.719029,-60.506232,4,6488002,736298,20J,Reconocida,Ibirapitá,24,80,https://five.epicollect.net/api/media/plan-de-arbolado-parana-2024-2028?type=photo&format=entry_original&name=251c6aab-3486-4a03-ab0e-de35deb3475b_1766748860.jpg,,Si,Saludable ,,Saludable,,Vivero privado,Alineación,No,Natural,
4f1f74b3-9d2d-49b6-adcf-2c4d63ba0b08,a91c08d4-0aba-4975-b54e-9d0df759f77c,2025-12-26T11:33:36.000Z,2025-12-26T12:02:32.000Z,a91c08d4-0aba-4975-b54e-9d0df759f77c,-31.719074,-60.506258,4,6487997,736296,20J,Reconocida,Lapacho,20,100,https://five.epicollect.net/api/media/plan-de-arbolado-parana-2024-2028?type=photo&format=entry_original&name=a91c08d4-0aba-4975-b54e-9d0df759f77c_1766748797.jpg,,Si,Saludable ,,Saludable,,Vivero privado,Alineación,No,Natural,
4f1f74b3-9d2d-49b6-adcf-2c4d63ba0b08,6cec7c65-ce0d-4e17-9a4d-804f50f37473,2025-12-26T11:32:27.000Z,2025-12-26T12:02:31.000Z,6cec7c65-ce0d-4e17-9a4d-804f50f37473,-31.719112,-60.506242,4,6487993,736297,20J,Reconocida,Ceibo,24,50,https://five.epicollect.net/api/media/plan-de-arbolado-parana-2024-2028?type=photo&format=entry_original&name=6cec7c65-ce0d-4e17-9a4d-804f50f37473_1766748727.jpg,,Si,Saludable ,,Saludable,,Vivero privado,Alineación,No,Natural,
4f1f74b3-9d2d-49b6-adcf-2c4d63ba0b08,a7e41c2a-6ba4-46e1-85a8-f11d17379df6,2025-12-26T11:30:12.000Z,2025-12-26T12:02:29.000Z,a7e41c2a-6ba4-46e1-85a8-f11d17379df6,-31.719162,-60.506254,4,6487987,736296,20J,Reconocida,Timbó,24,150,https://five.epicollect.net/api/media/plan-de-arbolado-parana-2024-2028?type=photo&format=entry_original&name=a7e41c2a-6ba4-46e1-85a8-f11d17379df6_1766748558.jpg,,No,Saludable ,,Saludable,,Vivero privado,Alineación,No,Natural,
4f1f74b3-9d2d-49b6-adcf-2c4d63ba0b08,bf0c896a-f581-436f-aea6-f5a5816d0820,2025-12-26T11:27:58.000Z,2025-12-26T12:02:27.000Z,bf0c896a-f581-436f-aea6-f5a5816d0820,-31.719208,-60.506244,4,6487982,736297,20J,Reconocida,Ibirapitá,14,60,https://five.epicollect.net/api/media/plan-de-arbolado-parana-2024-2028?type=photo&format=entry_original&name=bf0c896a-f581-436f-aea6-f5a5816d0820_1766748403.jpg,,Si,Saludable ,Follaje parcialmente atacado por hormigas.,Saludable,,Vivero privado,Alineación,No,Natural,
4f1f74b3-9d2d-49b6-adcf-2c4d63ba0b08,16e5dcbb-85ee-4374-af1c-9cece249ee45,2025-12-26T11:25:00.000Z,2025-12-26T12:02:25.000Z,16e5dcbb-85ee-4374-af1c-9cece249ee45,-31.719288,-60.506237,4,6487973,736297,20J,Reconocida,Lapacho,12,50,https://five.epicollect.net/api/media/plan-de-arbolado-parana-2024-2028?type=photo&format=entry_original&name=16e5dcbb-85ee-4374-af1c-9cece249ee45_1766748274.jpg,,No,Saludable ,,Saludable,,Vivero privado,Alineación,No,Natural,
d45ccfce-32f0-41f9-9479-34bb2c53dc91,65cb9edf-b6ef-4013-bbb8-11c0dc95ff29,2025-12-24T14:27:56.000Z,2025-12-24T14:28:49.000Z,65cb9edf-b6ef-4013-bbb8-11c0dc95ff29,-31.719572,-60.506269,3,6487942,736293,20J,Reconocida,Lapacho,24,150,https://five.epicollect.net/api/media/plan-de-arbolado-parana-2024-2028?type=photo&format=entry_original&name=65cb9edf-b6ef-4013-bbb8-11c0dc95ff29_1766586465.jpg,,Si,Saludable ,,Saludable,,Vivero privado,Alineación,No,Natural,
d45ccfce-32f0-41f9-9479-34bb2c53dc91,eac23689-edc2-460d-90e5-6a96b2e15921,2025-12-24T14:26:48.000Z,2025-12-24T14:28:47.000Z,eac23689-edc2-460d-90e5-6a96b2e15921,-31.719604,-60.506284,4,6487938,736292,20J,Reconocida,Ceibo,18,40,https://five.epicollect.net/api/media/plan-de-arbolado-parana-2024-2028?type=photo&format=entry_original&name=eac23689-edc2-460d-90e5-6a96b2e15921_1766586396.jpg,,Si,Saludable ,,Saludable,,Vivero privado,Alineación,No,Natural,
d45ccfce-32f0-41f9-9479-34bb2c53dc91,59a4fe3b-b50d-4e54-be01-0f4d1d0754bc,2025-12-24T14:25:59.000Z,2025-12-24T14:28:46.000Z,59a4fe3b-b50d-4e54-be01-0f4d1d0754bc,-31.719663,-60.506277,4,6487932,736292,20J,Reconocida,Timbó,24,200,https://five.epicollect.net/api/media/plan-de-arbolado-parana-2024-2028?type=photo&format=entry_original&name=59a4fe3b-b50d-4e54-be01-0f4d1d0754bc_1766586343.jpg,,Si,Saludable ,,Saludable,,Vivero privado,Alineación,No,Natural,
d45ccfce-32f0-41f9-9479-34bb2c53dc91,d1780f84-a002-4342-802a-73968d64d428,2025-12-24T14:24:57.000Z,2025-12-24T14:28:44.000Z,d1780f84-a002-4342-802a-73968d64d428,-31.7197,-60.506285,4,6487928,736292,20J,Reconocida,Ibirapitá,24,80,https://five.epicollect.net/api/media/plan-de-arbolado-parana-2024-2028?type=photo&format=entry_original&name=d1780f84-a002-4342-802a-73968d64d428_1766586282.jpg,,Si,Saludable ,,Saludable,,Vivero privado,Alineación,No,Natural,
d45ccfce-32f0-41f9-9479-34bb2c53dc91,c107e8b8-41cc-4fe4-8c68-7dedd80b3775,2025-12-24T14:23:58.000Z,2025-12-24T14:28:42.000Z,c107e8b8-41cc-4fe4-8c68-7dedd80b3775,-31.719751,-60.506289,4,6487922,736291,20J,Reconocida,Lapacho,24,140,https://five.epicollect.net/api/media/plan-de-arbolado-parana-2024-2028?type=photo&format=entry_original&name=c107e8b8-41cc-4fe4-8c68-7dedd80b3775_1766586228.jpg,,Si,Saludable ,,Saludable,,Vivero privado,Alineación,No,Natural,
d45ccfce-32f0-41f9-9479-34bb2c53dc91,1a73cf83-4476-4ab9-9a6e-68ca8104e3ef,2025-12-24T14:23:13.000Z,2025-12-24T14:28:40.000Z,1a73cf83-4476-4ab9-9a6e-68ca8104e3ef,-31.719794,-60.506293,4,6487917,736291,20J,Reconocida,Ceibo,24,60,https://five.epicollect.net/api/media/plan-de-arbolado-parana-2024-2028?type=photo&format=entry_original&name=1a73cf83-4476-4ab9-9a6e-68ca8104e3ef_1766586180.jpg,,Si,Saludable ,,Saludable,,Vivero privado,Alineación,No,Natural,
d45ccfce-32f0-41f9-9479-34bb2c53dc91,c7d083dd-eb23-4c77-97f2-b4c81e60c8b0,2025-12-24T14:22:17.000Z,2025-12-24T14:28:39.000Z,c7d083dd-eb23-4c77-97f2-b4c81e60c8b0,-31.719838,-60.506305,4,6487912,736289,20J,Reconocida,Timbó,24,160,https://five.epicollect.net/api/media/plan-de-arbolado-parana-2024-2028?type=photo&format=entry_original&name=c7d083dd-eb23-4c77-97f2-b4c81e60c8b0_1766586127.jpg,,Si,Saludable ,,Saludable,,Vivero privado,Alineación,No,Natural,
d45ccfce-32f0-41f9-9479-34bb2c53dc91,e7718774-0be5-4f60-99fe-06e51c27b662,2025-12-24T14:21:26.000Z,2025-12-24T14:28:37.000Z,e7718774-0be5-4f60-99fe-06e51c27b662,-31.719894,-60.506299,4,6487906,736290,20J,Reconocida,Ibirapitá,24,168,https://five.epicollect.net/api/media/plan-de-arbolado-parana-2024-2028?type=photo&format=entry_original&name=e7718774-0be5-4f60-99fe-06e51c27b662_1766586068.jpg,,Si,Saludable ,,Saludable,,Vivero privado,Alineación,No,Natural,
d45ccfce-32f0-41f9-9479-34bb2c53dc91,cd0979bb-2f5e-4f49-b5d5-45e3c80a243e,2025-12-24T14:20:13.000Z,2025-12-24T14:28:35.000Z,cd0979bb-2f5e-4f49-b5d5-45e3c80a243e,-31.719929,-60.506317,4,6487902,736288,20J,Reconocida,Lapacho,24,160,https://five.epicollect.net/api/media/plan-de-arbolado-parana-2024-2028?type=photo&format=entry_original&name=cd0979bb-2f5e-4f49-b5d5-45e3c80a243e_1766586000.jpg,,Si,Saludable ,,Saludable,,Vivero privado,Alineación,No,Natural,
d45ccfce-32f0-41f9-9479-34bb2c53dc91,0ee31c1e-f04f-4de6-a55d-c8569cc64624,2025-12-24T14:19:13.000Z,2025-12-24T14:28:34.000Z,0ee31c1e-f04f-4de6-a55d-c8569cc64624,-31.719991,-60.506328,4,6487895,736287,20J,Reconocida,Ceibo,14,50,https://five.epicollect.net/api/media/plan-de-arbolado-parana-2024-2028?type=photo&format=entry_original&name=0ee31c1e-f04f-4de6-a55d-c8569cc64624_1766585938.jpg,,Si,Saludable ,,Saludable,,Vivero privado,Alineación,No,Natural,
d45ccfce-32f0-41f9-9479-34bb2c53dc91,6bd1b8e9-6c53-4819-984d-78eb32bb5eae,2025-12-24T14:18:09.000Z,2025-12-24T14:28:32.000Z,6bd1b8e9-6c53-4819-984d-78eb32bb5eae,-31.720003,-60.506324,4,6487894,736287,20J,Reconocida,Timbó,24,200,https://five.epicollect.net/api/media/plan-de-arbolado-parana-2024-2028?type=photo&format=entry_original&name=6bd1b8e9-6c53-4819-984d-78eb32bb5eae_1766585871.jpg,,Si,Saludable ,,Saludable,,Vivero privado,Alineación,No,Natural,
d45ccfce-32f0-41f9-9479-34bb2c53dc91,681408c6-f5c8-4eaf-ac8b-43d33a8c6c1d,2025-12-24T14:17:04.000Z,2025-12-24T14:28:30.000Z,681408c6-f5c8-4eaf-ac8b-43d33a8c6c1d,-31.720049,-60.506351,3,6487889,736284,20J,Reconocida,Ibirapitá,20,100,https://five.epicollect.net/api/media/plan-de-arbolado-parana-2024-2028?type=photo&format=entry_original&name=681408c6-f5c8-4eaf-ac8b-43d33a8c6c1d_1766585810.jpg,,Si,Saludable ,,Saludable,,Vivero privado,Alineación,No,Natural,
d45ccfce-32f0-41f9-9479-34bb2c53dc91,ad7526d5-12d5-4d82-8504-9e9ddbf0d646,2025-12-24T14:15:55.000Z,2025-12-24T14:28:29.000Z,ad7526d5-12d5-4d82-8504-9e9ddbf0d646,-31.720094,-60.506374,4,6487884,736282,20J,Reconocida,Lapacho amarillo,20,150,https://five.epicollect.net/api/media/plan-de-arbolado-parana-2024-2028?type=photo&format=entry_original&name=ad7526d5-12d5-4d82-8504-9e9ddbf0d646_1766585741.jpg,,Si,Saludable ,,Saludable,,Vivero privado,Alineación,No,Natural,
d45ccfce-32f0-41f9-9479-34bb2c53dc91,f0e62034-31ee-46aa-81e0-e7dda7e29075,2025-12-24T14:14:47.000Z,2025-12-24T14:28:27.000Z,f0e62034-31ee-46aa-81e0-e7dda7e29075,-31.720137,-60.506391,4,6487879,736280,20J,Reconocida,Ceibo,16,40,https://five.epicollect.net/api/media/plan-de-arbolado-parana-2024-2028?type=photo&format=entry_original&name=f0e62034-31ee-46aa-81e0-e7dda7e29075_1766585672.jpg,,Si,Saludable ,,Saludable,,Vivero privado,Alineación,No,Natural,
d45ccfce-32f0-41f9-9479-34bb2c53dc91,fed93f79-e294-4481-971c-f898059c05c2,2025-12-24T14:13:32.000Z,2025-12-24T14:28:26.000Z,fed93f79-e294-4481-971c-f898059c05c2,-31.720174,-60.506402,3,6487875,736279,20J,Reconocida,Timbó,24,170,https://five.epicollect.net/api/media/plan-de-arbolado-parana-2024-2028?type=photo&format=entry_original&name=fed93f79-e294-4481-971c-f898059c05c2_1766585598.jpg,,Si,Saludable ,,Saludable,,Vivero privado,Alineación,No,Natural,
d45ccfce-32f0-41f9-9479-34bb2c53dc91,32da5b22-e8a1-49f7-af7e-3a4217bde13e,2025-12-24T14:12:19.000Z,2025-12-24T14:28:24.000Z,32da5b22-e8a1-49f7-af7e-3a4217bde13e,-31.720228,-60.506406,4,6487869,736279,20J,Reconocida,Ibirapitá,16,40,https://five.epicollect.net/api/media/plan-de-arbolado-parana-2024-2028?type=photo&format=entry_original&name=32da5b22-e8a1-49f7-af7e-3a4217bde13e_1766585523.jpg,,Si,Saludable ,,Saludable,,Vivero privado,Alineación,No,Natural,
d45ccfce-32f0-41f9-9479-34bb2c53dc91,7d4eb9ae-b903-40bf-acc9-8efc89b3e87b,2025-12-24T14:11:10.000Z,2025-12-24T14:28:22.000Z,7d4eb9ae-b903-40bf-acc9-8efc89b3e87b,-31.720268,-60.506433,4,6487865,736276,20J,Reconocida,Lapacho,20,150,https://five.epicollect.net/api/media/plan-de-arbolado-parana-2024-2028?type=photo&format=entry_original&name=7d4eb9ae-b903-40bf-acc9-8efc89b3e87b_1766585455.jpg,,Si,Saludable ,,Saludable,,Vivero privado,Alineación,No,Natural,
d45ccfce-32f0-41f9-9479-34bb2c53dc91,5a297791-77df-411a-b731-505ef13c715e,2025-12-24T14:09:58.000Z,2025-12-24T14:28:21.000Z,5a297791-77df-411a-b731-505ef13c715e,-31.720298,-60.50645,4,6487862,736274,20J,Reconocida,Ceibo,15,50,https://five.epicollect.net/api/media/plan-de-arbolado-parana-2024-2028?type=photo&format=entry_original&name=5a297791-77df-411a-b731-505ef13c715e_1766585382.jpg,,Si,Saludable ,,Saludable,,Vivero privado,Alineación,No,Natural,
d45ccfce-32f0-41f9-9479-34bb2c53dc91,bed3f522-bccb-4c98-942e-f3b1e89d4777,2025-12-24T14:08:47.000Z,2025-12-24T14:28:19.000Z,bed3f522-bccb-4c98-942e-f3b1e89d4777,-31.720355,-60.506459,3,6487855,736273,20J,Reconocida,Timbó,30,200,https://five.epicollect.net/api/media/plan-de-arbolado-parana-2024-2028?type=photo&format=entry_original&name=bed3f522-bccb-4c98-942e-f3b1e89d4777_1766585310.jpg,,Si,Saludable ,,Saludable,,Vivero privado,Alineación,No,Natural,
d45ccfce-32f0-41f9-9479-34bb2c53dc91,f984f4dd-d2dd-4f0f-95ef-f332548548d2,2025-12-24T14:07:16.000Z,2025-12-24T14:28:17.000Z,f984f4dd-d2dd-4f0f-95ef-f332548548d2,-31.720395,-60.506473,4,6487851,736272,20J,Reconocida,Ibirapitá,20,100,https://five.epicollect.net/api/media/plan-de-arbolado-parana-2024-2028?type=photo&format=entry_original&name=f984f4dd-d2dd-4f0f-95ef-f332548548d2_1766585202.jpg,,Si,Saludable ,Falta parcial de follaje,Saludable,,Vivero privado,Alineación,No,Natural,
d45ccfce-32f0-41f9-9479-34bb2c53dc91,52bef474-e43f-429f-a879-48258daa30a7,2025-12-24T14:04:38.000Z,2025-12-24T14:28:15.000Z,52bef474-e43f-429f-a879-48258daa30a7,-31.720426,-60.506493,4,6487848,736270,20J,Reconocida,Lapacho,20,120,https://five.epicollect.net/api/media/plan-de-arbolado-parana-2024-2028?type=photo&format=entry_original&name=52bef474-e43f-429f-a879-48258daa30a7_1766585058.jpg,,Si,Saludable ,,Saludable,,Vivero privado,Alineación,No,Natural,
d45ccfce-32f0-41f9-9479-34bb2c53dc91,e2cf72d5-fcba-48b9-9c34-1145c96da412,2025-12-24T14:03:22.000Z,2025-12-24T14:28:14.000Z,e2cf72d5-fcba-48b9-9c34-1145c96da412,-31.720477,-60.506529,4,6487842,736266,20J,Reconocida,Ceibo,12,40,https://five.epicollect.net/api/media/plan-de-arbolado-parana-2024-2028?type=photo&format=entry_original&name=e2cf72d5-fcba-48b9-9c34-1145c96da412_1766584982.jpg,,Si,Saludable ,,Saludable,,Vivero privado,Alineación,No,Natural,
3020892e-785d-4e11-8600-9f6de3f1c99b,cbc5fe57-f32b-4614-8a2a-ada204df4c8a,2025-12-24T13:57:50.000Z,2025-12-24T13:58:38.000Z,cbc5fe57-f32b-4614-8a2a-ada204df4c8a,-31.720522,-60.506574,4,6487837,736262,20J,Reconocida,Timbó,24,160,https://five.epicollect.net/api/media/plan-de-arbolado-parana-2024-2028?type=photo&format=entry_original&name=cbc5fe57-f32b-4614-8a2a-ada204df4c8a_1766584643.jpg,,Si,Saludable ,,Saludable,,Vivero privado,Alineación,No,Natural,
3020892e-785d-4e11-8600-9f6de3f1c99b,32dc0308-d55b-4dc7-89ca-b6ee63924f3a,2025-12-24T13:56:19.000Z,2025-12-24T13:58:36.000Z,32dc0308-d55b-4dc7-89ca-b6ee63924f3a,-31.720565,-60.506617,5,6487832,736258,20J,Reconocida,Ibirapitá,20,60,https://five.epicollect.net/api/media/plan-de-arbolado-parana-2024-2028?type=photo&format=entry_original&name=32dc0308-d55b-4dc7-89ca-b6ee63924f3a_1766584562.jpg,,Si,Saludable ,,Saludable,,Vivero privado,Alineación,No,Natural,
3020892e-785d-4e11-8600-9f6de3f1c99b,d9501de9-9851-411b-b8eb-d51aceb6cda0,2025-12-24T13:55:06.000Z,2025-12-24T13:58:34.000Z,d9501de9-9851-411b-b8eb-d51aceb6cda0,-31.72058,-60.506637,5,6487831,736256,20J,Reconocida,Lapacho amarillo,20,150,https://five.epicollect.net/api/media/plan-de-arbolado-parana-2024-2028?type=photo&format=entry_original&name=d9501de9-9851-411b-b8eb-d51aceb6cda0_1766584483.jpg,,Si,Saludable ,,Saludable,,Vivero privado,Alineación,No,Natural,
3020892e-785d-4e11-8600-9f6de3f1c99b,b8863f0b-0054-402e-89c7-5e0fbad23950,2025-12-24T13:53:54.000Z,2025-12-24T13:58:33.000Z,b8863f0b-0054-402e-89c7-5e0fbad23950,-31.720593,-60.506682,3,6487829,736252,20J,Reconocida,Ceibo,15,40,https://five.epicollect.net/api/media/plan-de-arbolado-parana-2024-2028?type=photo&format=entry_original&name=b8863f0b-0054-402e-89c7-5e0fbad23950_1766584404.jpg,,Si,Saludable ,,Saludable,,Vivero privado,Alineación,No,Natural,
3020892e-785d-4e11-8600-9f6de3f1c99b,40e77f22-a031-4c6d-b369-726228fe6035,2025-12-24T13:52:48.000Z,2025-12-24T13:58:31.000Z,40e77f22-a031-4c6d-b369-726228fe6035,-31.720622,-60.506708,3,6487826,736249,20J,Reconocida,Timbó,24,160,https://five.epicollect.net/api/media/plan-de-arbolado-parana-2024-2028?type=photo&format=entry_original&name=40e77f22-a031-4c6d-b369-726228fe6035_1766584353.jpg,,Si,Saludable ,,Saludable,,Vivero privado,Alineación,No,Natural,
8e812d5c-b23e-4fea-8004-01668328b3ba,46dc3cb6-c094-42cb-9ce2-2742c2a23ba4,2025-12-24T13:47:25.000Z,2025-12-24T13:48:02.000Z,46dc3cb6-c094-42cb-9ce2-2742c2a23ba4,-31.720664,-60.506753,4,6487822,736245,20J,Reconocida,Ibirapitá,16,80,https://five.epicollect.net/api/media/plan-de-arbolado-parana-2024-2028?type=photo&format=entry_original&name=46dc3cb6-c094-42cb-9ce2-2742c2a23ba4_1766584021.jpg,,Si,Saludable ,,Saludable,,Vivero privado,Alineación,No,Natural,
8e812d5c-b23e-4fea-8004-01668328b3ba,31c001a2-1986-4305-be12-b5115841d5c6,2025-12-24T13:45:23.000Z,2025-12-24T13:48:00.000Z,31c001a2-1986-4305-be12-b5115841d5c6,-31.720718,-60.506844,4,6487816,736236,20J,Reconocida,Lapacho,20,130,https://five.epicollect.net/api/media/plan-de-arbolado-parana-2024-2028?type=photo&format=entry_original&name=31c001a2-1986-4305-be12-b5115841d5c6_1766583896.jpg,,Si,Saludable ,,Saludable,,Vivero privado,Alineación,No,Natural,
8e812d5c-b23e-4fea-8004-01668328b3ba,fea6fd61-d185-4001-9f94-b3f61e97fba3,2025-12-24T13:44:19.000Z,2025-12-24T13:47:58.000Z,fea6fd61-d185-4001-9f94-b3f61e97fba3,-31.720775,-60.506887,4,6487810,736232,20J,Reconocida,Ceibo,14,60,https://five.epicollect.net/api/media/plan-de-arbolado-parana-2024-2028?type=photo&format=entry_original&name=fea6fd61-d185-4001-9f94-b3f61e97fba3_1766583842.jpg,,Si,Saludable ,,Saludable,,Vivero privado,Alineación,No,Natural,
8e812d5c-b23e-4fea-8004-01668328b3ba,b2306219-6d0c-4ddc-85ea-d94dc3d7a0ef,2025-12-24T13:43:13.000Z,2025-12-24T13:47:56.000Z,b2306219-6d0c-4ddc-85ea-d94dc3d7a0ef,-31.720799,-60.506897,5,6487807,736231,20J,Reconocida,Timbó,24,160,https://five.epicollect.net/api/media/plan-de-arbolado-parana-2024-2028?type=photo&format=entry_original&name=b2306219-6d0c-4ddc-85ea-d94dc3d7a0ef_1766583775.jpg,,Si,Saludable ,,Saludable,,Vivero privado,Alineación,No,Natural,
8e812d5c-b23e-4fea-8004-01668328b3ba,693c19cf-661c-4cfc-9de6-0adc4bd69f6a,2025-12-24T13:41:48.000Z,2025-12-24T13:47:55.000Z,693c19cf-661c-4cfc-9de6-0adc4bd69f6a,-31.720951,-60.507079,4,6487791,736213,20J,Reconocida,Lapacho amarillo,18,130,https://five.epicollect.net/api/media/plan-de-arbolado-parana-2024-2028?type=photo&format=entry_original&name=693c19cf-661c-4cfc-9de6-0adc4bd69f6a_1766583694.jpg,,Si,Saludable ,,Saludable,,Vivero privado,Alineación,No,Natural,
8e812d5c-b23e-4fea-8004-01668328b3ba,3ab8d54f-e743-40d3-b3fb-108c03e79e74,2025-12-24T13:40:44.000Z,2025-12-24T13:47:53.000Z,3ab8d54f-e743-40d3-b3fb-108c03e79e74,-31.720961,-60.507145,4,6487790,736207,20J,Reconocida,Ceibo,16,40,https://five.epicollect.net/api/media/plan-de-arbolado-parana-2024-2028?type=photo&format=entry_original&name=3ab8d54f-e743-40d3-b3fb-108c03e79e74_1766583573.jpg,,Si,Saludable ,Arbol que ha sido quebrado y esta brotando desde el tallo.,Saludable,,Vivero privado,Alineación,No,Natural,
8e812d5c-b23e-4fea-8004-01668328b3ba,5013fc70-b9f1-45ff-acb6-284f900ba5a7,2025-12-24T13:38:16.000Z,2025-12-24T13:47:51.000Z,5013fc70-b9f1-45ff-acb6-284f900ba5a7,-31.721011,-60.507169,3,6487784,736204,20J,Reconocida,Timbó,24,160,https://five.epicollect.net/api/media/plan-de-arbolado-parana-2024-2028?type=photo&format=entry_original&name=5013fc70-b9f1-45ff-acb6-284f900ba5a7_1766583475.jpg,,Si,Saludable ,,Saludable,,Vivero privado,Alineación,No,Natural,
8e812d5c-b23e-4fea-8004-01668328b3ba,de89e750-2cca-43e2-8958-aed50f3faed1,2025-12-24T13:36:58.000Z,2025-12-24T13:47:50.000Z,de89e750-2cca-43e2-8958-aed50f3faed1,-31.721042,-60.50718,4,6487781,736203,20J,Reconocida,Ibirapitá,16,40,https://five.epicollect.net/api/media/plan-de-arbolado-parana-2024-2028?type=photo&format=entry_original&name=de89e750-2cca-43e2-8958-aed50f3faed1_1766583400.jpg,,Si,Saludable ,,Saludable,,Vivero privado,Alineación,No,Natural,
8e812d5c-b23e-4fea-8004-01668328b3ba,6b6b0680-fe78-4db7-86c5-b8881b960e52,2025-12-24T13:34:47.000Z,2025-12-24T13:47:48.000Z,6b6b0680-fe78-4db7-86c5-b8881b960e52,-31.721027,-60.507202,4,6487783,736201,20J,Reconocida,Lapacho,12,40,https://five.epicollect.net/api/media/plan-de-arbolado-parana-2024-2028?type=photo&format=entry_original&name=6b6b0680-fe78-4db7-86c5-b8881b960e52_1766583224.jpg,,Si,No saludable,"Hojas amarillentas, quebrado y con un hormiguero en la base",No saludable,,Vivero privado,Alineación,No,Natural,
8e812d5c-b23e-4fea-8004-01668328b3ba,822c9835-834c-4944-8500-0bb6ccbe724f,2025-12-24T13:32:47.000Z,2025-12-24T13:47:46.000Z,822c9835-834c-4944-8500-0bb6ccbe724f,-31.721092,-60.507253,4,6487775,736196,20J,Reconocida,Ceibo,10,30,https://five.epicollect.net/api/media/plan-de-arbolado-parana-2024-2028?type=photo&format=entry_original&name=822c9835-834c-4944-8500-0bb6ccbe724f_1766583144.jpg,,No,Saludable ,,Saludable,,Vivero privado,Alineación,No,Natural,
8e812d5c-b23e-4fea-8004-01668328b3ba,145a190a-8982-4141-b0f9-d351c4c0a3b7,2025-12-24T13:31:53.000Z,2025-12-24T13:47:45.000Z,145a190a-8982-4141-b0f9-d351c4c0a3b7,-31.721129,-60.507321,4,6487771,736190,20J,Reconocida,Timbó,24,150,https://five.epicollect.net/api/media/plan-de-arbolado-parana-2024-2028?type=photo&format=entry_original&name=145a190a-8982-4141-b0f9-d351c4c0a3b7_1766583089.jpg,,Si,Saludable ,,Saludable,,Vivero privado,Alineación,No,Natural,
8e812d5c-b23e-4fea-8004-01668328b3ba,2f5e7167-59b9-46e2-b69b-4cac5d527c79,2025-12-24T13:30:28.000Z,2025-12-24T13:47:43.000Z,2f5e7167-59b9-46e2-b69b-4cac5d527c79,-31.721157,-60.507351,4,6487768,736187,20J,Reconocida,Lapacho,18,100,https://five.epicollect.net/api/media/plan-de-arbolado-parana-2024-2028?type=photo&format=entry_original&name=2f5e7167-59b9-46e2-b69b-4cac5d527c79_1766583008.jpg,,Si,Saludable ,,Saludable,,Vivero privado,Alineación,No,Natural,
8e812d5c-b23e-4fea-8004-01668328b3ba,17cb7edf-8cb1-4ea9-bac9-3367902bbe53,2025-12-24T13:29:31.000Z,2025-12-24T13:47:41.000Z,17cb7edf-8cb1-4ea9-bac9-3367902bbe53,-31.721199,-60.507384,4,6487764,736184,20J,Reconocida,Ibirapitá,12,50,https://five.epicollect.net/api/media/plan-de-arbolado-parana-2024-2028?type=photo&format=entry_original&name=17cb7edf-8cb1-4ea9-bac9-3367902bbe53_1766582948.jpg,,Si,Saludable ,,Saludable,,Vivero privado,Alineación,No,Natural,
50d7e0ee-e6f8-4191-ba6b-9a61e8412c06,901b36d6-ca1b-4a46-964e-2952071f51d1,2025-12-22T15:36:50.000Z,2025-12-22T15:37:07.000Z,901b36d6-ca1b-4a46-964e-2952071f51d1,-31.745084,-60.537856,4,6485181,733236,20J,Reconocida,No identificada,12,80,https://five.epicollect.net/api/media/plan-de-arbolado-parana-2024-2028?type=photo&format=entry_original&name=901b36d6-ca1b-4a46-964e-2952071f51d1_1766417789.jpg,,Si,Saludable ,,Saludable,,Vivero municipal,Alineación,No,Natural,
50d7e0ee-e6f8-4191-ba6b-9a61e8412c06,98372290-6e65-46b5-9a3d-0e4d947d282c,2025-12-22T15:35:57.000Z,2025-12-22T15:37:05.000Z,98372290-6e65-46b5-9a3d-0e4d947d282c,-31.744968,-60.537833,4,6485194,733238,20J,Reconocida,No identificada,12,60,https://five.epicollect.net/api/media/plan-de-arbolado-parana-2024-2028?type=photo&format=entry_original&name=98372290-6e65-46b5-9a3d-0e4d947d282c_1766417734.jpg,,Si,Saludable ,,Saludable,,Vivero municipal,Parques y/o plazas,No,Natural,
50d7e0ee-e6f8-4191-ba6b-9a61e8412c06,559da5b8-8bf5-413e-b15b-dcbc2177d8f2,2025-12-22T15:35:13.000Z,2025-12-22T15:37:03.000Z,559da5b8-8bf5-413e-b15b-dcbc2177d8f2,-31.74486,-60.537825,4,6485206,733239,20J,Reconocida,No identificada,12,70,https://five.epicollect.net/api/media/plan-de-arbolado-parana-2024-2028?type=photo&format=entry_original&name=559da5b8-8bf5-413e-b15b-dcbc2177d8f2_1766417665.jpg,,Si,Saludable ,,Saludable,,Vivero municipal,Alineación,No,Natural,
50d7e0ee-e6f8-4191-ba6b-9a61e8412c06,1b745279-9a8c-4bd3-b4a0-d74acc2af7ce,2025-12-22T15:33:58.000Z,2025-12-22T15:37:01.000Z,1b745279-9a8c-4bd3-b4a0-d74acc2af7ce,-31.744775,-60.537824,4,6485215,733239,20J,Reconocida,No identificada,12,70,https://five.epicollect.net/api/media/plan-de-arbolado-parana-2024-2028?type=photo&format=entry_original&name=1b745279-9a8c-4bd3-b4a0-d74acc2af7ce_1766417611.jpg,,Si,Saludable ,,Saludable,,Vivero municipal,Alineación,No,Natural,
a22b2958-d4fa-4fe7-b742-9b03033891db,cc4ae5af-df76-4aeb-b317-8f8a41c84dee,2025-12-22T15:28:13.000Z,2025-12-22T15:28:41.000Z,cc4ae5af-df76-4aeb-b317-8f8a41c84dee,-31.745015,-60.53785,4,6485189,733236,20J,Reconocida,Cebillo,12,80,https://five.epicollect.net/api/media/plan-de-arbolado-parana-2024-2028?type=photo&format=entry_original&name=cc4ae5af-df76-4aeb-b317-8f8a41c84dee_1766417279.jpg,,Si,Saludable ,,Saludable,,Vivero municipal,Alineación,No,Natural,
a22b2958-d4fa-4fe7-b742-9b03033891db,d8eaba4a-ffc4-4b04-98a6-f28e1d3bfe22,2025-12-22T15:27:23.000Z,2025-12-22T15:28:39.000Z,d8eaba4a-ffc4-4b04-98a6-f28e1d3bfe22,-31.744944,-60.537831,4,6485197,733238,20J,Reconocida,Cebillo,12,80,https://five.epicollect.net/api/media/plan-de-arbolado-parana-2024-2028?type=photo&format=entry_original&name=d8eaba4a-ffc4-4b04-98a6-f28e1d3bfe22_1766417229.jpg,,Si,Saludable ,,Saludable,,Vivero municipal,Alineación,No,Natural,
a22b2958-d4fa-4fe7-b742-9b03033891db,64e7e0f8-bcb4-4332-931b-1fdf6da96b73,2025-12-22T15:25:24.000Z,2025-12-22T15:28:38.000Z,64e7e0f8-bcb4-4332-931b-1fdf6da96b73,-31.744796,-60.537802,4,6485213,733241,20J,Reconocida,Cebillo,12,80,https://five.epicollect.net/api/media/plan-de-arbolado-parana-2024-2028?type=photo&format=entry_original&name=64e7e0f8-bcb4-4332-931b-1fdf6da96b73_1766417102.jpg,,Si,Saludable ,,Saludable,,Vivero municipal,Alineación,No,Natural,
d673787d-ded7-4946-95be-b1b441236ef4,98bdc7d4-132b-4119-92fc-4f9ee03793f1,2025-12-18T13:19:13.000Z,2025-12-18T14:33:17.000Z,98bdc7d4-132b-4119-92fc-4f9ee03793f1,,,,,,,Reconocida,Cebillo,36,3,https://five.epicollect.net/api/media/plan-de-arbolado-parana-2024-2028?type=photo&format=entry_original&name=98bdc7d4-132b-4119-92fc-4f9ee03793f1_1766063925.jpg,,Si,Saludable ,Con presencia de pulgones,Saludable,,Vivero municipal,Alineación,No,Natural,
d673787d-ded7-4946-95be-b1b441236ef4,f52fcb76-3956-4e45-810a-1b446fb693ff,2025-12-18T13:18:17.000Z,2025-12-18T14:33:17.000Z,f52fcb76-3956-4e45-810a-1b446fb693ff,-31.744929,-60.537849,3,6485198,733237,20J,Reconocida,Cebillo,36,3,https://five.epicollect.net/api/media/plan-de-arbolado-parana-2024-2028?type=photo&format=entry_original&name=f52fcb76-3956-4e45-810a-1b446fb693ff_1766063885.jpg,,Si,Saludable ,,Saludable,,Vivero municipal,Alineación,No,Natural,
e0848bf8-57d4-4cae-b6c6-3e67f08d297d,2673f1d3-7744-4199-aeee-612db2035742,2025-12-18T13:07:48.000Z,2025-12-18T14:33:14.000Z,2673f1d3-7744-4199-aeee-612db2035742,,,,,,,Reconocida,No identificada,36,2,https://five.epicollect.net/api/media/plan-de-arbolado-parana-2024-2028?type=photo&format=entry_original&name=2673f1d3-7744-4199-aeee-612db2035742_1766063199.jpg,Estácomidopor las hormigascon presenciade nuevo brotes,Si,No saludable,,Saludable,,Vivero municipal,Alineación,No,Natural,
e0848bf8-57d4-4cae-b6c6-3e67f08d297d,05222130-5a59-4357-aab0-fa6c8028a380,2025-12-18T13:06:03.000Z,2025-12-18T14:33:13.000Z,05222130-5a59-4357-aab0-fa6c8028a380,-31.746124,-60.538412,3,6485067,733180,20J,Reconocida,Sen del Campo,36,3,https://five.epicollect.net/api/media/plan-de-arbolado-parana-2024-2028?type=photo&format=entry_original&name=05222130-5a59-4357-aab0-fa6c8028a380_1766063151.jpg,,Si,Saludable ,,Saludable,,Vivero municipal,Alineación,No,Natural,
e0848bf8-57d4-4cae-b6c6-3e67f08d297d,1e05f00a-57ad-475b-b808-05dc4d31814d,2025-12-18T13:05:12.000Z,2025-12-18T14:33:12.000Z,1e05f00a-57ad-475b-b808-05dc4d31814d,-31.746076,-60.538498,3,6485072,733172,20J,Reconocida,Sen del Campo,36,3,https://five.epicollect.net/api/media/plan-de-arbolado-parana-2024-2028?type=photo&format=entry_original&name=1e05f00a-57ad-475b-b808-05dc4d31814d_1766063101.jpg,,Si,Saludable ,,Saludable,,Vivero municipal,Alineación,No,Natural,
e0848bf8-57d4-4cae-b6c6-3e67f08d297d,cab14588-fc6e-44d3-8500-7bf67bfcc3c1,2025-12-18T13:04:16.000Z,2025-12-18T14:33:11.000Z,cab14588-fc6e-44d3-8500-7bf67bfcc3c1,-31.746007,-60.538601,3,6485080,733163,20J,Reconocida,Sen del Campo,36,3,https://five.epicollect.net/api/media/plan-de-arbolado-parana-2024-2028?type=photo&format=entry_original&name=cab14588-fc6e-44d3-8500-7bf67bfcc3c1_1766063045.jpg,,Si,Saludable ,,Saludable,,Vivero municipal,Alineación,No,Natural,
e0848bf8-57d4-4cae-b6c6-3e67f08d297d,cd827bda-ec2b-4ec9-b2ac-4eaaf1778d56,2025-12-18T13:02:59.000Z,2025-12-18T14:33:10.000Z,cd827bda-ec2b-4ec9-b2ac-4eaaf1778d56,,,,,,,Reconocida,Sen del Campo,36,3,https://five.epicollect.net/api/media/plan-de-arbolado-parana-2024-2028?type=photo&format=entry_original&name=cd827bda-ec2b-4ec9-b2ac-4eaaf1778d56_1766062970.jpg,,Si,Saludable ,,Saludable,,Vivero municipal,Alineación,No,Natural,
e0848bf8-57d4-4cae-b6c6-3e67f08d297d,dc687ed3-c24e-4134-8da9-0c48301c5ef3,2025-12-18T13:02:18.000Z,2025-12-18T14:33:09.000Z,dc687ed3-c24e-4134-8da9-0c48301c5ef3,-31.745863,-60.538806,3,6485097,733144,20J,Reconocida,Guarán,36,3,https://five.epicollect.net/api/media/plan-de-arbolado-parana-2024-2028?type=photo&format=entry_original&name=dc687ed3-c24e-4134-8da9-0c48301c5ef3_1766062926.jpg,,Si,Saludable ,,Saludable,,Vivero municipal,Alineación,No,Natural,
e0848bf8-57d4-4cae-b6c6-3e67f08d297d,867ebc9c-1680-4b27-b713-806c849b7450,2025-12-18T13:01:23.000Z,2025-12-18T14:33:08.000Z,867ebc9c-1680-4b27-b713-806c849b7450,-31.745624,-60.53907,2,6485124,733119,20J,Reconocida,Ibirapitá,36,3,https://five.epicollect.net/api/media/plan-de-arbolado-parana-2024-2028?type=photo&format=entry_original&name=867ebc9c-1680-4b27-b713-806c849b7450_1766062868.jpg,,Si,Saludable ,,Saludable,,Vivero municipal,Alineación,No,Natural,
e0848bf8-57d4-4cae-b6c6-3e67f08d297d,a0f1cff2-6c10-4bc2-aff4-2638e4d9668a,2025-12-18T12:58:39.000Z,2025-12-18T14:33:07.000Z,a0f1cff2-6c10-4bc2-aff4-2638e4d9668a,,,,,,,Reconocida,Aguaribay,36,3,https://five.epicollect.net/api/media/plan-de-arbolado-parana-2024-2028?type=photo&format=entry_original&name=a0f1cff2-6c10-4bc2-aff4-2638e4d9668a_1766062707.jpg,,Si,Saludable ,,Saludable,,Vivero municipal,Alineación,No,Natural,
e0848bf8-57d4-4cae-b6c6-3e67f08d297d,6a966b28-4fd3-4e84-8214-44206d19e2b4,2025-12-18T12:58:02.000Z,2025-12-18T14:33:06.000Z,6a966b28-4fd3-4e84-8214-44206d19e2b4,,,,,,,Reconocida,Lapacho,36,3,https://five.epicollect.net/api/media/plan-de-arbolado-parana-2024-2028?type=photo&format=entry_original&name=6a966b28-4fd3-4e84-8214-44206d19e2b4_1766062670.jpg,,Si,Saludable ,,Saludable,,Vivero municipal,Parques y/o plazas,No,Natural,
e0848bf8-57d4-4cae-b6c6-3e67f08d297d,c57e82ac-5456-4c3b-a772-fdfd16d74f5d,2025-12-18T12:57:25.000Z,2025-12-18T14:33:05.000Z,c57e82ac-5456-4c3b-a772-fdfd16d74f5d,-31.745396,-60.539082,3,6485149,733119,20J,Reconocida,Algarrobos,36,3,https://five.epicollect.net/api/media/plan-de-arbolado-parana-2024-2028?type=photo&format=entry_original&name=c57e82ac-5456-4c3b-a772-fdfd16d74f5d_1766062632.jpg,,Si,Saludable ,,Saludable,,Vivero municipal,Alineación,No,Natural,
e0848bf8-57d4-4cae-b6c6-3e67f08d297d,9fe85722-b40f-468b-b3ad-37d59569a3cf,2025-12-18T12:56:23.000Z,2025-12-18T14:33:04.000Z,9fe85722-b40f-468b-b3ad-37d59569a3cf,-31.74531,-60.539071,5,6485159,733120,20J,Reconocida,Palo Jabón,36,4,https://five.epicollect.net/api/media/plan-de-arbolado-parana-2024-2028?type=photo&format=entry_original&name=9fe85722-b40f-468b-b3ad-37d59569a3cf_1766062382.jpg,,Si,Saludable ,,Saludable,,Vivero municipal,Alineación,No,Natural,
e0848bf8-57d4-4cae-b6c6-3e67f08d297d,95811067-fb9c-4268-b6e0-08e4cafc547d,2025-12-18T12:51:39.000Z,2025-12-18T14:33:03.000Z,95811067-fb9c-4268-b6e0-08e4cafc547d,-31.7452,-60.539041,4,6485171,733123,20J,Reconocida,No identificada,36,4,https://five.epicollect.net/api/media/plan-de-arbolado-parana-2024-2028?type=photo&format=entry_original&name=95811067-fb9c-4268-b6e0-08e4cafc547d_1766062221.jpg,"Chañiar, no aparece en la lista de especies",Si,No saludable,Presencia de pulgones,No saludable,Presencia de pulgones,Vivero municipal,Alineación,No,Natural,
e0848bf8-57d4-4cae-b6c6-3e67f08d297d,661cbf4d-73a7-4d57-8f2f-bca7ff136649,2025-12-18T12:48:41.000Z,2025-12-18T14:33:02.000Z,661cbf4d-73a7-4d57-8f2f-bca7ff136649,-31.745164,-60.53899,3,6485175,733128,20J,Reconocida,Palo Jabón,36,3,https://five.epicollect.net/api/media/plan-de-arbolado-parana-2024-2028?type=photo&format=entry_original&name=661cbf4d-73a7-4d57-8f2f-bca7ff136649_1766062067.jpg,Falta protecciónpara las hormigas,Si,Saludable ,,Saludable,,Vivero municipal,Alineación,No,Natural,
e0848bf8-57d4-4cae-b6c6-3e67f08d297d,9b02e746-5d78-440f-88b1-1f3a677c87cd,2025-12-18T12:47:21.000Z,2025-12-18T14:33:01.000Z,9b02e746-5d78-440f-88b1-1f3a677c87cd,-31.745019,-60.538991,4,6485191,733128,20J,Reconocida,Algarrobos,36,3,https://five.epicollect.net/api/media/plan-de-arbolado-parana-2024-2028?type=photo&format=entry_original&name=9b02e746-5d78-440f-88b1-1f3a677c87cd_1766062028.jpg,,Si,Saludable ,,Saludable,,Vivero municipal,Alineación,No,Natural,
e0848bf8-57d4-4cae-b6c6-3e67f08d297d,0771dede-a060-4cdc-9be8-b0d9c79f83f5,2025-12-18T12:46:18.000Z,2025-12-18T14:33:00.000Z,0771dede-a060-4cdc-9be8-b0d9c79f83f5,-31.744973,-60.538962,3,6485196,733131,20J,Reconocida,Ibirapitá,36,3,https://five.epicollect.net/api/media/plan-de-arbolado-parana-2024-2028?type=photo&format=entry_original&name=0771dede-a060-4cdc-9be8-b0d9c79f83f5_1766061908.jpg,Está comido por las hormigas,Si,No saludable,,Saludable,,Vivero municipal,Alineación,No,Natural,
e0848bf8-57d4-4cae-b6c6-3e67f08d297d,7e0e06ce-24e0-49a6-ad00-1850f52777c4,2025-12-18T12:44:35.000Z,2025-12-18T14:32:59.000Z,7e0e06ce-24e0-49a6-ad00-1850f52777c4,-31.744865,-60.538981,3,6485208,733130,20J,Reconocida,Ibirapitá,36,2,https://five.epicollect.net/api/media/plan-de-arbolado-parana-2024-2028?type=photo&format=entry_original&name=7e0e06ce-24e0-49a6-ad00-1850f52777c4_1766061860.jpg,,Si,Saludable ,,Saludable,,Vivero municipal,Alineación,No,Natural,
e0848bf8-57d4-4cae-b6c6-3e67f08d297d,2bac4a5d-77df-46fc-9f46-b3e3416dbd18,2025-12-18T12:42:35.000Z,2025-12-18T14:32:58.000Z,2bac4a5d-77df-46fc-9f46-b3e3416dbd18,-31.744783,-60.538965,4,6485217,733131,20J,Reconocida,Ibirapitá,36,4,https://five.epicollect.net/api/media/plan-de-arbolado-parana-2024-2028?type=photo&format=entry_original&name=2bac4a5d-77df-46fc-9f46-b3e3416dbd18_1766061725.jpg,Está comido por las hormigas no tiene protección,Si,No saludable,,Saludable,,Vivero municipal,Alineación,No,Natural,
e0848bf8-57d4-4cae-b6c6-3e67f08d297d,7ec06e9d-8adb-4931-814e-454f4e389b35,2025-12-18T12:41:37.000Z,2025-12-18T14:32:58.000Z,7ec06e9d-8adb-4931-814e-454f4e389b35,-31.74473,-60.538913,2,6485223,733136,20J,Reconocida,Ibirapitá,36,3,https://five.epicollect.net/api/media/plan-de-arbolado-parana-2024-2028?type=photo&format=entry_original&name=7ec06e9d-8adb-4931-814e-454f4e389b35_1766061671.jpg,Está comido por las hormigas,Si,No saludable,,Saludable,,Vivero municipal,Alineación,No,Natural,
e0848bf8-57d4-4cae-b6c6-3e67f08d297d,50781b2c-ee88-4127-b249-dad61caed479,2025-12-18T12:39:46.000Z,2025-12-18T14:32:57.000Z,50781b2c-ee88-4127-b249-dad61caed479,-31.744631,-60.538901,3,6485234,733138,20J,Reconocida,Ceibo,36,3,https://five.epicollect.net/api/media/plan-de-arbolado-parana-2024-2028?type=photo&format=entry_original&name=50781b2c-ee88-4127-b249-dad61caed479_1766061573.jpg,,Si,Saludable ,,Saludable,,Vivero municipal,Alineación,No,Natural,
e0848bf8-57d4-4cae-b6c6-3e67f08d297d,18b68fd6-284f-449e-96fc-32c16df6708b,2025-12-18T12:39:12.000Z,2025-12-18T14:32:56.000Z,18b68fd6-284f-449e-96fc-32c16df6708b,-31.744603,-60.538921,3,6485237,733136,20J,Reconocida,Ibirapitá,36,4,https://five.epicollect.net/api/media/plan-de-arbolado-parana-2024-2028?type=photo&format=entry_original&name=18b68fd6-284f-449e-96fc-32c16df6708b_1766061539.jpg,,Si,Saludable ,,Saludable,,Vivero municipal,Alineación,No,Natural,
e0848bf8-57d4-4cae-b6c6-3e67f08d297d,d7345045-668b-486c-a543-5e2218625d6c,2025-12-18T12:38:18.000Z,2025-12-18T14:32:55.000Z,d7345045-668b-486c-a543-5e2218625d6c,-31.744588,-60.538887,5,6485238,733139,20J,Reconocida,Palo Jabón,36,4,https://five.epicollect.net/api/media/plan-de-arbolado-parana-2024-2028?type=photo&format=entry_original&name=d7345045-668b-486c-a543-5e2218625d6c_1766061448.jpg,,Si,Saludable ,,Saludable,,Vivero municipal,Alineación,No,Natural,
e0848bf8-57d4-4cae-b6c6-3e67f08d297d,0182574d-f7af-4c1b-9710-72399d263030,2025-12-18T12:36:55.000Z,2025-12-18T14:32:54.000Z,0182574d-f7af-4c1b-9710-72399d263030,-31.744477,-60.538877,3,6485251,733140,20J,Reconocida,No identificada,37,4,https://five.epicollect.net/api/media/plan-de-arbolado-parana-2024-2028?type=photo&format=entry_original&name=0182574d-f7af-4c1b-9710-72399d263030_1766061387.jpg,Está seco y con hormigas,Si,No saludable,,No saludable,,Vivero municipal,Alineación,No,Natural,
e0848bf8-57d4-4cae-b6c6-3e67f08d297d,970a3401-3a03-40d1-8a94-b75a555394ae,2025-12-18T12:35:13.000Z,2025-12-18T14:32:53.000Z,970a3401-3a03-40d1-8a94-b75a555394ae,,,,,,,Reconocida,No identificada,36,8,https://five.epicollect.net/api/media/plan-de-arbolado-parana-2024-2028?type=photo&format=entry_original&name=970a3401-3a03-40d1-8a94-b75a555394ae_1766061241.jpg,Está muy seco y comido por las hormigas,Si,No saludable,,No saludable,,Vivero municipal,Alineación,No,Natural,
e0848bf8-57d4-4cae-b6c6-3e67f08d297d,3709fd98-c392-4989-a34e-0d213b19e3ab,2025-12-18T12:33:24.000Z,2025-12-18T14:32:52.000Z,3709fd98-c392-4989-a34e-0d213b19e3ab,-31.744529,-60.538698,3,6485244,733157,20J,Reconocida,Guarán,36,5,https://five.epicollect.net/api/media/plan-de-arbolado-parana-2024-2028?type=photo&format=entry_original&name=3709fd98-c392-4989-a34e-0d213b19e3ab_1766061189.jpg,,Si,Saludable ,,Saludable,,Vivero municipal,Alineación,No,Natural,
e0848bf8-57d4-4cae-b6c6-3e67f08d297d,41d6ef48-a1ba-4ed9-94c7-3bd9babec9c2,2025-12-18T12:32:02.000Z,2025-12-18T14:32:51.000Z,41d6ef48-a1ba-4ed9-94c7-3bd9babec9c2,-31.744631,-60.537976,3,6485232,733225,20J,Reconocida,Guarán,36,6,https://five.epicollect.net/api/media/plan-de-arbolado-parana-2024-2028?type=photo&format=entry_original&name=41d6ef48-a1ba-4ed9-94c7-3bd9babec9c2_1766061111.jpg,,Si,Saludable ,,Saludable,,Vivero municipal,Alineación,No,Natural,
e0848bf8-57d4-4cae-b6c6-3e67f08d297d,0737441e-c959-422d-acfc-8367323d7556,2025-12-18T12:31:17.000Z,2025-12-18T14:32:50.000Z,0737441e-c959-422d-acfc-8367323d7556,-31.744602,-60.537954,2,6485235,733227,20J,Reconocida,Mimosa,36,6,https://five.epicollect.net/api/media/plan-de-arbolado-parana-2024-2028?type=photo&format=entry_original&name=0737441e-c959-422d-acfc-8367323d7556_1766061049.jpg,,Si,Saludable ,,Saludable,,Vivero municipal,Alineación,No,Natural,
e0848bf8-57d4-4cae-b6c6-3e67f08d297d,266b94a0-170c-46cb-a125-6140019667e3,2025-12-18T12:30:04.000Z,2025-12-18T14:32:49.000Z,266b94a0-170c-46cb-a125-6140019667e3,-31.744643,-60.537872,3,6485230,733235,20J,Reconocida,Guarán,36,2,https://five.epicollect.net/api/media/plan-de-arbolado-parana-2024-2028?type=photo&format=entry_original&name=266b94a0-170c-46cb-a125-6140019667e3_1766060880.jpg,,Si,Saludable ,,Saludable,,Vivero municipal,Alineación,No,Natural,
e0848bf8-57d4-4cae-b6c6-3e67f08d297d,4cf5005d-71f7-4227-8a13-7b41120ce7bd,2025-12-18T12:27:25.000Z,2025-12-18T14:32:48.000Z,4cf5005d-71f7-4227-8a13-7b41120ce7bd,-31.744743,-60.5378,3,6485219,733242,20J,Reconocida,Ceibo,36,1,https://five.epicollect.net/api/media/plan-de-arbolado-parana-2024-2028?type=photo&format=entry_original&name=4cf5005d-71f7-4227-8a13-7b41120ce7bd_1766060801.jpg,Presenta pulgones una invasión,Si,Saludable ,Invasión de pulgones,Saludable,,Vivero municipal,Alineación,No,Natural,
e0848bf8-57d4-4cae-b6c6-3e67f08d297d,7ec141cd-f807-423e-8c0f-f4596945d485,2025-12-18T12:25:36.000Z,2025-12-18T14:32:47.000Z,7ec141cd-f807-423e-8c0f-f4596945d485,-31.745023,-60.537867,3,6485188,733235,20J,Reconocida,Tipa,36,47,https://five.epicollect.net/api/media/plan-de-arbolado-parana-2024-2028?type=photo&format=entry_original&name=7ec141cd-f807-423e-8c0f-f4596945d485_1766060720.jpg,,Si,Saludable ,,Saludable,,Vivero municipal,Alineación,No,Natural,
e0848bf8-57d4-4cae-b6c6-3e67f08d297d,a7d31a67-c9ec-45d1-b4a3-508d9b73fc7b,2025-12-18T12:19:36.000Z,2025-12-18T14:32:47.000Z,a7d31a67-c9ec-45d1-b4a3-508d9b73fc7b,-31.745066,-60.537882,4,6485183,733233,20J,Reconocida,Ibirapitá,36,60,https://five.epicollect.net/api/media/plan-de-arbolado-parana-2024-2028?type=photo&format=entry_original&name=a7d31a67-c9ec-45d1-b4a3-508d9b73fc7b_1766060284.jpg,,Si,Saludable ,,Saludable,,Vivero municipal,Alineación,No,Natural,
e0848bf8-57d4-4cae-b6c6-3e67f08d297d,fe684287-ceaf-4542-8c5e-d7463381dedf,2025-12-18T12:16:24.000Z,2025-12-18T14:32:46.000Z,fe684287-ceaf-4542-8c5e-d7463381dedf,-31.74545,-60.537969,3,6485141,733224,20J,Reconocida,Lapacho,36,2,https://five.epicollect.net/api/media/plan-de-arbolado-parana-2024-2028?type=photo&format=entry_original&name=fe684287-ceaf-4542-8c5e-d7463381dedf_1766060169.jpg,,Si,Saludable ,,Saludable,,Vivero municipal,Alineación,No,Natural,
e0848bf8-57d4-4cae-b6c6-3e67f08d297d,2beb466e-0c8b-4fb2-9fab-72e44e00cba2,2025-12-18T12:15:40.000Z,2025-12-18T14:32:44.000Z,2beb466e-0c8b-4fb2-9fab-72e44e00cba2,-31.745459,-60.537969,3,6485140,733224,20J,Reconocida,Ubajay,36,1,https://five.epicollect.net/api/media/plan-de-arbolado-parana-2024-2028?type=photo&format=entry_original&name=2beb466e-0c8b-4fb2-9fab-72e44e00cba2_1766060076.jpg,"Le falta riego , la especie es Pitanga no está en el listado de especies",Si,Saludable ,Falta riego seestáquemando el follaje con el sol,Saludable,,Vivero municipal,Alineación,No,Natural,
e0848bf8-57d4-4cae-b6c6-3e67f08d297d,c406fad5-62bf-4fd2-b93d-7b0900dafefe,2025-12-18T12:13:18.000Z,2025-12-18T14:32:44.000Z,c406fad5-62bf-4fd2-b93d-7b0900dafefe,-31.745717,-60.537999,2,6485111,733220,20J,Reconocida,Ubajay,36,1,https://five.epicollect.net/api/media/plan-de-arbolado-parana-2024-2028?type=photo&format=entry_original&name=c406fad5-62bf-4fd2-b93d-7b0900dafefe_1766059952.jpg,,Si,Saludable ,,Saludable,,Vivero municipal,Alineación,No,Natural,
e0848bf8-57d4-4cae-b6c6-3e67f08d297d,0a3cef06-c608-4ad4-aa2d-e61dece7400b,2025-12-18T12:11:09.000Z,2025-12-18T14:32:43.000Z,0a3cef06-c608-4ad4-aa2d-e61dece7400b,-31.745702,-60.537991,4,6485113,733221,20J,Reconocida,Ubajay,36,1,https://five.epicollect.net/api/media/plan-de-arbolado-parana-2024-2028?type=photo&format=entry_original&name=0a3cef06-c608-4ad4-aa2d-e61dece7400b_1766059851.jpg,,Si,Saludable ,,Saludable,,Vivero municipal,Alineación,No,Natural,
5d28c3f3-aa2d-489c-96c9-d6dc483ecdbb,d9df0191-3dbc-4166-8592-d275229cf90f,2025-12-18T12:10:01.000Z,2025-12-18T14:32:40.000Z,d9df0191-3dbc-4166-8592-d275229cf90f,-31.745872,-60.538058,3,6485094,733214,20J,Reconocida,Ubajay,36,1,https://five.epicollect.net/api/media/plan-de-arbolado-parana-2024-2028?type=photo&format=entry_original&name=d9df0191-3dbc-4166-8592-d275229cf90f_1766059781.jpg,,Si,Saludable ,,Saludable,,Vivero municipal,Alineación,No,Natural,
5d28c3f3-aa2d-489c-96c9-d6dc483ecdbb,516e510a-c1cc-4ec0-a0ac-daf3c0d56483,2025-12-18T12:08:37.000Z,2025-12-18T14:32:39.000Z,516e510a-c1cc-4ec0-a0ac-daf3c0d56483,-31.746098,-60.538078,3,6485069,733212,20J,Reconocida,Quebracho Blanco,36,1,https://five.epicollect.net/api/media/plan-de-arbolado-parana-2024-2028?type=photo&format=entry_original&name=516e510a-c1cc-4ec0-a0ac-daf3c0d56483_1766059683.jpg,,Si,Saludable ,,Saludable,,Vivero municipal,Alineación,No,Natural,
5d28c3f3-aa2d-489c-96c9-d6dc483ecdbb,7f70936a-8277-403e-a4a1-801a39782541,2025-12-18T12:07:43.000Z,2025-12-18T14:32:38.000Z,7f70936a-8277-403e-a4a1-801a39782541,-31.746191,-60.53808,3,6485059,733212,20J,Reconocida,Quebracho Blanco,36,1,https://five.epicollect.net/api/media/plan-de-arbolado-parana-2024-2028?type=photo&format=entry_original&name=7f70936a-8277-403e-a4a1-801a39782541_1766059636.jpg,,Si,Saludable ,,Saludable,,Vivero municipal,Alineación,No,Natural,
b04729ce-d238-456e-a9c4-cfe9c2da3b95,c35f62a8-db72-486c-8402-4ee17492ff24,2025-12-18T13:13:25.000Z,2025-12-18T13:14:02.000Z,c35f62a8-db72-486c-8402-4ee17492ff24,-31.746106,-60.538082,4,6485068,733212,20J,Reconocida,Chañar,12,40,https://five.epicollect.net/api/media/plan-de-arbolado-parana-2024-2028?type=photo&format=entry_original&name=c35f62a8-db72-486c-8402-4ee17492ff24_1766063580.jpg,,Si,Saludable ,,Saludable,,Vivero municipal,Alineación,No,Natural,
b04729ce-d238-456e-a9c4-cfe9c2da3b95,02db8559-7b2d-46a0-8f60-512d98d542ef,2025-12-18T13:12:20.000Z,2025-12-18T13:14:00.000Z,02db8559-7b2d-46a0-8f60-512d98d542ef,-31.746181,-60.538096,4,6485060,733210,20J,Reconocida,Chañar,12,30,https://five.epicollect.net/api/media/plan-de-arbolado-parana-2024-2028?type=photo&format=entry_original&name=02db8559-7b2d-46a0-8f60-512d98d542ef_1766063500.jpg,,Si,Saludable ,,Saludable,,Vivero municipal,Alineación,No,Natural,
b04729ce-d238-456e-a9c4-cfe9c2da3b95,de802cd6-debb-42cd-a592-7e9b0ceb4155,2025-12-18T13:10:48.000Z,2025-12-18T13:13:59.000Z,de802cd6-debb-42cd-a592-7e9b0ceb4155,-31.746222,-60.538226,4,6485056,733198,20J,Reconocida,Chañar,12,30,https://five.epicollect.net/api/media/plan-de-arbolado-parana-2024-2028?type=photo&format=entry_original&name=de802cd6-debb-42cd-a592-7e9b0ceb4155_1766063415.jpg,,Si,Saludable ,,,,Vivero municipal,Alineación,No,Natural,
7784f657-ee66-42b1-9372-78114fa0373b,8965c822-bb4c-45c2-9f01-2a18d3a8273b,2025-12-18T13:07:14.000Z,2025-12-18T13:07:52.000Z,8965c822-bb4c-45c2-9f01-2a18d3a8273b,-31.746097,-60.538442,3,6485070,733178,20J,Inexistente o Ausente,Chañar,12,10,https://five.epicollect.net/api/media/plan-de-arbolado-parana-2024-2028?type=photo&format=entry_original&name=8965c822-bb4c-45c2-9f01-2a18d3a8273b_1766063166.jpg,,Si,No saludable,Arbol seco. Cortado,No saludable,,Vivero municipal,Alineación,No,Natural,
7784f657-ee66-42b1-9372-78114fa0373b,be7f8d51-d9bc-48e3-a04a-c70ccb4d4af9,2025-12-18T13:05:03.000Z,2025-12-18T13:07:51.000Z,be7f8d51-d9bc-48e3-a04a-c70ccb4d4af9,-31.745984,-60.538649,4,6485083,733158,20J,Reconocida,Chañar,12,50,https://five.epicollect.net/api/media/plan-de-arbolado-parana-2024-2028?type=photo&format=entry_original&name=be7f8d51-d9bc-48e3-a04a-c70ccb4d4af9_1766063079.jpg,,Si,Saludable ,,Saludable,,Vivero municipal,Alineación,No,Natural,
7784f657-ee66-42b1-9372-78114fa0373b,aa1a9000-d92c-4844-95da-213b2bdd3ede,2025-12-18T13:03:56.000Z,2025-12-18T13:07:49.000Z,aa1a9000-d92c-4844-95da-213b2bdd3ede,-31.745918,-60.538726,5,6485090,733151,20J,Reconocida,Chañar,12,40,https://five.epicollect.net/api/media/plan-de-arbolado-parana-2024-2028?type=photo&format=entry_original&name=aa1a9000-d92c-4844-95da-213b2bdd3ede_1766063008.jpg,,Si,Saludable ,,Saludable,,Vivero municipal,Alineación,No,Natural,
7784f657-ee66-42b1-9372-78114fa0373b,5b54dbd8-fa87-4a68-b33d-40abf91c1a96,2025-12-18T13:00:20.000Z,2025-12-18T13:07:47.000Z,5b54dbd8-fa87-4a68-b33d-40abf91c1a96,-31.745579,-60.539121,4,6485129,733114,20J,Reconocida,Palo Jabón,14,120,https://five.epicollect.net/api/media/plan-de-arbolado-parana-2024-2028?type=photo&format=entry_original&name=5b54dbd8-fa87-4a68-b33d-40abf91c1a96_1766062805.jpg,,Si,Saludable ,,Saludable,,Vivero municipal,Alineación,No,Natural,
7784f657-ee66-42b1-9372-78114fa0373b,5a02b4e7-9932-4811-b6a4-0040e73b4a48,2025-12-18T12:59:00.000Z,2025-12-18T13:07:45.000Z,5a02b4e7-9932-4811-b6a4-0040e73b4a48,-31.7455,-60.5391,3,6485138,733117,20J,Reconocida,Ceibo,12,50,https://five.epicollect.net/api/media/plan-de-arbolado-parana-2024-2028?type=photo&format=entry_original&name=5a02b4e7-9932-4811-b6a4-0040e73b4a48_1766062720.jpg,,Si,Saludable ,,Saludable,,Vivero municipal,Alineación,No,Natural,
7784f657-ee66-42b1-9372-78114fa0373b,177ac6f0-dc40-421c-95b0-e7490e9c36af,2025-12-18T12:57:43.000Z,2025-12-18T13:07:44.000Z,177ac6f0-dc40-421c-95b0-e7490e9c36af,-31.745369,-60.53905,4,6485152,733122,20J,Reconocida,Ibirapitá,20,80,https://five.epicollect.net/api/media/plan-de-arbolado-parana-2024-2028?type=photo&format=entry_original&name=177ac6f0-dc40-421c-95b0-e7490e9c36af_1766062645.jpg,,Si,Saludable ,,Saludable,,Vivero municipal,Alineación,No,Natural,
7784f657-ee66-42b1-9372-78114fa0373b,5c158816-b0bc-4c12-8108-9cf09a8e3381,2025-12-18T12:55:58.000Z,2025-12-18T13:07:42.000Z,5c158816-b0bc-4c12-8108-9cf09a8e3381,-31.745194,-60.539063,4,6485171,733121,20J,Reconocida,Chañar,14,100,https://five.epicollect.net/api/media/plan-de-arbolado-parana-2024-2028?type=photo&format=entry_original&name=5c158816-b0bc-4c12-8108-9cf09a8e3381_1766062541.jpg,,Si,Saludable ,,Saludable,,Vivero municipal,Alineación,No,Natural,
faa0c0c5-a752-48d4-a04e-e8d6ba601899,babb913f-a247-4222-b488-52e3c268c09d,2025-12-18T11:26:58.000Z,2025-12-18T11:27:19.000Z,babb913f-a247-4222-b488-52e3c268c09d,-31.721446,-60.517671,5,6487759,735208,20J,Reconocida,Crespón,18,160,https://five.epicollect.net/api/media/plan-de-arbolado-parana-2024-2028?type=photo&format=entry_original&name=babb913f-a247-4222-b488-52e3c268c09d_1766057190.jpg,Falta re riego,Si,Saludable ,,Saludable,,Vivero municipal,Alineación,No,Natural,
faa0c0c5-a752-48d4-a04e-e8d6ba601899,0da44573-d391-4204-950e-2cc55e2e89fa,2025-12-18T11:25:35.000Z,2025-12-18T11:27:17.000Z,0da44573-d391-4204-950e-2cc55e2e89fa,-31.721337,-60.517712,4,6487771,735204,20J,Reconocida,Sen del Campo,8,100,https://five.epicollect.net/api/media/plan-de-arbolado-parana-2024-2028?type=photo&format=entry_original&name=0da44573-d391-4204-950e-2cc55e2e89fa_1766057096.jpg,Con falta de riego,Si,Saludable ,,Saludable,,Vivero municipal,Alineación,No,Natural,
faa0c0c5-a752-48d4-a04e-e8d6ba601899,93b38d38-1195-468f-be64-ae1a26bba4c7,2025-12-18T11:23:04.000Z,2025-12-18T11:27:16.000Z,93b38d38-1195-468f-be64-ae1a26bba4c7,-31.721232,-60.51821,4,6487784,735157,20J,Reconocida,Crespón,12,160,https://five.epicollect.net/api/media/plan-de-arbolado-parana-2024-2028?type=photo&format=entry_original&name=93b38d38-1195-468f-be64-ae1a26bba4c7_1766056924.jpg,,Si,Saludable ,Falta de riego. Con signos de marchitamiento.,Saludable,,Vivero municipal,Parques y/o plazas,No,Natural,
df7a35f6-3cd8-424b-b7ab-fb927784758c,33fe3f5b-bd76-4b57-88ab-6d460f2b399e,2025-12-17T14:58:56.000Z,2025-12-17T14:59:31.000Z,33fe3f5b-bd76-4b57-88ab-6d460f2b399e,-31.720993,-60.51868,4,6487811,735113,20J,Reconocida,No identificada,12,160,https://five.epicollect.net/api/media/plan-de-arbolado-parana-2024-2028?type=photo&format=entry_original&name=33fe3f5b-bd76-4b57-88ab-6d460f2b399e_1765983411.jpg,,Si,Saludable ,,Saludable,,Vivero municipal,Alineación,No,Natural,
b996184a-65cb-423c-b287-af3659cba6ec,0fabb556-9994-4535-8414-0ab2c9d633ce,2025-12-17T14:52:07.000Z,2025-12-17T14:52:45.000Z,0fabb556-9994-4535-8414-0ab2c9d633ce,-31.721011,-60.518634,5,6487809,735118,20J,Reconocida,Sen del Campo,10,150,https://five.epicollect.net/api/media/plan-de-arbolado-parana-2024-2028?type=photo&format=entry_original&name=0fabb556-9994-4535-8414-0ab2c9d633ce_1765983104.jpg,,Si,Saludable ,,Saludable,,Vivero municipal,Alineación,No,Natural,
094eafd7-73be-40c1-8195-76903f9b918a,42e0544d-eaef-41cc-a3bf-0f671e5b805e,2025-10-22T13:07:16.000Z,2025-11-11T12:50:14.000Z,42e0544d-eaef-41cc-a3bf-0f671e5b805e,-31.745413,-60.481982,3,6485023,738529,20J,Reconocida,Tipa,18,180,https://five.epicollect.net/api/media/plan-de-arbolado-parana-2024-2028?type=photo&format=entry_original&name=42e0544d-eaef-41cc-a3bf-0f671e5b805e_1761138411.jpg,,Si,Saludable ,,Saludable,,Vivero privado,Parques y/o plazas,No,Natural,
094eafd7-73be-40c1-8195-76903f9b918a,d70ed211-b4be-4d72-a725-532905e0888b,2025-10-22T13:05:59.000Z,2025-10-22T14:19:46.000Z,d70ed211-b4be-4d72-a725-532905e0888b,-31.745466,-60.481971,3,6485018,738530,20J,Reconocida,Tipa Colorada,18,180,https://five.epicollect.net/api/media/plan-de-arbolado-parana-2024-2028?type=photo&format=entry_original&name=d70ed211-b4be-4d72-a725-532905e0888b_1761138335.jpg,Tipa,Si,Saludable ,,Saludable,,Vivero privado,Parques y/o plazas,No,Natural,
094eafd7-73be-40c1-8195-76903f9b918a,a247d78f-62c6-4ec9-8473-87bc95d51853,2025-10-22T13:04:33.000Z,2025-10-22T14:19:45.000Z,a247d78f-62c6-4ec9-8473-87bc95d51853,-31.745378,-60.481927,3,6485027,738534,20J,Reconocida,Palo Borracho,18,140,https://five.epicollect.net/api/media/plan-de-arbolado-parana-2024-2028?type=photo&format=entry_original&name=a247d78f-62c6-4ec9-8473-87bc95d51853_1761138249.jpg,,Si,Saludable ,,Saludable,,Vivero privado,Parques y/o plazas,No,Natural,
094eafd7-73be-40c1-8195-76903f9b918a,983ac994-d135-46f2-b0c2-9c00f8b0f500,2025-10-22T13:03:08.000Z,2025-10-22T14:19:43.000Z,983ac994-d135-46f2-b0c2-9c00f8b0f500,-31.745313,-60.482003,3,6485035,738527,20J,Reconocida,Tipa Colorada,18,200,https://five.epicollect.net/api/media/plan-de-arbolado-parana-2024-2028?type=photo&format=entry_original&name=983ac994-d135-46f2-b0c2-9c00f8b0f500_1761138148.jpg,Tipa,Si,Saludable ,,Saludable,,Vivero privado,Parques y/o plazas,No,Natural,
094eafd7-73be-40c1-8195-76903f9b918a,20617fce-10c1-46d5-a645-e74e87f94076,2025-10-22T12:59:54.000Z,2025-10-22T14:19:41.000Z,20617fce-10c1-46d5-a645-e74e87f94076,-31.745197,-60.481949,3,6485047,738533,20J,Reconocida,Tipa Colorada,24,220,https://five.epicollect.net/api/media/plan-de-arbolado-parana-2024-2028?type=photo&format=entry_original&name=20617fce-10c1-46d5-a645-e74e87f94076_1761137974.jpg,Tipa,Si,Saludable ,,Saludable,,Vivero privado,Parques y/o plazas,No,Natural,
094eafd7-73be-40c1-8195-76903f9b918a,81897dcf-9b2d-4a3f-8c13-a17d0c987161,2025-10-22T13:01:02.000Z,2025-10-22T14:19:40.000Z,81897dcf-9b2d-4a3f-8c13-a17d0c987161,-31.745276,-60.481939,3,6485039,738534,20J,Reconocida,Palo Borracho,18,160,https://five.epicollect.net/api/media/plan-de-arbolado-parana-2024-2028?type=photo&format=entry_original&name=81897dcf-9b2d-4a3f-8c13-a17d0c987161_1761138045.jpg,,Si,Saludable ,,Saludable,,Vivero privado,Parques y/o plazas,No,Natural,
094eafd7-73be-40c1-8195-76903f9b918a,4bd36b84-3217-4250-bedf-44ff14044fd5,2025-10-22T12:58:48.000Z,2025-10-22T14:19:39.000Z,4bd36b84-3217-4250-bedf-44ff14044fd5,-31.745182,-60.481896,3,6485049,738538,20J,Reconocida,Palo Borracho,20,150,https://five.epicollect.net/api/media/plan-de-arbolado-parana-2024-2028?type=photo&format=entry_original&name=4bd36b84-3217-4250-bedf-44ff14044fd5_1761137910.jpg,,Si,Saludable ,,Saludable,,Vivero privado,Parques y/o plazas,No,Natural,
094eafd7-73be-40c1-8195-76903f9b918a,f8615603-4890-48ac-a878-2a25786745c1,2025-10-22T12:57:46.000Z,2025-10-22T14:19:37.000Z,f8615603-4890-48ac-a878-2a25786745c1,-31.745152,-60.481973,3,6485052,738531,20J,Reconocida,Palo Borracho,24,180,https://five.epicollect.net/api/media/plan-de-arbolado-parana-2024-2028?type=photo&format=entry_original&name=f8615603-4890-48ac-a878-2a25786745c1_1761137847.jpg,,Si,Saludable ,,Saludable,,Vivero privado,Parques y/o plazas,No,Natural,
094eafd7-73be-40c1-8195-76903f9b918a,3d4e4e09-86b7-4152-b603-0b9f07521bad,2025-10-22T12:56:35.000Z,2025-10-22T14:19:36.000Z,3d4e4e09-86b7-4152-b603-0b9f07521bad,-31.74504,-60.481963,3,6485065,738532,20J,No reconocible,Tipa Colorada,24,180,https://five.epicollect.net/api/media/plan-de-arbolado-parana-2024-2028?type=photo&format=entry_original&name=3d4e4e09-86b7-4152-b603-0b9f07521bad_1761137747.jpg,Tipa,Si,Saludable ,,Saludable,,Vivero privado,Parques y/o plazas,No,Natural,
094eafd7-73be-40c1-8195-76903f9b918a,1019b33f-8a87-4ee2-8546-56a233bec0e0,2025-10-22T12:47:17.000Z,2025-10-22T14:19:34.000Z,1019b33f-8a87-4ee2-8546-56a233bec0e0,-31.744931,-60.481921,3,6485077,738536,20J,Reconocida,Palo Borracho,24,200,https://five.epicollect.net/api/media/plan-de-arbolado-parana-2024-2028?type=photo&format=entry_original&name=1019b33f-8a87-4ee2-8546-56a233bec0e0_1761137154.jpg,,Si,Saludable ,,Saludable,,Vivero privado,Parques y/o plazas,No,Natural,
094eafd7-73be-40c1-8195-76903f9b918a,c39464fd-efa4-4aa3-8066-9ef359c24a2c,2025-10-22T12:50:58.000Z,2025-10-22T14:19:33.000Z,c39464fd-efa4-4aa3-8066-9ef359c24a2c,-31.745004,-60.481861,4,6485069,738542,20J,Reconocida,Palo Borracho,24,160,https://five.epicollect.net/api/media/plan-de-arbolado-parana-2024-2028?type=photo&format=entry_original&name=c39464fd-efa4-4aa3-8066-9ef359c24a2c_1761137431.jpg,,Si,Saludable ,,Saludable,,Vivero privado,Parques y/o plazas,No,Natural,
916ea8e6-c737-46fa-8ce9-4e8d6440feb2,d7575bad-aaf4-42dd-a91c-780fab9f3f94,2025-10-22T12:38:04.000Z,2025-10-22T14:19:29.000Z,d7575bad-aaf4-42dd-a91c-780fab9f3f94,-31.744811,-60.481937,3,6485090,738535,20J,Reconocida,Ceibo,18,100,https://five.epicollect.net/api/media/plan-de-arbolado-parana-2024-2028?type=photo&format=entry_original&name=d7575bad-aaf4-42dd-a91c-780fab9f3f94_1761136601.jpg,,Si,Saludable ,,Saludable,,Vivero privado,Parques y/o plazas,No,Natural,
f8c2ac79-b881-4037-88f3-06dba561c35d,6addb044-1cda-4b63-80cb-228e5c1f3bcb,2025-09-30T14:56:20.000Z,2025-09-30T15:01:01.000Z,6addb044-1cda-4b63-80cb-228e5c1f3bcb,-31.735935,-60.485509,3,6486082,738219,20J,Reconocida,Espinillo,36,100,https://five.epicollect.net/api/media/plan-de-arbolado-parana-2024-2028?type=photo&format=entry_original&name=6addb044-1cda-4b63-80cb-228e5c1f3bcb_1759244164.jpg,,Si,Saludable ,,Saludable,,Donación,Alineación,No,Natural,
f8c2ac79-b881-4037-88f3-06dba561c35d,0dec1228-b12d-4840-9e91-2a6104f3c0db,2025-09-30T14:55:34.000Z,2025-09-30T15:01:00.000Z,0dec1228-b12d-4840-9e91-2a6104f3c0db,-31.735966,-60.485456,3,6486079,738224,20J,Reconocida,Espinillo,12,80,https://five.epicollect.net/api/media/plan-de-arbolado-parana-2024-2028?type=photo&format=entry_original&name=0dec1228-b12d-4840-9e91-2a6104f3c0db_1759244120.jpg,,Si,Saludable ,,Saludable,,Donación,Alineación,No,Natural,
f8c2ac79-b881-4037-88f3-06dba561c35d,a060c225-7950-4f59-bd3c-5eec8a21a3e4,2025-09-30T14:54:50.000Z,2025-09-30T15:00:58.000Z,a060c225-7950-4f59-bd3c-5eec8a21a3e4,-31.736352,-60.485291,2,6486035,738239,20J,Reconocida,Espinillo,10,80,https://five.epicollect.net/api/media/plan-de-arbolado-parana-2024-2028?type=photo&format=entry_original&name=a060c225-7950-4f59-bd3c-5eec8a21a3e4_1759244064.jpg,,Si,Saludable ,,Saludable,,Donación,Alineación,No,Natural,
f8c2ac79-b881-4037-88f3-06dba561c35d,ac4518f6-d63a-49f5-9c8c-885ec653ed0c,2025-09-30T14:44:39.000Z,2025-09-30T15:00:57.000Z,ac4518f6-d63a-49f5-9c8c-885ec653ed0c,-31.736972,-60.484919,2,6485966,738272,20J,Reconocida,Espinillo,12,60,https://five.epicollect.net/api/media/plan-de-arbolado-parana-2024-2028?type=photo&format=entry_original&name=ac4518f6-d63a-49f5-9c8c-885ec653ed0c_1759243461.jpg,,Si,Saludable ,,Saludable,,Donación,Alineación,No,Natural,
f8c2ac79-b881-4037-88f3-06dba561c35d,942744af-cef0-4c43-8192-b9bb55409537,2025-09-30T14:43:37.000Z,2025-09-30T15:00:55.000Z,942744af-cef0-4c43-8192-b9bb55409537,-31.737054,-60.484874,2,6485957,738277,20J,Reconocida,Espinillo,12,75,https://five.epicollect.net/api/media/plan-de-arbolado-parana-2024-2028?type=photo&format=entry_original&name=942744af-cef0-4c43-8192-b9bb55409537_1759243402.jpg,,Si,Saludable ,,Saludable,,Donación,Alineación,No,Natural,
f8c2ac79-b881-4037-88f3-06dba561c35d,2d9bbae6-c012-41d9-8d3b-85b085d6dc1c,2025-09-30T14:42:51.000Z,2025-09-30T15:00:53.000Z,2d9bbae6-c012-41d9-8d3b-85b085d6dc1c,-31.737111,-60.484823,5,6485950,738281,20J,Reconocida,Espinillo,12,75,https://five.epicollect.net/api/media/plan-de-arbolado-parana-2024-2028?type=photo&format=entry_original&name=2d9bbae6-c012-41d9-8d3b-85b085d6dc1c_1759243353.jpg,,Si,Saludable ,,Saludable,,Donación,Alineación,No,Natural,
f8c2ac79-b881-4037-88f3-06dba561c35d,fcb3909b-fdf1-4f7d-a9a0-41fb4dbd3b55,2025-09-30T14:40:57.000Z,2025-09-30T15:00:51.000Z,fcb3909b-fdf1-4f7d-a9a0-41fb4dbd3b55,-31.736565,-60.485137,2,6486011,738253,20J,Reconocida,Espinillo,12,80,,,Si,Saludable ,,Saludable,,Donación,Alineación,No,Natural,
f8c2ac79-b881-4037-88f3-06dba561c35d,d0667de0-27ef-4231-bf5e-09f4636530d6,2025-09-30T14:39:56.000Z,2025-09-30T15:00:50.000Z,d0667de0-27ef-4231-bf5e-09f4636530d6,-31.736571,-60.485151,2,6486011,738251,20J,Reconocida,Espinillo,12,80,https://five.epicollect.net/api/media/plan-de-arbolado-parana-2024-2028?type=photo&format=entry_original&name=d0667de0-27ef-4231-bf5e-09f4636530d6_1759243181.jpg,,Si,Saludable ,,Saludable,,Donación,Alineación,No,Natural,
f8c2ac79-b881-4037-88f3-06dba561c35d,fb70ed91-6ab1-443d-85c2-be60053f2c03,2025-09-30T14:38:55.000Z,2025-09-30T15:00:48.000Z,fb70ed91-6ab1-443d-85c2-be60053f2c03,-31.736628,-60.485166,2,6486005,738250,20J,Reconocida,Espinillo,12,75,https://five.epicollect.net/api/media/plan-de-arbolado-parana-2024-2028?type=photo&format=entry_original&name=fb70ed91-6ab1-443d-85c2-be60053f2c03_1759243118.jpg,,Si,Saludable ,,Saludable,,Vivero municipal,Alineación,No,Natural,
f8c2ac79-b881-4037-88f3-06dba561c35d,bbd31a93-453f-4a27-adc1-1a2afc1ce368,2025-09-30T14:37:52.000Z,2025-09-30T15:00:47.000Z,bbd31a93-453f-4a27-adc1-1a2afc1ce368,-31.736637,-60.485147,2,6486004,738252,20J,Reconocida,Espinillo,8,50,https://five.epicollect.net/api/media/plan-de-arbolado-parana-2024-2028?type=photo&format=entry_original&name=bbd31a93-453f-4a27-adc1-1a2afc1ce368_1759243055.jpg,,Si,Saludable ,,Saludable,,Donación,Alineación,No,Natural,
f8c2ac79-b881-4037-88f3-06dba561c35d,b0a6af72-3bcf-48cd-b69b-84827fba75d2,2025-09-30T14:37:02.000Z,2025-09-30T15:00:44.000Z,b0a6af72-3bcf-48cd-b69b-84827fba75d2,-31.736618,-60.485112,2,6486006,738255,20J,Reconocida,Ceibo,12,20,https://five.epicollect.net/api/media/plan-de-arbolado-parana-2024-2028?type=photo&format=entry_original&name=b0a6af72-3bcf-48cd-b69b-84827fba75d2_1759243003.jpg,,Si,Saludable ,,Saludable,,Donación,Alineación,No,Natural,
f8c2ac79-b881-4037-88f3-06dba561c35d,f0716085-c3f3-4335-9cca-84aaffb47b96,2025-09-30T14:35:58.000Z,2025-09-30T15:00:43.000Z,f0716085-c3f3-4335-9cca-84aaffb47b96,-31.736708,-60.485123,2,6485996,738254,20J,Reconocida,Espinillo,12,80,https://five.epicollect.net/api/media/plan-de-arbolado-parana-2024-2028?type=photo&format=entry_original&name=f0716085-c3f3-4335-9cca-84aaffb47b96_1759242935.jpg,,Si,Saludable ,,Saludable,,Donación,Alineación,No,Natural,
f8c2ac79-b881-4037-88f3-06dba561c35d,56612b16-3849-496b-8c8b-b3db127d146c,2025-09-30T14:34:45.000Z,2025-09-30T15:00:41.000Z,56612b16-3849-496b-8c8b-b3db127d146c,-31.736671,-60.485079,2,6486000,738258,20J,Reconocida,Ceibo,12,60,https://five.epicollect.net/api/media/plan-de-arbolado-parana-2024-2028?type=photo&format=entry_original&name=56612b16-3849-496b-8c8b-b3db127d146c_1759242870.jpg,,Si,Saludable ,,Saludable,,Donación,Alineación,No,Natural,
f8c2ac79-b881-4037-88f3-06dba561c35d,3d2eac92-2693-4336-bac8-b46a461ae4d9,2025-09-30T14:33:51.000Z,2025-09-30T15:00:39.000Z,3d2eac92-2693-4336-bac8-b46a461ae4d9,-31.736739,-60.485095,2,6485992,738256,20J,Reconocida,Tala ,12,75,https://five.epicollect.net/api/media/plan-de-arbolado-parana-2024-2028?type=photo&format=entry_original&name=3d2eac92-2693-4336-bac8-b46a461ae4d9_1759242808.jpg,,Si,Saludable ,,Saludable,,Donación,Alineación,No,Natural,
f8c2ac79-b881-4037-88f3-06dba561c35d,3e2d3e27-92ba-4a94-ac7c-cd087527c97a,2025-09-30T14:32:29.000Z,2025-09-30T15:00:37.000Z,3e2d3e27-92ba-4a94-ac7c-cd087527c97a,-31.736747,-60.485056,2,6485991,738260,20J,Reconocida,Espinillo,12,40,https://five.epicollect.net/api/media/plan-de-arbolado-parana-2024-2028?type=photo&format=entry_original&name=3e2d3e27-92ba-4a94-ac7c-cd087527c97a_1759242729.jpg,,Si,Saludable ,,Saludable,,Vivero municipal,Parques y/o plazas,No,Natural,
f8c2ac79-b881-4037-88f3-06dba561c35d,1a3d0b80-88d7-453f-ad7a-95050020847f,2025-09-30T14:31:17.000Z,2025-09-30T15:00:35.000Z,1a3d0b80-88d7-453f-ad7a-95050020847f,-31.73673,-60.485034,2,6485993,738262,20J,Reconocida,Espinillo,36,90,https://five.epicollect.net/api/media/plan-de-arbolado-parana-2024-2028?type=photo&format=entry_original&name=1a3d0b80-88d7-453f-ad7a-95050020847f_1759242653.jpg,,Si,Saludable ,,Saludable,,Vivero municipal,Parques y/o plazas,No,Natural,
f8c2ac79-b881-4037-88f3-06dba561c35d,59d946b6-90ea-464a-8dd7-4982bc1d9dcb,2025-09-30T14:30:13.000Z,2025-09-30T15:00:33.000Z,59d946b6-90ea-464a-8dd7-4982bc1d9dcb,-31.736795,-60.485071,2,6485986,738259,20J,Reconocida,Tala ,12,75,https://five.epicollect.net/api/media/plan-de-arbolado-parana-2024-2028?type=photo&format=entry_original&name=59d946b6-90ea-464a-8dd7-4982bc1d9dcb_1759242578.jpg,,Si,Saludable ,,No saludable,Levementelastimado,Donación,Alineación,No,Natural,
f8c2ac79-b881-4037-88f3-06dba561c35d,e236997a-412b-484f-8cd3-ce83cca368b1,2025-09-30T14:28:43.000Z,2025-09-30T15:00:31.000Z,e236997a-412b-484f-8cd3-ce83cca368b1,-31.736796,-60.485018,2,6485986,738264,20J,Reconocida,Ceibo,12,12,https://five.epicollect.net/api/media/plan-de-arbolado-parana-2024-2028?type=photo&format=entry_original&name=e236997a-412b-484f-8cd3-ce83cca368b1_1759242479.jpg,,Si,Saludable ,,Saludable,,Donación,Alineación,No,Natural,
f8c2ac79-b881-4037-88f3-06dba561c35d,cd91256f-d4f4-46bb-a087-f064092d249f,2025-09-30T14:27:08.000Z,2025-09-30T15:00:29.000Z,cd91256f-d4f4-46bb-a087-f064092d249f,-31.736844,-60.485032,2,6485980,738262,20J,Reconocida,Espinillo,8,100,https://five.epicollect.net/api/media/plan-de-arbolado-parana-2024-2028?type=photo&format=entry_original&name=cd91256f-d4f4-46bb-a087-f064092d249f_1759242392.jpg,,Si,Saludable ,,Saludable,,Vivero municipal,Alineación,No,Natural,
f8c2ac79-b881-4037-88f3-06dba561c35d,e9322c40-81ce-4aaf-8469-e5132f0a44ee,2025-09-30T14:25:58.000Z,2025-09-30T15:00:28.000Z,e9322c40-81ce-4aaf-8469-e5132f0a44ee,-31.736853,-60.484978,2,6485979,738267,20J,Reconocida,Espinillo,8,100,https://five.epicollect.net/api/media/plan-de-arbolado-parana-2024-2028?type=photo&format=entry_original&name=e9322c40-81ce-4aaf-8469-e5132f0a44ee_1759242323.jpg,,Si,Saludable ,,Saludable,,Donación,Alineación,No,Natural,
f8c2ac79-b881-4037-88f3-06dba561c35d,869717a3-5d43-4618-ab23-3a333c5c22ba,2025-09-30T14:23:31.000Z,2025-09-30T15:00:26.000Z,869717a3-5d43-4618-ab23-3a333c5c22ba,-31.73689,-60.484999,2,6485975,738265,20J,Reconocida,Espinillo,12,75,https://five.epicollect.net/api/media/plan-de-arbolado-parana-2024-2028?type=photo&format=entry_original&name=869717a3-5d43-4618-ab23-3a333c5c22ba_1759242170.jpg,,Si,Saludable ,,Saludable,Lastimado por moto guadaña,Donación,Alineación,No,Natural,
f8c2ac79-b881-4037-88f3-06dba561c35d,57a5ae54-c646-4da6-b7ff-f22693071550,2025-09-30T14:21:43.000Z,2025-09-30T15:00:25.000Z,57a5ae54-c646-4da6-b7ff-f22693071550,-31.736907,-60.484964,2,6485973,738268,20J,Reconocida,Espinillo,12,50,https://five.epicollect.net/api/media/plan-de-arbolado-parana-2024-2028?type=photo&format=entry_original&name=57a5ae54-c646-4da6-b7ff-f22693071550_1759242028.jpg,,Si,No saludable,,Saludable,,Donación,Alineación,No,Natural,
f8c2ac79-b881-4037-88f3-06dba561c35d,54f0565f-20de-40bf-afa3-070ac66da19d,2025-09-30T14:18:44.000Z,2025-09-30T15:00:23.000Z,54f0565f-20de-40bf-afa3-070ac66da19d,-31.73695,-60.484932,2,6485968,738271,20J,Reconocida,Espinillo,12,80,https://five.epicollect.net/api/media/plan-de-arbolado-parana-2024-2028?type=photo&format=entry_original&name=54f0565f-20de-40bf-afa3-070ac66da19d_1759241764.jpg,,Si,Saludable ,,Saludable,,Donación,Alineación,No,Natural,
f8c2ac79-b881-4037-88f3-06dba561c35d,c5e2f25f-ed93-4355-ad3e-876dd198e884,2025-09-30T14:15:12.000Z,2025-09-30T15:00:21.000Z,c5e2f25f-ed93-4355-ad3e-876dd198e884,-31.737028,-60.484855,2,6485960,738278,20J,Reconocida,Espinillo,12,75,https://five.epicollect.net/api/media/plan-de-arbolado-parana-2024-2028?type=photo&format=entry_original&name=c5e2f25f-ed93-4355-ad3e-876dd198e884_1759241689.jpg,,Si,Saludable ,,Saludable,,Vivero municipal,Alineación,No,Natural,
f8c2ac79-b881-4037-88f3-06dba561c35d,56fefbbc-58f9-4033-a739-a79807679f0c,2025-09-30T14:14:08.000Z,2025-09-30T15:00:19.000Z,56fefbbc-58f9-4033-a739-a79807679f0c,-31.736987,-60.484952,2,6485964,738269,20J,Reconocida,Espinillo,36,50,https://five.epicollect.net/api/media/plan-de-arbolado-parana-2024-2028?type=photo&format=entry_original&name=56fefbbc-58f9-4033-a739-a79807679f0c_1759241518.jpg,Lastimada la cortesa,No,Saludable ,,No saludable,Lastimado,Vivero municipal,Alineación,No,Natural,
2a903a46-07e6-41e2-b643-1190eaef4938,bffe44ef-31df-4ff9-847e-811a51ea8254,2025-09-30T14:51:47.000Z,2025-09-30T15:00:15.000Z,bffe44ef-31df-4ff9-847e-811a51ea8254,-31.736829,-60.485357,2,6485983,738231,20J,Reconocida,Tala ,10,80,https://five.epicollect.net/api/media/plan-de-arbolado-parana-2024-2028?type=photo&format=entry_original&name=bffe44ef-31df-4ff9-847e-811a51ea8254_1759243892.jpg,,Si,Saludable ,,Saludable,,Vivero municipal,Parques y/o plazas,No,Natural,
2a903a46-07e6-41e2-b643-1190eaef4938,4cbcf1df-23b9-49ad-9949-6df42eeabf43,2025-09-30T14:50:05.000Z,2025-09-30T15:00:13.000Z,4cbcf1df-23b9-49ad-9949-6df42eeabf43,-31.736681,-60.485394,5,6485999,738228,20J,Reconocida,Espinillo,8,100,https://five.epicollect.net/api/media/plan-de-arbolado-parana-2024-2028?type=photo&format=entry_original&name=4cbcf1df-23b9-49ad-9949-6df42eeabf43_1759243772.jpg,,Si,Saludable ,,Saludable,,Vivero municipal,Parques y/o plazas,No,Natural,
2a903a46-07e6-41e2-b643-1190eaef4938,7a4eaaf9-934b-4e5a-9bfe-6b1e6ccc7fb3,2025-09-30T14:48:16.000Z,2025-09-30T15:00:11.000Z,7a4eaaf9-934b-4e5a-9bfe-6b1e6ccc7fb3,-31.736781,-60.485283,2,6485988,738238,20J,Reconocida,Espinillo,8,60,https://five.epicollect.net/api/media/plan-de-arbolado-parana-2024-2028?type=photo&format=entry_original&name=7a4eaaf9-934b-4e5a-9bfe-6b1e6ccc7fb3_1759243665.jpg,,Si,Saludable ,,Saludable,,Donación,Parques y/o plazas,No,Natural,
58ea8f1d-d697-4b9e-95d1-c9451b56509e,59fae0b9-6f2a-426d-94f2-c8ebd63e4f13,2025-09-11T18:52:10.000Z,2025-10-20T12:02:05.000Z,59fae0b9-6f2a-426d-94f2-c8ebd63e4f13,-31.724034,-60.520458,3,6487478,734937,20J,No reconocible,No identificada,36,30,https://five.epicollect.net/api/media/plan-de-arbolado-parana-2024-2028?type=photo&format=entry_original&name=59fae0b9-6f2a-426d-94f2-c8ebd63e4f13_1757616715.jpg,,Si,Saludable ,,Saludable,,Vivero municipal,Margenes de arroyo,No,Natural,
58ea8f1d-d697-4b9e-95d1-c9451b56509e,1f1682f3-423a-4e71-b0f5-3d7abd01d777,2025-09-11T18:51:31.000Z,2025-10-20T12:02:23.000Z,1f1682f3-423a-4e71-b0f5-3d7abd01d777,-31.724044,-60.520376,4,6487476,734945,20J,No reconocible,No identificada,36,50,https://five.epicollect.net/api/media/plan-de-arbolado-parana-2024-2028?type=photo&format=entry_original&name=1f1682f3-423a-4e71-b0f5-3d7abd01d777_1757616682.jpg,,Si,Saludable ,,Saludable,,Vivero municipal,Margenes de arroyo,No,Natural,
58ea8f1d-d697-4b9e-95d1-c9451b56509e,bb465593-abd0-4cca-99eb-d2237043a212,2025-09-11T18:50:36.000Z,2025-10-20T12:02:40.000Z,bb465593-abd0-4cca-99eb-d2237043a212,-31.724041,-60.520232,5,6487476,734959,20J,No reconocible,No identificada,36,50,https://five.epicollect.net/api/media/plan-de-arbolado-parana-2024-2028?type=photo&format=entry_original&name=bb465593-abd0-4cca-99eb-d2237043a212_1757616623.jpg,,Si,Saludable ,,Saludable,,Vivero municipal,Margenes de arroyo,No,Natural,
58ea8f1d-d697-4b9e-95d1-c9451b56509e,e4aca71f-2f25-4a10-8524-cf7c51b2da67,2025-09-11T18:49:53.000Z,2025-10-20T12:01:08.000Z,e4aca71f-2f25-4a10-8524-cf7c51b2da67,-31.723969,-60.520042,6,6487484,734977,20J,No reconocible,No identificada,36,50,https://five.epicollect.net/api/media/plan-de-arbolado-parana-2024-2028?type=photo&format=entry_original&name=e4aca71f-2f25-4a10-8524-cf7c51b2da67_1757616584.jpg,,Si,Saludable ,,Saludable,,Vivero municipal,Margenes de arroyo,No,Natural,
58ea8f1d-d697-4b9e-95d1-c9451b56509e,39590b16-eec1-4f72-8fd7-1d6a6ad2b882,2025-09-11T18:49:06.000Z,2025-09-11T18:53:56.000Z,39590b16-eec1-4f72-8fd7-1d6a6ad2b882,-31.724002,-60.520064,3,6487480,734975,20J,Reconocida,Tala ,36,50,https://five.epicollect.net/api/media/plan-de-arbolado-parana-2024-2028?type=photo&format=entry_original&name=39590b16-eec1-4f72-8fd7-1d6a6ad2b882_1757616535.jpg,,Si,Saludable ,,Saludable,,Vivero municipal,Margenes de arroyo,No,Natural,
58ea8f1d-d697-4b9e-95d1-c9451b56509e,9ba55aa7-31b2-4dcd-a8cc-7cfdb47eed78,2025-09-11T18:48:19.000Z,2025-10-20T12:00:00.000Z,9ba55aa7-31b2-4dcd-a8cc-7cfdb47eed78,-31.724037,-60.520058,4,6487477,734975,20J,No reconocible,No identificada,36,100,https://five.epicollect.net/api/media/plan-de-arbolado-parana-2024-2028?type=photo&format=entry_original&name=9ba55aa7-31b2-4dcd-a8cc-7cfdb47eed78_1757616481.jpg,,Si,Saludable ,,Saludable,,Vivero municipal,Margenes de arroyo,No,Natural,
58ea8f1d-d697-4b9e-95d1-c9451b56509e,46c341f6-1094-440c-8862-e27eb83a5e2d,2025-09-11T18:46:44.000Z,2025-09-11T18:53:53.000Z,46c341f6-1094-440c-8862-e27eb83a5e2d,-31.7241,-60.520076,5,6487470,734973,20J,Reconocida,Lapacho,36,150,https://five.epicollect.net/api/media/plan-de-arbolado-parana-2024-2028?type=photo&format=entry_original&name=46c341f6-1094-440c-8862-e27eb83a5e2d_1757616395.jpg,,Si,Saludable ,,Saludable,,Vivero municipal,Margenes de arroyo,No,Natural,
58ea8f1d-d697-4b9e-95d1-c9451b56509e,9f8b46a5-c05c-4003-9556-9dc96740ba5d,2025-09-11T18:45:58.000Z,2025-09-11T18:53:51.000Z,9f8b46a5-c05c-4003-9556-9dc96740ba5d,-31.724158,-60.52001,3,6487463,734979,20J,Reconocida,Espinillo,36,150,https://five.epicollect.net/api/media/plan-de-arbolado-parana-2024-2028?type=photo&format=entry_original&name=9f8b46a5-c05c-4003-9556-9dc96740ba5d_1757616251.jpg,,Si,Saludable ,,Saludable,,Vivero municipal,Margenes de arroyo,No,Natural,
58ea8f1d-d697-4b9e-95d1-c9451b56509e,a4393444-13a2-4fdf-86e6-75b84eea7661,2025-09-11T18:43:46.000Z,2025-09-11T18:53:49.000Z,a4393444-13a2-4fdf-86e6-75b84eea7661,-31.724135,-60.52005,3,6487466,734976,20J,Reconocida,Tala ,36,80,https://five.epicollect.net/api/media/plan-de-arbolado-parana-2024-2028?type=photo&format=entry_original&name=a4393444-13a2-4fdf-86e6-75b84eea7661_1757616216.jpg,,Si,Saludable ,,Saludable,,Vivero municipal,Margenes de arroyo,No,Natural,
58ea8f1d-d697-4b9e-95d1-c9451b56509e,8e46ab15-3a05-4d7c-a22b-c9ecf414ece9,2025-09-11T18:43:12.000Z,2025-09-11T18:53:47.000Z,8e46ab15-3a05-4d7c-a22b-c9ecf414ece9,-31.724087,-60.520116,5,6487471,734970,20J,Reconocida,Ombú,36,100,https://five.epicollect.net/api/media/plan-de-arbolado-parana-2024-2028?type=photo&format=entry_original&name=8e46ab15-3a05-4d7c-a22b-c9ecf414ece9_1757616182.jpg,,Si,Saludable ,,Saludable,,Vivero municipal,Margenes de arroyo,No,Natural,
58ea8f1d-d697-4b9e-95d1-c9451b56509e,a064197b-9464-4dab-b100-c5e1984ab5f6,2025-09-11T18:42:39.000Z,2025-09-11T18:53:45.000Z,a064197b-9464-4dab-b100-c5e1984ab5f6,-31.724073,-60.52013,3,6487473,734968,20J,Reconocida,Tala ,36,50,https://five.epicollect.net/api/media/plan-de-arbolado-parana-2024-2028?type=photo&format=entry_original&name=a064197b-9464-4dab-b100-c5e1984ab5f6_1757616148.jpg,,Si,Saludable ,,Saludable,,Vivero municipal,Margenes de arroyo,No,Natural,
58ea8f1d-d697-4b9e-95d1-c9451b56509e,cf475ab0-adf6-483a-afee-491da056c586,2025-09-11T18:42:05.000Z,2025-09-11T18:53:44.000Z,cf475ab0-adf6-483a-afee-491da056c586,-31.724054,-60.520096,4,6487475,734972,20J,Reconocida,Espinillo,36,100,https://five.epicollect.net/api/media/plan-de-arbolado-parana-2024-2028?type=photo&format=entry_original&name=cf475ab0-adf6-483a-afee-491da056c586_1757616113.jpg,,Si,Saludable ,,Saludable,,Vivero municipal,Margenes de arroyo,No,Natural,
58ea8f1d-d697-4b9e-95d1-c9451b56509e,41417575-5ea0-4bed-a3e0-ac440ec37919,2025-09-11T18:41:30.000Z,2025-09-11T18:53:42.000Z,41417575-5ea0-4bed-a3e0-ac440ec37919,-31.723987,-60.520068,5,6487482,734974,20J,Reconocida,Tala ,36,50,https://five.epicollect.net/api/media/plan-de-arbolado-parana-2024-2028?type=photo&format=entry_original&name=41417575-5ea0-4bed-a3e0-ac440ec37919_1757616074.jpg,,Si,Saludable ,,Saludable,,Vivero municipal,Margenes de arroyo,No,Natural,
58ea8f1d-d697-4b9e-95d1-c9451b56509e,f989e605-61ec-45ef-b7ab-45af63116322,2025-09-11T18:40:48.000Z,2025-09-11T18:53:39.000Z,f989e605-61ec-45ef-b7ab-45af63116322,-31.723994,-60.520137,5,6487481,734968,20J,Reconocida,Espinillo,36,150,https://five.epicollect.net/api/media/plan-de-arbolado-parana-2024-2028?type=photo&format=entry_original&name=f989e605-61ec-45ef-b7ab-45af63116322_1757616035.jpg,,Si,Saludable ,,Saludable,,Vivero municipal,Margenes de arroyo,No,Natural,
58ea8f1d-d697-4b9e-95d1-c9451b56509e,c225f2fe-2351-458f-b444-2dd4180da435,2025-09-11T18:40:13.000Z,2025-09-11T18:53:37.000Z,c225f2fe-2351-458f-b444-2dd4180da435,-31.72398,-60.520186,5,6487483,734963,20J,Reconocida,Lapacho,36,110,https://five.epicollect.net/api/media/plan-de-arbolado-parana-2024-2028?type=photo&format=entry_original&name=c225f2fe-2351-458f-b444-2dd4180da435_1757616003.jpg,,Si,Saludable ,,Saludable,,Vivero municipal,Margenes de arroyo,No,Natural,
58ea8f1d-d697-4b9e-95d1-c9451b56509e,b3f430f0-32fc-4d31-b8de-4fffa3cd8119,2025-09-11T18:39:09.000Z,2025-09-11T18:53:34.000Z,b3f430f0-32fc-4d31-b8de-4fffa3cd8119,-31.724037,-60.520257,4,6487477,734956,20J,Reconocida,Lapacho,36,150,https://five.epicollect.net/api/media/plan-de-arbolado-parana-2024-2028?type=photo&format=entry_original&name=b3f430f0-32fc-4d31-b8de-4fffa3cd8119_1757615921.jpg,,Si,Saludable ,,Saludable,,Vivero municipal,Margenes de arroyo,No,Natural,
58ea8f1d-d697-4b9e-95d1-c9451b56509e,6e907ecc-2bb1-4d62-94ed-7a573bda7ff8,2025-09-11T18:38:03.000Z,2025-09-11T18:53:32.000Z,6e907ecc-2bb1-4d62-94ed-7a573bda7ff8,-31.723942,-60.52048,3,6487488,734935,20J,Reconocida,Timbó,36,160,https://five.epicollect.net/api/media/plan-de-arbolado-parana-2024-2028?type=photo&format=entry_original&name=6e907ecc-2bb1-4d62-94ed-7a573bda7ff8_1757615866.jpg,,Si,Saludable ,,Saludable,,Vivero municipal,Margenes de arroyo,No,Natural,
58ea8f1d-d697-4b9e-95d1-c9451b56509e,28adf1f8-4d99-425b-a802-b2f46f01ae4e,2025-09-11T18:36:22.000Z,2025-09-11T18:53:30.000Z,28adf1f8-4d99-425b-a802-b2f46f01ae4e,-31.724059,-60.520511,4,6487475,734932,20J,Reconocida,Lapacho,36,50,https://five.epicollect.net/api/media/plan-de-arbolado-parana-2024-2028?type=photo&format=entry_original&name=28adf1f8-4d99-425b-a802-b2f46f01ae4e_1757615771.jpg,,Si,Saludable ,,Saludable,,Vivero municipal,Margenes de arroyo,No,Natural,
58ea8f1d-d697-4b9e-95d1-c9451b56509e,622cc11b-c829-4952-b11d-2313841f5a13,2025-09-11T18:34:17.000Z,2025-09-11T18:53:29.000Z,622cc11b-c829-4952-b11d-2313841f5a13,-31.723956,-60.520442,4,6487486,734939,20J,Reconocida,Espinillo,36,150,https://five.epicollect.net/api/media/plan-de-arbolado-parana-2024-2028?type=photo&format=entry_original&name=622cc11b-c829-4952-b11d-2313841f5a13_1757615645.jpg,,Si,Saludable ,,Saludable,,Vivero municipal,Margenes de arroyo,No,Natural,
58ea8f1d-d697-4b9e-95d1-c9451b56509e,250f3d5a-970e-4ed1-94f3-ab2f7fd117c1,2025-09-11T18:33:28.000Z,2025-09-11T18:53:26.000Z,250f3d5a-970e-4ed1-94f3-ab2f7fd117c1,-31.723984,-60.520385,4,6487483,734944,20J,Reconocida,Lapacho,36,100,https://five.epicollect.net/api/media/plan-de-arbolado-parana-2024-2028?type=photo&format=entry_original&name=250f3d5a-970e-4ed1-94f3-ab2f7fd117c1_1757615590.jpg,,Si,Saludable ,,No saludable,,Vivero municipal,Margenes de arroyo,No,Natural,
58ea8f1d-d697-4b9e-95d1-c9451b56509e,4b3f63cc-b644-4ec2-bb22-1749c7bfb6d6,2025-09-11T18:32:38.000Z,2025-09-11T18:53:24.000Z,4b3f63cc-b644-4ec2-bb22-1749c7bfb6d6,-31.724003,-60.52044,4,6487481,734939,20J,Reconocida,Lapacho,36,100,https://five.epicollect.net/api/media/plan-de-arbolado-parana-2024-2028?type=photo&format=entry_original&name=4b3f63cc-b644-4ec2-bb22-1749c7bfb6d6_1757615547.jpg,,Si,Saludable ,,Saludable,,Vivero municipal,Margenes de arroyo,No,Natural,
58ea8f1d-d697-4b9e-95d1-c9451b56509e,5f35aaa3-7dde-4f43-8a0e-0d9d76f0a25b,2025-09-11T18:32:02.000Z,2025-09-11T18:53:21.000Z,5f35aaa3-7dde-4f43-8a0e-0d9d76f0a25b,-31.723999,-60.520407,4,6487482,734942,20J,Reconocida,Tala ,36,50,https://five.epicollect.net/api/media/plan-de-arbolado-parana-2024-2028?type=photo&format=entry_original&name=5f35aaa3-7dde-4f43-8a0e-0d9d76f0a25b_1757615511.jpg,,Si,Saludable ,,Saludable,,Vivero municipal,Margenes de arroyo,No,Natural,
58ea8f1d-d697-4b9e-95d1-c9451b56509e,b894bd24-081e-4825-aa27-e7298f4ab09a,2025-09-11T18:30:56.000Z,2025-09-11T18:53:18.000Z,b894bd24-081e-4825-aa27-e7298f4ab09a,-31.724065,-60.52046,4,6487474,734937,20J,Reconocida,Tala ,36,50,https://five.epicollect.net/api/media/plan-de-arbolado-parana-2024-2028?type=photo&format=entry_original&name=b894bd24-081e-4825-aa27-e7298f4ab09a_1757615443.jpg,,Si,Saludable ,,Saludable,,Vivero municipal,Margenes de arroyo,No,Natural,
58ea8f1d-d697-4b9e-95d1-c9451b56509e,cf2cc414-5e68-4cd6-a997-d58f7259ef2d,2025-09-11T18:30:13.000Z,2025-09-11T18:53:16.000Z,cf2cc414-5e68-4cd6-a997-d58f7259ef2d,-31.724064,-60.520432,4,6487474,734940,20J,Reconocida,Timbó,36,150,https://five.epicollect.net/api/media/plan-de-arbolado-parana-2024-2028?type=photo&format=entry_original&name=cf2cc414-5e68-4cd6-a997-d58f7259ef2d_1757615397.jpg,,Si,Saludable ,,,,Vivero municipal,Margenes de arroyo,No,Natural,
58ea8f1d-d697-4b9e-95d1-c9451b56509e,26dbb414-c764-41d7-b252-3c97983b0d55,2025-09-11T18:29:24.000Z,2025-09-11T18:53:13.000Z,26dbb414-c764-41d7-b252-3c97983b0d55,-31.724091,-60.520418,3,6487471,734941,20J,Reconocida,Espinillo,36,110,https://five.epicollect.net/api/media/plan-de-arbolado-parana-2024-2028?type=photo&format=entry_original&name=26dbb414-c764-41d7-b252-3c97983b0d55_1757615347.jpg,,Si,Saludable ,,Saludable,,Vivero municipal,Margenes de arroyo,No,Natural,
58ea8f1d-d697-4b9e-95d1-c9451b56509e,44e33a6c-eb78-4679-9492-c610ea1ec788,2025-09-11T18:28:08.000Z,2025-09-11T18:53:11.000Z,44e33a6c-eb78-4679-9492-c610ea1ec788,-31.724094,-60.520481,4,6487471,734935,20J,Reconocida,Timbó,36,80,https://five.epicollect.net/api/media/plan-de-arbolado-parana-2024-2028?type=photo&format=entry_original&name=44e33a6c-eb78-4679-9492-c610ea1ec788_1757615114.jpg,,Si,Saludable ,,Saludable,,Vivero municipal,Margenes de arroyo,No,Natural,
787cac9c-2295-4c25-9b00-ef87acba94c7,a8c4456e-1800-4968-a61e-6cd183e3a7c2,2025-08-28T21:05:25.000Z,2025-10-20T11:58:30.000Z,a8c4456e-1800-4968-a61e-6cd183e3a7c2,-31.759701,-60.455586,4,6483381,740993,20J,No reconocible,No identificada,36,110,https://five.epicollect.net/api/media/plan-de-arbolado-parana-2024-2028?type=photo&format=entry_original&name=a8c4456e-1800-4968-a61e-6cd183e3a7c2_1756415110.jpg,,Si,Saludable ,Sin hojas,Saludable,,Vivero municipal,Parques y/o plazas,No,Natural,
40cca1c2-b4d1-496b-a071-1265ec515adb,22dbe62e-9350-4c2d-bcde-538f87b3f063,2025-08-28T20:56:18.000Z,2025-08-28T20:56:33.000Z,22dbe62e-9350-4c2d-bcde-538f87b3f063,-31.75987,-60.455329,4,6483362,741017,20J,Reconocida,Tipa Colorada,36,70,https://five.epicollect.net/api/media/plan-de-arbolado-parana-2024-2028?type=photo&format=entry_original&name=22dbe62e-9350-4c2d-bcde-538f87b3f063_1756414553.jpg,,Si,Saludable ,,Saludable,,Vivero municipal,Parques y/o plazas,No,Natural,
40cca1c2-b4d1-496b-a071-1265ec515adb,9d33bbea-1dca-4d42-882f-308e7c9645fe,2025-08-28T20:55:03.000Z,2025-08-28T20:56:32.000Z,9d33bbea-1dca-4d42-882f-308e7c9645fe,-31.759713,-60.455444,4,6483379,741007,20J,Reconocida,Azota Caballos,36,110,https://five.epicollect.net/api/media/plan-de-arbolado-parana-2024-2028?type=photo&format=entry_original&name=9d33bbea-1dca-4d42-882f-308e7c9645fe_1756414489.jpg,,Si,Saludable ,En brotacion,Saludable,,Vivero municipal,Parques y/o plazas,No,Natural,
f721d167-e761-43e8-931f-c8bfb6ad1583,d3741cd3-2fad-4ca4-8f4d-9ca1f78e9921,2025-08-28T20:40:26.000Z,2025-08-28T20:53:32.000Z,d3741cd3-2fad-4ca4-8f4d-9ca1f78e9921,-31.737316,-60.458373,10,6485869,740787,20J,Reconocida,Aguaribay,36,240,https://five.epicollect.net/api/media/plan-de-arbolado-parana-2024-2028?type=photo&format=entry_original&name=d3741cd3-2fad-4ca4-8f4d-9ca1f78e9921_1756413577.jpg,,Si,No saludable,Secas. Falta riego,No saludable,Seco en su apice,Vivero municipal,Parques y/o plazas,No,Natural,
f721d167-e761-43e8-931f-c8bfb6ad1583,944299eb-6ddf-4168-9410-a692d412e712,2025-08-28T20:38:15.000Z,2025-08-28T20:53:31.000Z,944299eb-6ddf-4168-9410-a692d412e712,-31.737253,-60.458298,10,6485876,740794,20J,Reconocida,Palo Jabón,36,180,https://five.epicollect.net/api/media/plan-de-arbolado-parana-2024-2028?type=photo&format=entry_original&name=944299eb-6ddf-4168-9410-a692d412e712_1756413454.jpg,,Si,Saludable ,No posee,Saludable,,Vivero municipal,Parques y/o plazas,No,Natural,
f721d167-e761-43e8-931f-c8bfb6ad1583,42c871f5-2b79-41d1-b974-1754f7c35eec,2025-08-28T20:35:03.000Z,2025-08-28T20:53:30.000Z,42c871f5-2b79-41d1-b974-1754f7c35eec,-31.737224,-60.458394,4,6485880,740785,20J,Reconocida,Azota Caballos,36,240,https://five.epicollect.net/api/media/plan-de-arbolado-parana-2024-2028?type=photo&format=entry_original&name=42c871f5-2b79-41d1-b974-1754f7c35eec_1756413254.jpg,,Si,Saludable ,En brotacion. Falta riego.,Saludable,,Vivero municipal,Parques y/o plazas,No,Natural,
f721d167-e761-43e8-931f-c8bfb6ad1583,69fb62af-3ae0-43e4-81b5-33d5ccd151de,2025-08-28T20:33:20.000Z,2025-08-28T20:53:28.000Z,69fb62af-3ae0-43e4-81b5-33d5ccd151de,-31.737168,-60.458382,4,6485886,740787,20J,No reconocible,Lapacho,36,10,https://five.epicollect.net/api/media/plan-de-arbolado-parana-2024-2028?type=photo&format=entry_original&name=69fb62af-3ae0-43e4-81b5-33d5ccd151de_1756413162.jpg,Estructura arbórea sin vida,Si,No saludable,,No saludable,,Vivero municipal,Parques y/o plazas,No,Natural,
f721d167-e761-43e8-931f-c8bfb6ad1583,ce5793bb-dbee-461b-8321-7c5ab783fd85,2025-08-28T20:28:44.000Z,2025-08-28T20:53:27.000Z,ce5793bb-dbee-461b-8321-7c5ab783fd85,-31.736944,-60.458612,4,6485911,740766,20J,Reconocida,Aguaribay,36,250,https://five.epicollect.net/api/media/plan-de-arbolado-parana-2024-2028?type=photo&format=entry_original&name=ce5793bb-dbee-461b-8321-7c5ab783fd85_1756412916.jpg,,Si,Saludable ,,Saludable,,Vivero municipal,Parques y/o plazas,No,Natural,
f721d167-e761-43e8-931f-c8bfb6ad1583,8cecdc46-c091-452d-84a7-8a9a53649e00,2025-08-28T20:27:37.000Z,2025-08-28T20:53:25.000Z,8cecdc46-c091-452d-84a7-8a9a53649e00,-31.736969,-60.458369,19,6485908,740788,20J,Reconocida,Palo Jabón,36,150,https://five.epicollect.net/api/media/plan-de-arbolado-parana-2024-2028?type=photo&format=entry_original&name=8cecdc46-c091-452d-84a7-8a9a53649e00_1756412842.jpg,,Si,Saludable ,,Saludable,,Vivero municipal,Parques y/o plazas,No,Natural,
f721d167-e761-43e8-931f-c8bfb6ad1583,bd38aa1f-c9e5-45a9-9c6a-5ba9844652fb,2025-08-28T20:24:49.000Z,2025-08-28T20:53:24.000Z,bd38aa1f-c9e5-45a9-9c6a-5ba9844652fb,-31.736975,-60.458393,4,6485907,740786,20J,Reconocida,Palo Jabón,36,100,https://five.epicollect.net/api/media/plan-de-arbolado-parana-2024-2028?type=photo&format=entry_original&name=bd38aa1f-c9e5-45a9-9c6a-5ba9844652fb_1756412625.jpg,"PaloJabónde 1m de altura en buen estado general, sin hojas ni brotes.",Si,Saludable ,No posee,Saludable,,Vivero municipal,Parques y/o plazas,No,Natural,
7efbcc18-3d2b-4833-b4bd-cd2034763946,b9edec1b-b2ed-4611-b3b1-eba2cb94725e,2025-08-27T18:10:47.000Z,2025-08-27T18:17:19.000Z,b9edec1b-b2ed-4611-b3b1-eba2cb94725e,-31.755009,-60.466414,4,6483925,739980,20J,No reconocible,Tipa Colorada,36,100,https://five.epicollect.net/api/media/plan-de-arbolado-parana-2024-2028?type=photo&format=entry_original&name=b9edec1b-b2ed-4611-b3b1-eba2cb94725e_1756318081.jpg,Posible tipa colorada secándose,Si,No saludable,Sin hojas,No saludable,Secándose,Vivero municipal,Parques y/o plazas,No,Natural,
983f0e81-f484-4ac0-b6b6-8b26e52aba6c,831a533b-ccc2-4e8b-baa9-14e3d5ab82ec,2025-08-27T17:51:26.000Z,2025-10-20T11:57:20.000Z,831a533b-ccc2-4e8b-baa9-14e3d5ab82ec,,,,,,,Reconocida,Azota Caballos,36,190,https://five.epicollect.net/api/media/plan-de-arbolado-parana-2024-2028?type=photo&format=entry_original&name=831a533b-ccc2-4e8b-baa9-14e3d5ab82ec_1756316968.jpg,Azota caballo en buen estado fitosanitario general. Correctamente sujeto al tutor.,Si,Saludable ,,Saludable,,Vivero municipal,Alineación,No,Natural,
97363ed2-923f-4e27-a63d-48b8190d0f6e,20d2f931-c2c3-4fc3-b102-4c79988fecc0,2025-08-20T18:48:24.000Z,2025-10-20T11:44:35.000Z,20d2f931-c2c3-4fc3-b102-4c79988fecc0,-31.734373,-60.543001,4,6486380,732775,20J,Reconocida,Palo Borracho,36,150,https://five.epicollect.net/api/media/plan-de-arbolado-parana-2024-2028?type=photo&format=entry_original&name=20d2f931-c2c3-4fc3-b102-4c79988fecc0_1755715692.jpg,,Si,Saludable ,En brotación,Saludable,,Vivero municipal,Parques y/o plazas,No,Natural,
97363ed2-923f-4e27-a63d-48b8190d0f6e,41c61b6d-6409-48e1-bdf6-f23cfb5bb45f,2025-08-20T18:47:39.000Z,2025-08-20T18:49:50.000Z,41c61b6d-6409-48e1-bdf6-f23cfb5bb45f,-31.734357,-60.543077,5,6486382,732768,20J,Reconocida,Ibirapitá,36,130,https://five.epicollect.net/api/media/plan-de-arbolado-parana-2024-2028?type=photo&format=entry_original&name=41c61b6d-6409-48e1-bdf6-f23cfb5bb45f_1755715646.jpg,,Si,Saludable ,,Saludable,,Vivero municipal,Parques y/o plazas,No,Natural,
97363ed2-923f-4e27-a63d-48b8190d0f6e,5c81b540-f10e-44ce-a789-94b85f608eb9,2025-08-20T18:46:12.000Z,2025-08-20T18:49:49.000Z,5c81b540-f10e-44ce-a789-94b85f608eb9,-31.734177,-60.543007,6,6486402,732775,20J,Reconocida,Lapacho,36,110,https://five.epicollect.net/api/media/plan-de-arbolado-parana-2024-2028?type=photo&format=entry_original&name=5c81b540-f10e-44ce-a789-94b85f608eb9_1755715554.jpg,,Si,Saludable ,En brotacion,Saludable,,Vivero municipal,Parques y/o plazas,No,Natural,
97363ed2-923f-4e27-a63d-48b8190d0f6e,06fac9a6-403a-4bc2-8ef2-1f00e97bef4b,2025-08-20T18:45:23.000Z,2025-08-20T18:49:48.000Z,06fac9a6-403a-4bc2-8ef2-1f00e97bef4b,-31.734158,-60.543047,3,6486404,732771,20J,Reconocida,Ibirapitá,36,110,https://five.epicollect.net/api/media/plan-de-arbolado-parana-2024-2028?type=photo&format=entry_original&name=06fac9a6-403a-4bc2-8ef2-1f00e97bef4b_1755715515.jpg,,Si,Saludable ,,Saludable,,Vivero municipal,Parques y/o plazas,No,Natural,
97363ed2-923f-4e27-a63d-48b8190d0f6e,736dc8c0-c2eb-4792-a904-1c69ec8bbd19,2025-08-20T18:44:05.000Z,2025-08-20T18:49:46.000Z,736dc8c0-c2eb-4792-a904-1c69ec8bbd19,-31.734181,-60.543077,6,6486401,732768,20J,Reconocida,Lapacho,36,240,https://five.epicollect.net/api/media/plan-de-arbolado-parana-2024-2028?type=photo&format=entry_original&name=736dc8c0-c2eb-4792-a904-1c69ec8bbd19_1755715437.jpg,,Si,Saludable ,,Saludable,,Vivero municipal,Parques y/o plazas,No,Natural,
97363ed2-923f-4e27-a63d-48b8190d0f6e,ee8bf1f7-2bf0-4be9-8695-e476e802fcd3,2025-08-20T18:43:17.000Z,2025-08-20T18:49:45.000Z,ee8bf1f7-2bf0-4be9-8695-e476e802fcd3,-31.734273,-60.543068,3,6486391,732769,20J,Reconocida,Palo Borracho,36,160,https://five.epicollect.net/api/media/plan-de-arbolado-parana-2024-2028?type=photo&format=entry_original&name=ee8bf1f7-2bf0-4be9-8695-e476e802fcd3_1755715376.jpg,,Si,Saludable ,En brotacion,Saludable,,Vivero municipal,Parques y/o plazas,No,Natural,
97363ed2-923f-4e27-a63d-48b8190d0f6e,dc92a495-bc02-4102-a9b2-510724fd1a71,2025-08-20T18:41:53.000Z,2025-08-20T18:49:44.000Z,dc92a495-bc02-4102-a9b2-510724fd1a71,-31.734284,-60.543094,4,6486390,732766,20J,Reconocida,Ibirapitá,36,175,https://five.epicollect.net/api/media/plan-de-arbolado-parana-2024-2028?type=photo&format=entry_original&name=dc92a495-bc02-4102-a9b2-510724fd1a71_1755715299.jpg,,Si,Saludable ,,Saludable,,Vivero municipal,Parques y/o plazas,No,Natural,
97363ed2-923f-4e27-a63d-48b8190d0f6e,5153fda1-172d-4450-9863-a7ca6cdc8e04,2025-08-20T18:40:48.000Z,2025-08-20T18:49:42.000Z,5153fda1-172d-4450-9863-a7ca6cdc8e04,-31.734355,-60.543077,5,6486382,732768,20J,Reconocida,Palo Borracho,36,170,https://five.epicollect.net/api/media/plan-de-arbolado-parana-2024-2028?type=photo&format=entry_original&name=5153fda1-172d-4450-9863-a7ca6cdc8e04_1755715236.jpg,,Si,Saludable ,,Saludable,,Vivero municipal,Parques y/o plazas,No,Natural,
97363ed2-923f-4e27-a63d-48b8190d0f6e,42edcd42-cd47-4cd8-84e3-01d3581a22f7,2025-08-20T18:37:25.000Z,2025-08-20T18:49:41.000Z,42edcd42-cd47-4cd8-84e3-01d3581a22f7,-31.734012,-60.543612,4,6486421,732718,20J,Reconocida,Lapacho,36,120,https://five.epicollect.net/api/media/plan-de-arbolado-parana-2024-2028?type=photo&format=entry_original&name=42edcd42-cd47-4cd8-84e3-01d3581a22f7_1755715024.jpg,,Si,Saludable ,No posee,Saludable,,Vivero municipal,Parques y/o plazas,No,Natural,
97363ed2-923f-4e27-a63d-48b8190d0f6e,7ff0be90-b7d7-4113-9f7e-297b3396c07b,2025-08-20T18:36:21.000Z,2025-08-20T18:49:39.000Z,7ff0be90-b7d7-4113-9f7e-297b3396c07b,-31.734011,-60.543572,4,6486421,732722,20J,Reconocida,Aguaribay,36,240,https://five.epicollect.net/api/media/plan-de-arbolado-parana-2024-2028?type=photo&format=entry_original&name=7ff0be90-b7d7-4113-9f7e-297b3396c07b_1755714969.jpg,,Si,Saludable ,,Saludable,,Vivero municipal,Parques y/o plazas,No,Natural,
97363ed2-923f-4e27-a63d-48b8190d0f6e,9caec565-8142-4608-8445-86284667d8e4,2025-08-20T18:35:43.000Z,2025-08-20T18:49:38.000Z,9caec565-8142-4608-8445-86284667d8e4,-31.734062,-60.54356,4,6486415,732723,20J,Reconocida,Palo Borracho,36,120,https://five.epicollect.net/api/media/plan-de-arbolado-parana-2024-2028?type=photo&format=entry_original&name=9caec565-8142-4608-8445-86284667d8e4_1755714921.jpg,,Si,Saludable ,"No posee, en brotacion.",Saludable,,Vivero municipal,Parques y/o plazas,No,Natural,
97363ed2-923f-4e27-a63d-48b8190d0f6e,a4151294-8095-434b-8550-887847e83058,2025-08-20T18:34:32.000Z,2025-10-20T11:48:41.000Z,a4151294-8095-434b-8550-887847e83058,-31.734133,-60.543477,5,6486407,732730,20J,No reconocible,No identificada,36,110,https://five.epicollect.net/api/media/plan-de-arbolado-parana-2024-2028?type=photo&format=entry_original&name=a4151294-8095-434b-8550-887847e83058_1755714851.jpg,,Si,Saludable ,No posee,Saludable,Quebrado en su apice,Vivero municipal,Parques y/o plazas,No,Natural,
97363ed2-923f-4e27-a63d-48b8190d0f6e,7b207520-dcce-41d9-9906-e825a2956b68,2025-08-20T18:33:08.000Z,2025-10-20T11:49:06.000Z,7b207520-dcce-41d9-9906-e825a2956b68,-31.734031,-60.54333,4,6486418,732745,20J,No reconocible,No identificada,36,170,https://five.epicollect.net/api/media/plan-de-arbolado-parana-2024-2028?type=photo&format=entry_original&name=7b207520-dcce-41d9-9906-e825a2956b68_1755714764.jpg,,Si,Saludable ,No posee,Saludable,Quebrado en su apice,Vivero municipal,Parques y/o plazas,No,Natural,
97363ed2-923f-4e27-a63d-48b8190d0f6e,2a8dfab1-7971-4c41-9aee-92a0ab879e8f,2025-08-20T18:31:58.000Z,2025-08-20T18:49:34.000Z,2a8dfab1-7971-4c41-9aee-92a0ab879e8f,-31.73399,-60.543391,5,6486423,732739,20J,Reconocida,Palo Borracho,36,170,https://five.epicollect.net/api/media/plan-de-arbolado-parana-2024-2028?type=photo&format=entry_original&name=2a8dfab1-7971-4c41-9aee-92a0ab879e8f_1755714700.jpg,,Si,Saludable ,No posee. En brotacion.,Saludable,,Vivero municipal,Parques y/o plazas,No,Natural,
97363ed2-923f-4e27-a63d-48b8190d0f6e,0e4aa27d-e8cc-4d32-9702-20b6ae66251f,2025-08-20T18:31:04.000Z,2025-10-20T11:49:29.000Z,0e4aa27d-e8cc-4d32-9702-20b6ae66251f,-31.733967,-60.543431,4,6486426,732735,20J,No reconocible,No identificada,36,100,https://five.epicollect.net/api/media/plan-de-arbolado-parana-2024-2028?type=photo&format=entry_original&name=0e4aa27d-e8cc-4d32-9702-20b6ae66251f_1755714642.jpg,,Si,Saludable ,No posee,Saludable,,Vivero municipal,Parques y/o plazas,No,Natural,
97363ed2-923f-4e27-a63d-48b8190d0f6e,4e3f03e5-9e0a-4ae4-bddd-c0ad88867cea,2025-08-20T18:30:03.000Z,2025-08-20T18:49:31.000Z,4e3f03e5-9e0a-4ae4-bddd-c0ad88867cea,-31.733929,-60.543436,6,6486430,732735,20J,Reconocida,Ibirapitá,36,170,https://five.epicollect.net/api/media/plan-de-arbolado-parana-2024-2028?type=photo&format=entry_original&name=4e3f03e5-9e0a-4ae4-bddd-c0ad88867cea_1755714593.jpg,,Si,Saludable ,,Saludable,,Vivero municipal,Parques y/o plazas,No,Natural,
97363ed2-923f-4e27-a63d-48b8190d0f6e,5bd5924e-3630-41fa-bf69-ccd2888401d1,2025-08-20T18:28:11.000Z,2025-08-20T18:49:30.000Z,5bd5924e-3630-41fa-bf69-ccd2888401d1,-31.733912,-60.543477,4,6486432,732731,20J,Reconocida,Palo Borracho,36,160,https://five.epicollect.net/api/media/plan-de-arbolado-parana-2024-2028?type=photo&format=entry_original&name=5bd5924e-3630-41fa-bf69-ccd2888401d1_1755714480.jpg,,Si,Saludable ,,Saludable,,Vivero municipal,Parques y/o plazas,No,Natural,
97363ed2-923f-4e27-a63d-48b8190d0f6e,adcf2c3d-6187-4717-bd74-c6110a4ea553,2025-08-20T18:27:04.000Z,2025-08-20T18:49:28.000Z,adcf2c3d-6187-4717-bd74-c6110a4ea553,-31.733842,-60.543591,6,6486440,732720,20J,Reconocida,Lapacho,36,250,https://five.epicollect.net/api/media/plan-de-arbolado-parana-2024-2028?type=photo&format=entry_original&name=adcf2c3d-6187-4717-bd74-c6110a4ea553_1755714415.jpg,,Si,Saludable ,,Saludable,,Vivero municipal,Parques y/o plazas,No,Natural,
97363ed2-923f-4e27-a63d-48b8190d0f6e,92c90f3c-4412-47ad-8760-a6e9e51caece,2025-08-20T18:26:25.000Z,2025-08-20T18:49:27.000Z,92c90f3c-4412-47ad-8760-a6e9e51caece,-31.733825,-60.543604,4,6486442,732719,20J,Reconocida,Aguaribay,36,110,https://five.epicollect.net/api/media/plan-de-arbolado-parana-2024-2028?type=photo&format=entry_original&name=92c90f3c-4412-47ad-8760-a6e9e51caece_1755714374.jpg,,Si,Saludable ,,Saludable,,Vivero municipal,Parques y/o plazas,No,Natural,
97363ed2-923f-4e27-a63d-48b8190d0f6e,f1c8804e-c569-4584-b56a-67dcd89f6bbe,2025-08-20T18:25:06.000Z,2025-08-20T18:49:25.000Z,f1c8804e-c569-4584-b56a-67dcd89f6bbe,-31.733791,-60.543664,5,6486446,732713,20J,Reconocida,Lapacho,36,150,https://five.epicollect.net/api/media/plan-de-arbolado-parana-2024-2028?type=photo&format=entry_original&name=f1c8804e-c569-4584-b56a-67dcd89f6bbe_1755714293.jpg,,Si,Saludable ,No posee,Saludable,,Vivero municipal,Parques y/o plazas,No,Natural,
97363ed2-923f-4e27-a63d-48b8190d0f6e,758b81c0-faac-4a57-a680-84e82a002cf8,2025-08-20T18:24:20.000Z,2025-10-20T11:50:04.000Z,758b81c0-faac-4a57-a680-84e82a002cf8,-31.733681,-60.543814,12,6486458,732700,20J,No reconocible,No identificada,36,50,https://five.epicollect.net/api/media/plan-de-arbolado-parana-2024-2028?type=photo&format=entry_original&name=758b81c0-faac-4a57-a680-84e82a002cf8_1755714240.jpg,,Si,Saludable ,,Saludable,,Vivero municipal,Parques y/o plazas,No,Natural,
97363ed2-923f-4e27-a63d-48b8190d0f6e,5a38037f-00a7-405c-a607-1234ad73d35e,2025-08-20T18:21:49.000Z,2025-08-20T18:49:22.000Z,5a38037f-00a7-405c-a607-1234ad73d35e,-31.733645,-60.543827,4,6486462,732698,20J,Reconocida,Lapacho,36,150,https://five.epicollect.net/api/media/plan-de-arbolado-parana-2024-2028?type=photo&format=entry_original&name=5a38037f-00a7-405c-a607-1234ad73d35e_1755714099.jpg,,Si,Saludable ,,Saludable,,Vivero municipal,Parques y/o plazas,No,Natural,
97363ed2-923f-4e27-a63d-48b8190d0f6e,3591f2df-97af-43f5-92c0-8d8bccb8a4f1,2025-08-20T18:21:00.000Z,2025-08-20T18:49:20.000Z,3591f2df-97af-43f5-92c0-8d8bccb8a4f1,-31.733593,-60.543865,4,6486468,732695,20J,Reconocida,Palo Borracho,36,100,https://five.epicollect.net/api/media/plan-de-arbolado-parana-2024-2028?type=photo&format=entry_original&name=3591f2df-97af-43f5-92c0-8d8bccb8a4f1_1755714043.jpg,,Si,Saludable ,No posee,Saludable,,Vivero municipal,Parques y/o plazas,No,Natural,
97363ed2-923f-4e27-a63d-48b8190d0f6e,70df3c3b-ea2b-4836-bc29-1169c70eda33,2025-08-20T18:20:02.000Z,2025-08-20T18:49:18.000Z,70df3c3b-ea2b-4836-bc29-1169c70eda33,-31.733573,-60.543916,9,6486470,732690,20J,Reconocida,Timbó,36,100,https://five.epicollect.net/api/media/plan-de-arbolado-parana-2024-2028?type=photo&format=entry_original&name=70df3c3b-ea2b-4836-bc29-1169c70eda33_1755713987.jpg,,Si,Saludable ,,Saludable,,Vivero municipal,Parques y/o plazas,No,Natural,
97363ed2-923f-4e27-a63d-48b8190d0f6e,ad7e86f3-caa7-4a05-8167-9934b10bbd40,2025-08-20T18:17:57.000Z,2025-10-20T11:50:35.000Z,ad7e86f3-caa7-4a05-8167-9934b10bbd40,-31.73355,-60.543914,4,6486473,732690,20J,No reconocible,No identificada,36,120,https://five.epicollect.net/api/media/plan-de-arbolado-parana-2024-2028?type=photo&format=entry_original&name=ad7e86f3-caa7-4a05-8167-9934b10bbd40_1755713815.jpg,,Si,No saludable,No posee,Saludable,,Vivero municipal,Parques y/o plazas,No,Natural,
97363ed2-923f-4e27-a63d-48b8190d0f6e,9e62ca03-e8f1-47f0-95f9-de7b1c3f913f,2025-08-14T18:51:09.000Z,2025-08-14T21:29:45.000Z,9e62ca03-e8f1-47f0-95f9-de7b1c3f913f,-31.732368,-60.54509,4,6486607,732582,20J,Reconocida,Ibirapitá,36,100,https://five.epicollect.net/api/media/plan-de-arbolado-parana-2024-2028?type=photo&format=entry_original&name=9e62ca03-e8f1-47f0-95f9-de7b1c3f913f_1755197368.jpg,Jacaranda en buen estado general,Si,Saludable ,Hojas bipinnadas saludables,Saludable,Con pequeñas laceraciones que no interrumpiran su crecimiento,Vivero municipal,Parques y/o plazas,No,Natural,Falta riego.
97363ed2-923f-4e27-a63d-48b8190d0f6e,6a6f0872-180e-4411-9901-f921a92b442f,2025-08-14T19:47:56.000Z,2025-10-20T11:51:01.000Z,6a6f0872-180e-4411-9901-f921a92b442f,-31.733489,-60.543987,4,6486480,732684,20J,No reconocible,No identificada,36,20,https://five.epicollect.net/api/media/plan-de-arbolado-parana-2024-2028?type=photo&format=entry_original&name=6a6f0872-180e-4411-9901-f921a92b442f_1755200859.jpg,,Si,Saludable ,No posee,No saludable,Quebrado,Vivero municipal,Parques y/o plazas,No,Natural,
97363ed2-923f-4e27-a63d-48b8190d0f6e,ec711fc3-116a-4693-bebd-c75b07a312ad,2025-08-14T19:47:10.000Z,2025-10-20T11:51:28.000Z,ec711fc3-116a-4693-bebd-c75b07a312ad,-31.733448,-60.544081,5,6486485,732675,20J,No reconocible,No identificada,36,20,https://five.epicollect.net/api/media/plan-de-arbolado-parana-2024-2028?type=photo&format=entry_original&name=ec711fc3-116a-4693-bebd-c75b07a312ad_1755200810.jpg,,Si,No saludable,,No saludable,Quebrado,Vivero municipal,Parques y/o plazas,No,Natural,
97363ed2-923f-4e27-a63d-48b8190d0f6e,3778a21f-f1c5-48b2-9f38-1db3af449472,2025-08-14T19:46:23.000Z,2025-10-20T11:51:57.000Z,3778a21f-f1c5-48b2-9f38-1db3af449472,-31.73344,-60.544084,4,6486486,732675,20J,No reconocible,No identificada,36,20,https://five.epicollect.net/api/media/plan-de-arbolado-parana-2024-2028?type=photo&format=entry_original&name=3778a21f-f1c5-48b2-9f38-1db3af449472_1755200755.jpg,,Si,No saludable,No posee,No saludable,Quebrado aúncon vida,Vivero municipal,Parques y/o plazas,No,Natural,
97363ed2-923f-4e27-a63d-48b8190d0f6e,7db28825-4304-4a4c-974b-2b8a9588766e,2025-08-14T19:45:31.000Z,2025-10-20T11:52:17.000Z,7db28825-4304-4a4c-974b-2b8a9588766e,-31.733392,-60.544105,5,6486491,732673,20J,Inexistente o Ausente,No identificada,36,0,https://five.epicollect.net/api/media/plan-de-arbolado-parana-2024-2028?type=photo&format=entry_original&name=7db28825-4304-4a4c-974b-2b8a9588766e_1755200697.jpg,Ausente,No,No saludable,,No saludable,,Vivero municipal,Parques y/o plazas,No,Natural,
97363ed2-923f-4e27-a63d-48b8190d0f6e,2e9695ac-f2ab-40bd-8238-d777a4a5f67d,2025-08-14T19:44:21.000Z,2025-10-20T11:52:55.000Z,2e9695ac-f2ab-40bd-8238-d777a4a5f67d,-31.733433,-60.544328,8,6486487,732651,20J,No reconocible,No identificada,36,175,https://five.epicollect.net/api/media/plan-de-arbolado-parana-2024-2028?type=photo&format=entry_original&name=2e9695ac-f2ab-40bd-8238-d777a4a5f67d_1755200647.jpg,,Si,Saludable ,No posee,Saludable,,Vivero municipal,Parques y/o plazas,No,Natural,
97363ed2-923f-4e27-a63d-48b8190d0f6e,54451873-a8f4-4e8a-99c2-c259a54a314a,2025-08-14T19:43:02.000Z,2025-10-20T11:54:03.000Z,54451873-a8f4-4e8a-99c2-c259a54a314a,-31.733305,-60.544244,5,6486501,732660,20J,No reconocible,No identificada,36,10,https://five.epicollect.net/api/media/plan-de-arbolado-parana-2024-2028?type=photo&format=entry_original&name=54451873-a8f4-4e8a-99c2-c259a54a314a_1755200520.jpg,,Si,No saludable,No posee,No saludable,Quebrado en la zona proximal a la raíz,Vivero municipal,Parques y/o plazas,No,Natural,
97363ed2-923f-4e27-a63d-48b8190d0f6e,c652ad03-1e43-4b6e-a6b8-2130f51819ec,2025-08-14T19:41:00.000Z,2025-10-20T11:54:58.000Z,c652ad03-1e43-4b6e-a6b8-2130f51819ec,-31.733267,-60.544236,4,6486505,732661,20J,No reconocible,No identificada,36,100,https://five.epicollect.net/api/media/plan-de-arbolado-parana-2024-2028?type=photo&format=entry_original&name=c652ad03-1e43-4b6e-a6b8-2130f51819ec_1755200440.jpg,,Si,Saludable ,No posee,Saludable,,Vivero municipal,Parques y/o plazas,No,Natural,
97363ed2-923f-4e27-a63d-48b8190d0f6e,b932a53f-1691-4d48-b9c9-b91461e1c63a,2025-08-14T19:39:51.000Z,2025-10-20T11:56:18.000Z,b932a53f-1691-4d48-b9c9-b91461e1c63a,-31.733262,-60.544134,6,6486505,732670,20J,No reconocible,No identificada,36,30,https://five.epicollect.net/api/media/plan-de-arbolado-parana-2024-2028?type=photo&format=entry_original&name=b932a53f-1691-4d48-b9c9-b91461e1c63a_1755200359.jpg,Vandalizado,Si,Saludable ,No posee,No saludable,Quebrado,Vivero municipal,Parques y/o plazas,No,Natural,
97363ed2-923f-4e27-a63d-48b8190d0f6e,e1e0ae4f-a712-4f29-a98b-85c5ae76ef57,2025-08-14T19:37:36.000Z,2025-08-14T21:29:26.000Z,e1e0ae4f-a712-4f29-a98b-85c5ae76ef57,-31.733278,-60.544461,5,6486504,732639,20J,Reconocida,Sen del Campo,36,160,https://five.epicollect.net/api/media/plan-de-arbolado-parana-2024-2028?type=photo&format=entry_original&name=e1e0ae4f-a712-4f29-a98b-85c5ae76ef57_1755200246.jpg,,Si,Saludable ,,Saludable,,Vivero municipal,Parques y/o plazas,No,Natural,
97363ed2-923f-4e27-a63d-48b8190d0f6e,fd194cdc-9225-4184-a567-5cccefcf2dde,2025-08-14T19:36:58.000Z,2025-08-14T21:29:23.000Z,fd194cdc-9225-4184-a567-5cccefcf2dde,-31.733265,-60.544491,5,6486506,732636,20J,Reconocida,Timbó,36,80,https://five.epicollect.net/api/media/plan-de-arbolado-parana-2024-2028?type=photo&format=entry_original&name=fd194cdc-9225-4184-a567-5cccefcf2dde_1755200185.jpg,,Si,Saludable ,No posee,Saludable,Quebrado en su apice,Vivero municipal,Parques y/o plazas,No,Natural,
97363ed2-923f-4e27-a63d-48b8190d0f6e,d51b47e4-4000-4e19-9898-31f6ac1b0978,2025-08-14T19:35:35.000Z,2025-08-14T21:29:21.000Z,d51b47e4-4000-4e19-9898-31f6ac1b0978,-31.733223,-60.544534,4,6486511,732632,20J,Reconocida,Lapacho,36,240,https://five.epicollect.net/api/media/plan-de-arbolado-parana-2024-2028?type=photo&format=entry_original&name=d51b47e4-4000-4e19-9898-31f6ac1b0978_1755200128.jpg,,Si,Saludable ,,Saludable,,Vivero municipal,Parques y/o plazas,No,Natural,
97363ed2-923f-4e27-a63d-48b8190d0f6e,156af48c-dd59-457f-8dc0-8d015adbfd86,2025-08-14T19:34:57.000Z,2025-08-14T21:29:20.000Z,156af48c-dd59-457f-8dc0-8d015adbfd86,-31.733205,-60.544571,4,6486513,732629,20J,Reconocida,Lapacho,36,230,https://five.epicollect.net/api/media/plan-de-arbolado-parana-2024-2028?type=photo&format=entry_original&name=156af48c-dd59-457f-8dc0-8d015adbfd86_1755200088.jpg,,Si,Saludable ,,Saludable,,Vivero municipal,Parques y/o plazas,No,Natural,
97363ed2-923f-4e27-a63d-48b8190d0f6e,9b98b789-48b7-4661-8740-5fec4840eb0d,2025-08-14T19:34:09.000Z,2025-08-14T21:29:18.000Z,9b98b789-48b7-4661-8740-5fec4840eb0d,-31.733114,-60.54461,6,6486523,732626,20J,Reconocida,Ibirapitá,36,170,https://five.epicollect.net/api/media/plan-de-arbolado-parana-2024-2028?type=photo&format=entry_original&name=9b98b789-48b7-4661-8740-5fec4840eb0d_1755200034.jpg,,Si,Saludable ,,Saludable,,Vivero municipal,Parques y/o plazas,No,Natural,
97363ed2-923f-4e27-a63d-48b8190d0f6e,252e9e19-59fc-4f7a-9e64-3323d66161d5,2025-08-14T19:32:54.000Z,2025-10-20T11:55:48.000Z,252e9e19-59fc-4f7a-9e64-3323d66161d5,-31.7331,-60.544656,5,6486524,732621,20J,No reconocible,No identificada,36,180,https://five.epicollect.net/api/media/plan-de-arbolado-parana-2024-2028?type=photo&format=entry_original&name=252e9e19-59fc-4f7a-9e64-3323d66161d5_1755199963.jpg,,Si,Saludable ,No posee,Saludable,,Vivero municipal,Parques y/o plazas,No,Natural,
97363ed2-923f-4e27-a63d-48b8190d0f6e,3ad5d8fd-059b-4886-9d5c-c4385f6483b3,2025-08-14T19:31:04.000Z,2025-10-20T11:55:25.000Z,3ad5d8fd-059b-4886-9d5c-c4385f6483b3,-31.733094,-60.544422,4,6486525,732643,20J,No reconocible,No identificada,36,100,https://five.epicollect.net/api/media/plan-de-arbolado-parana-2024-2028?type=photo&format=entry_original&name=3ad5d8fd-059b-4886-9d5c-c4385f6483b3_1755199835.jpg,,Si,Saludable ,No posee,Saludable,Quebrado en suapice,Vivero municipal,Parques y/o plazas,No,Natural,
97363ed2-923f-4e27-a63d-48b8190d0f6e,867d91f3-b151-4973-8045-4df3dbd4a1fd,2025-08-14T19:29:53.000Z,2025-08-14T21:29:11.000Z,867d91f3-b151-4973-8045-4df3dbd4a1fd,-31.733102,-60.544468,5,6486524,732639,20J,Reconocida,Sen del Campo,36,170,https://five.epicollect.net/api/media/plan-de-arbolado-parana-2024-2028?type=photo&format=entry_original&name=867d91f3-b151-4973-8045-4df3dbd4a1fd_1755199771.jpg,,Si,Saludable ,,Saludable,Quebradoen su apice,Vivero municipal,Parques y/o plazas,No,Natural,
97363ed2-923f-4e27-a63d-48b8190d0f6e,7ccef2f9-0cb2-4760-b976-0984335f643a,2025-08-14T19:29:03.000Z,2025-08-14T21:29:09.000Z,7ccef2f9-0cb2-4760-b976-0984335f643a,-31.733062,-60.54449,4,6486528,732637,20J,Reconocida,Palo Borracho,36,100,https://five.epicollect.net/api/media/plan-de-arbolado-parana-2024-2028?type=photo&format=entry_original&name=7ccef2f9-0cb2-4760-b976-0984335f643a_1755199726.jpg,,Si,Saludable ,No posee,Saludable,,Vivero municipal,Parques y/o plazas,No,Natural,
97363ed2-923f-4e27-a63d-48b8190d0f6e,da953bc4-cb3d-414d-9196-ac99074d7fee,2025-08-14T19:28:10.000Z,2025-08-14T21:29:07.000Z,da953bc4-cb3d-414d-9196-ac99074d7fee,-31.733041,-60.544502,6,6486531,732636,20J,Reconocida,Lapacho,36,220,https://five.epicollect.net/api/media/plan-de-arbolado-parana-2024-2028?type=photo&format=entry_original&name=da953bc4-cb3d-414d-9196-ac99074d7fee_1755199681.jpg,,Si,Saludable ,,Saludable,,Vivero municipal,Parques y/o plazas,No,Natural,
97363ed2-923f-4e27-a63d-48b8190d0f6e,250fd7f2-6dc5-45bc-b506-181febfdf692,2025-08-14T19:27:10.000Z,2025-08-14T21:29:06.000Z,250fd7f2-6dc5-45bc-b506-181febfdf692,-31.732985,-60.544537,4,6486537,732633,20J,Reconocida,Palo Borracho,36,110,https://five.epicollect.net/api/media/plan-de-arbolado-parana-2024-2028?type=photo&format=entry_original&name=250fd7f2-6dc5-45bc-b506-181febfdf692_1755199603.jpg,,Si,Saludable ,No posee,No saludable,Quebrado pero con vida,Vivero municipal,Parques y/o plazas,No,Natural,
97363ed2-923f-4e27-a63d-48b8190d0f6e,fa995ccf-7357-493e-aca4-3eed042d623f,2025-08-14T19:26:07.000Z,2025-08-14T21:29:05.000Z,fa995ccf-7357-493e-aca4-3eed042d623f,-31.732941,-60.544588,5,6486542,732628,20J,Reconocida,Sen del Campo,36,160,https://five.epicollect.net/api/media/plan-de-arbolado-parana-2024-2028?type=photo&format=entry_original&name=fa995ccf-7357-493e-aca4-3eed042d623f_1755199559.jpg,,Si,Saludable ,,Saludable,,Vivero municipal,Parques y/o plazas,No,Natural,
97363ed2-923f-4e27-a63d-48b8190d0f6e,b9c232ba-e169-41fb-8022-02adc2f48120,2025-08-14T19:25:04.000Z,2025-08-14T21:29:03.000Z,b9c232ba-e169-41fb-8022-02adc2f48120,-31.733065,-60.544659,4,6486528,732621,20J,Reconocida,Ibirapitá,36,170,https://five.epicollect.net/api/media/plan-de-arbolado-parana-2024-2028?type=photo&format=entry_original&name=b9c232ba-e169-41fb-8022-02adc2f48120_1755199481.jpg,,Si,Saludable ,Posible estrés hídrico,Saludable,,Vivero municipal,Parques y/o plazas,No,Natural,
97363ed2-923f-4e27-a63d-48b8190d0f6e,6e76e975-99c9-4afc-9b9f-a156a8c9cb33,2025-08-14T19:24:15.000Z,2025-08-14T21:29:01.000Z,6e76e975-99c9-4afc-9b9f-a156a8c9cb33,-31.73303,-60.544687,4,6486532,732618,20J,Reconocida,Jacaranda,36,240,https://five.epicollect.net/api/media/plan-de-arbolado-parana-2024-2028?type=photo&format=entry_original&name=6e76e975-99c9-4afc-9b9f-a156a8c9cb33_1755199442.jpg,,Si,Saludable ,,Saludable,,Vivero municipal,Parques y/o plazas,No,Natural,
97363ed2-923f-4e27-a63d-48b8190d0f6e,46166802-9eb7-493e-8c90-9b8de2533e37,2025-08-14T19:23:32.000Z,2025-08-14T21:28:59.000Z,46166802-9eb7-493e-8c90-9b8de2533e37,-31.73308,-60.544712,6,6486527,732616,20J,Reconocida,Ibirapitá,36,170,https://five.epicollect.net/api/media/plan-de-arbolado-parana-2024-2028?type=photo&format=entry_original&name=46166802-9eb7-493e-8c90-9b8de2533e37_1755199392.jpg,,Si,Saludable ,,Saludable,,Vivero municipal,Parques y/o plazas,No,Natural,
97363ed2-923f-4e27-a63d-48b8190d0f6e,4e465bfd-345a-408a-b238-4040be4c610d,2025-08-14T19:18:42.000Z,2025-08-14T21:28:58.000Z,4e465bfd-345a-408a-b238-4040be4c610d,-31.732947,-60.544818,5,6486542,732606,20J,Reconocida,Timbó,36,120,https://five.epicollect.net/api/media/plan-de-arbolado-parana-2024-2028?type=photo&format=entry_original&name=4e465bfd-345a-408a-b238-4040be4c610d_1755199104.jpg,,Si,Saludable ,No posee,Saludable,,Vivero municipal,Parques y/o plazas,No,Natural,
97363ed2-923f-4e27-a63d-48b8190d0f6e,25c0b1d1-986a-47cf-80bd-d1faee300243,2025-08-14T19:21:07.000Z,2025-08-14T21:28:55.000Z,25c0b1d1-986a-47cf-80bd-d1faee300243,-31.732977,-60.544773,4,6486538,732610,20J,Reconocida,Timbó,36,100,https://five.epicollect.net/api/media/plan-de-arbolado-parana-2024-2028?type=photo&format=entry_original&name=25c0b1d1-986a-47cf-80bd-d1faee300243_1755199245.jpg,,Si,Saludable ,,Saludable,,Vivero municipal,Parques y/o plazas,No,Natural,
97363ed2-923f-4e27-a63d-48b8190d0f6e,f23db6fe-04fb-433b-8d8b-35143e37e261,2025-08-14T19:17:00.000Z,2025-08-14T21:28:53.000Z,f23db6fe-04fb-433b-8d8b-35143e37e261,-31.732858,-60.544845,9,6486552,732604,20J,No reconocible,Lapacho,36,200,https://five.epicollect.net/api/media/plan-de-arbolado-parana-2024-2028?type=photo&format=entry_original&name=f23db6fe-04fb-433b-8d8b-35143e37e261_1755198995.jpg,Estructura en buen estado general,Si,Saludable ,No posee,Saludable,,Vivero municipal,Parques y/o plazas,No,Natural,
97363ed2-923f-4e27-a63d-48b8190d0f6e,c26869d0-d5d4-4a82-bd09-cab0205ed168,2025-08-14T19:15:40.000Z,2025-08-14T21:28:52.000Z,c26869d0-d5d4-4a82-bd09-cab0205ed168,-31.732843,-60.54466,5,6486553,732621,20J,No reconocible,Lapacho,36,120,https://five.epicollect.net/api/media/plan-de-arbolado-parana-2024-2028?type=photo&format=entry_original&name=c26869d0-d5d4-4a82-bd09-cab0205ed168_1755198885.jpg,Vandalizado,Si,No saludable,No posee,Saludable,Quebrado pero vivo,Vivero municipal,Parques y/o plazas,No,Natural,
97363ed2-923f-4e27-a63d-48b8190d0f6e,fdb6ac7b-d775-4b30-91ab-c487e33584f0,2025-08-14T19:14:12.000Z,2025-08-14T21:28:50.000Z,fdb6ac7b-d775-4b30-91ab-c487e33584f0,-31.732807,-60.544703,4,6486557,732617,20J,Reconocida,Lapacho,36,180,https://five.epicollect.net/api/media/plan-de-arbolado-parana-2024-2028?type=photo&format=entry_original&name=fdb6ac7b-d775-4b30-91ab-c487e33584f0_1755198831.jpg,,Si,Saludable ,,Saludable,,Vivero municipal,Parques y/o plazas,No,Natural,
97363ed2-923f-4e27-a63d-48b8190d0f6e,b384d724-a3b1-4ab0-9510-21fd2ca48225,2025-08-14T19:11:47.000Z,2025-08-14T21:28:49.000Z,b384d724-a3b1-4ab0-9510-21fd2ca48225,-31.73277,-60.544754,4,6486561,732613,20J,Reconocida,Aguaribay,36,200,https://five.epicollect.net/api/media/plan-de-arbolado-parana-2024-2028?type=photo&format=entry_original&name=b384d724-a3b1-4ab0-9510-21fd2ca48225_1755198695.jpg,,Si,Saludable ,,Saludable,,Vivero municipal,Parques y/o plazas,No,Natural,
97363ed2-923f-4e27-a63d-48b8190d0f6e,f388918c-a5bc-4f9f-9a9c-13fe00c5f02c,2025-08-14T19:10:58.000Z,2025-08-14T21:28:47.000Z,f388918c-a5bc-4f9f-9a9c-13fe00c5f02c,-31.732735,-60.544747,5,6486565,732614,20J,Reconocida,Sen del Campo,36,200,https://five.epicollect.net/api/media/plan-de-arbolado-parana-2024-2028?type=photo&format=entry_original&name=f388918c-a5bc-4f9f-9a9c-13fe00c5f02c_1755198648.jpg,,Si,Saludable ,,Saludable,,Vivero municipal,Parques y/o plazas,No,Natural,
97363ed2-923f-4e27-a63d-48b8190d0f6e,472e5e23-4981-4cd8-9eb8-ec01707ed2c7,2025-08-14T19:09:58.000Z,2025-08-14T21:28:46.000Z,472e5e23-4981-4cd8-9eb8-ec01707ed2c7,-31.732834,-60.544881,4,6486554,732601,20J,Reconocida,Palo Borracho,36,160,https://five.epicollect.net/api/media/plan-de-arbolado-parana-2024-2028?type=photo&format=entry_original&name=472e5e23-4981-4cd8-9eb8-ec01707ed2c7_1755198583.jpg,,Si,Saludable ,No posee,Saludable,,Vivero municipal,Parques y/o plazas,No,Natural,
97363ed2-923f-4e27-a63d-48b8190d0f6e,44e68b6f-c6be-437f-8176-c345b6e0e0da,2025-08-14T19:08:36.000Z,2025-08-14T21:28:43.000Z,44e68b6f-c6be-437f-8176-c345b6e0e0da,-31.732725,-60.544884,8,6486567,732601,20J,Reconocida,Lapacho,36,210,https://five.epicollect.net/api/media/plan-de-arbolado-parana-2024-2028?type=photo&format=entry_original&name=44e68b6f-c6be-437f-8176-c345b6e0e0da_1755198505.jpg,,Si,Saludable ,,Saludable,,Vivero municipal,Parques y/o plazas,No,Natural,
97363ed2-923f-4e27-a63d-48b8190d0f6e,d6a0dcc5-f18d-4ff6-b1fa-5d199df85b5d,2025-08-14T19:07:28.000Z,2025-08-14T21:28:42.000Z,d6a0dcc5-f18d-4ff6-b1fa-5d199df85b5d,-31.732666,-60.544871,4,6486573,732602,20J,Reconocida,Ibirapitá,36,140,https://five.epicollect.net/api/media/plan-de-arbolado-parana-2024-2028?type=photo&format=entry_original&name=d6a0dcc5-f18d-4ff6-b1fa-5d199df85b5d_1755198424.jpg,En buen estado general,Si,Saludable ,,Saludable,,Vivero municipal,Parques y/o plazas,No,Natural,
97363ed2-923f-4e27-a63d-48b8190d0f6e,847c4543-cce3-4b1f-9043-e9b629b9151b,2025-08-14T19:06:17.000Z,2025-08-14T21:28:41.000Z,847c4543-cce3-4b1f-9043-e9b629b9151b,-31.732651,-60.544852,4,6486575,732604,20J,No reconocible,Lapacho,36,140,https://five.epicollect.net/api/media/plan-de-arbolado-parana-2024-2028?type=photo&format=entry_original&name=847c4543-cce3-4b1f-9043-e9b629b9151b_1755198333.jpg,Estructura no reconocida en buen estado general,Si,Saludable ,No posee,Saludable,,Vivero municipal,Parques y/o plazas,No,Natural,
97363ed2-923f-4e27-a63d-48b8190d0f6e,3e9e3599-19a6-4c77-a84f-3b3e21ffd801,2025-08-14T19:04:46.000Z,2025-08-14T21:28:38.000Z,3e9e3599-19a6-4c77-a84f-3b3e21ffd801,-31.732696,-60.54499,5,6486570,732591,20J,Reconocida,Ibirapitá,36,150,https://five.epicollect.net/api/media/plan-de-arbolado-parana-2024-2028?type=photo&format=entry_original&name=3e9e3599-19a6-4c77-a84f-3b3e21ffd801_1755198256.jpg,Ibirapita en buen estado general,Si,Saludable ,,Saludable,,Vivero municipal,Parques y/o plazas,No,Natural,
97363ed2-923f-4e27-a63d-48b8190d0f6e,5d88c956-e944-4962-aad6-3d89534ca985,2025-08-14T19:03:46.000Z,2025-08-14T21:28:36.000Z,5d88c956-e944-4962-aad6-3d89534ca985,-31.732651,-60.545036,10,6486575,732586,20J,Reconocida,Sen del Campo,36,270,https://five.epicollect.net/api/media/plan-de-arbolado-parana-2024-2028?type=photo&format=entry_original&name=5d88c956-e944-4962-aad6-3d89534ca985_1755198191.jpg,Sen de campo en buen estado general,Si,Saludable ,,Saludable,,Vivero municipal,Parques y/o plazas,No,Natural,
97363ed2-923f-4e27-a63d-48b8190d0f6e,c2109a8c-4dba-4c6b-814e-4f20afa70485,2025-08-14T19:01:06.000Z,2025-08-14T21:28:35.000Z,c2109a8c-4dba-4c6b-814e-4f20afa70485,-31.732663,-60.545045,4,6486574,732585,20J,Reconocida,Palo Borracho,36,175,https://five.epicollect.net/api/media/plan-de-arbolado-parana-2024-2028?type=photo&format=entry_original&name=c2109a8c-4dba-4c6b-814e-4f20afa70485_1755198019.jpg,"Palo borrachoen buen estado general, sin tutor",No,Saludable ,No posee,Saludable,,Vivero municipal,Parques y/o plazas,No,Natural,
97363ed2-923f-4e27-a63d-48b8190d0f6e,668c0163-c2c1-4ca2-bfef-7b53e719750d,2025-08-14T18:59:21.000Z,2025-08-14T21:28:33.000Z,668c0163-c2c1-4ca2-bfef-7b53e719750d,-31.732573,-60.545103,4,6486584,732580,20J,No reconocible,Lapacho,36,150,https://five.epicollect.net/api/media/plan-de-arbolado-parana-2024-2028?type=photo&format=entry_original&name=668c0163-c2c1-4ca2-bfef-7b53e719750d_1755197915.jpg,Especie no reconocida en buen estado general,Si,Saludable ,No posee,Saludable,,Vivero municipal,Parques y/o plazas,No,Natural,
97363ed2-923f-4e27-a63d-48b8190d0f6e,55ca8702-a600-4a43-9023-1f358a50ef0d,2025-08-14T18:57:08.000Z,2025-08-14T21:28:31.000Z,55ca8702-a600-4a43-9023-1f358a50ef0d,-31.73254,-60.545163,5,6486588,732575,20J,Reconocida,Sen del Campo,36,200,https://five.epicollect.net/api/media/plan-de-arbolado-parana-2024-2028?type=photo&format=entry_original&name=55ca8702-a600-4a43-9023-1f358a50ef0d_1755197788.jpg,Sen de campo en buen estado general,Si,Saludable ,,Saludable,,Vivero municipal,Parques y/o plazas,No,Natural,
97363ed2-923f-4e27-a63d-48b8190d0f6e,947cd66c-0599-477e-b85e-d3d3aba71e58,2025-08-14T18:55:56.000Z,2025-08-14T21:28:30.000Z,947cd66c-0599-477e-b85e-d3d3aba71e58,-31.732498,-60.545125,5,6486592,732578,20J,Reconocida,Guarán,36,200,https://five.epicollect.net/api/media/plan-de-arbolado-parana-2024-2028?type=photo&format=entry_original&name=947cd66c-0599-477e-b85e-d3d3aba71e58_1755197718.jpg,Buen estado general,Si,Saludable ,No posee,Saludable,,Vivero municipal,Parques y/o plazas,No,Natural,
97363ed2-923f-4e27-a63d-48b8190d0f6e,6f17424a-8741-478c-a2dd-c40b0a89d9af,2025-08-14T18:54:00.000Z,2025-08-14T21:28:29.000Z,6f17424a-8741-478c-a2dd-c40b0a89d9af,-31.732409,-60.545224,20,6486602,732569,20J,Reconocida,Sen del Campo,36,250,https://five.epicollect.net/api/media/plan-de-arbolado-parana-2024-2028?type=photo&format=entry_original&name=6f17424a-8741-478c-a2dd-c40b0a89d9af_1755197526.jpg,Sen de campo en buen estado general,Si,Saludable ,,Saludable,,Vivero municipal,Parques y/o plazas,No,Natural,
bd0d5459-e825-4e68-b012-00173e370fa4,d21ef5a9-cd64-449f-b6bc-2d1c765272f3,2025-08-07T20:14:46.000Z,2026-01-21T14:31:55.000Z,d21ef5a9-cd64-449f-b6bc-2d1c765272f3,-31.743792,-60.554677,4,6485360,731645,20J,Reconocida,Ibirapitá,36,180,https://five.epicollect.net/api/media/plan-de-arbolado-parana-2024-2028?type=photo&format=entry_original&name=d21ef5a9-cd64-449f-b6bc-2d1c765272f3_1754597636.jpg,Estructura arbórea correctamente sujeta a tutor.,Si,No saludable,No posee,Saludable,,Vivero municipal,Parques y/o plazas,No,Natural,
bd0d5459-e825-4e68-b012-00173e370fa4,69ede6d5-93e5-4462-840f-90a823783aa4,2025-08-07T20:13:29.000Z,2026-01-21T14:33:14.000Z,69ede6d5-93e5-4462-840f-90a823783aa4,-31.743742,-60.554792,4,6485366,731634,20J,Reconocida,Timbó,36,15,https://five.epicollect.net/api/media/plan-de-arbolado-parana-2024-2028?type=photo&format=entry_original&name=69ede6d5-93e5-4462-840f-90a823783aa4_1754597552.jpg,Sin tutor.Vandalizada.,No,No saludable,No posee.,No saludable,Quebrado pero brotando.,Vivero municipal,Parques y/o plazas,No,Natural,
bd0d5459-e825-4e68-b012-00173e370fa4,4d52c1b8-d417-4362-8532-30dd13235391,2025-08-07T20:12:07.000Z,2026-01-21T14:38:02.000Z,4d52c1b8-d417-4362-8532-30dd13235391,-31.743756,-60.55488,5,6485365,731626,20J,Reconocida,Tipa Colorada,36,50,https://five.epicollect.net/api/media/plan-de-arbolado-parana-2024-2028?type=photo&format=entry_original&name=4d52c1b8-d417-4362-8532-30dd13235391_1754597481.jpg,Correctamente sujeto al tutor.,Si,No saludable,No posee.,No saludable,Quebrado,Vivero municipal,Parques y/o plazas,No,Natural,
bd0d5459-e825-4e68-b012-00173e370fa4,685a0683-468f-4b9e-92b5-21f3783a9edf,2025-08-07T20:10:29.000Z,2026-01-21T14:38:53.000Z,685a0683-468f-4b9e-92b5-21f3783a9edf,-31.743899,-60.555246,3,6485350,731591,20J,Reconocida,Ibirapitá,36,190,https://five.epicollect.net/api/media/plan-de-arbolado-parana-2024-2028?type=photo&format=entry_original&name=685a0683-468f-4b9e-92b5-21f3783a9edf_1754597383.jpg,Estructura arborea correctamente sujeta al tutor.,Si,No saludable,No posee,Saludable,,Vivero municipal,Parques y/o plazas,No,Natural,
bd0d5459-e825-4e68-b012-00173e370fa4,553f1ffb-3666-47f0-a005-3d4cbe943023,2025-08-07T20:09:03.000Z,2026-01-21T14:39:54.000Z,553f1ffb-3666-47f0-a005-3d4cbe943023,-31.743896,-60.555302,4,6485350,731585,20J,Reconocida,Cebillo,36,70,https://five.epicollect.net/api/media/plan-de-arbolado-parana-2024-2028?type=photo&format=entry_original&name=553f1ffb-3666-47f0-a005-3d4cbe943023_1754597300.jpg,Estructura correctamente sujeta al tutor.,Si,No saludable,No posee,Saludable,,Vivero municipal,Parques y/o plazas,No,Natural,
bd0d5459-e825-4e68-b012-00173e370fa4,1049992e-fef2-4647-8744-05f207ac9907,2025-08-07T20:07:51.000Z,2026-01-21T14:52:27.000Z,1049992e-fef2-4647-8744-05f207ac9907,-31.743922,-60.555298,4,6485347,731586,20J,Reconocida,Timbó,36,100,https://five.epicollect.net/api/media/plan-de-arbolado-parana-2024-2028?type=photo&format=entry_original&name=1049992e-fef2-4647-8744-05f207ac9907_1754597211.jpg,Estructura arborea no reconocida. Vandalizada.,Si,No saludable,No posee hojas ni brotes.,No saludable,Quebrado.,Vivero municipal,Parques y/o plazas,No,Natural,
bd0d5459-e825-4e68-b012-00173e370fa4,87976dd2-5fd7-40b1-97a7-45cd51ab792d,2025-08-07T20:06:20.000Z,2026-01-21T14:41:00.000Z,87976dd2-5fd7-40b1-97a7-45cd51ab792d,-31.743989,-60.555309,4,6485340,731585,20J,Inexistente o Ausente,No identificada,36,0,https://five.epicollect.net/api/media/plan-de-arbolado-parana-2024-2028?type=photo&format=entry_original&name=87976dd2-5fd7-40b1-97a7-45cd51ab792d_1754597148.jpg,Estructura arborea inexistente.,Si,No saludable,,No saludable,,Vivero municipal,Parques y/o plazas,No,Natural,
bd0d5459-e825-4e68-b012-00173e370fa4,660666a0-9bb1-47d2-b8b8-e5bd2d7a79da,2025-08-07T20:05:18.000Z,2025-10-17T14:56:26.000Z,660666a0-9bb1-47d2-b8b8-e5bd2d7a79da,-31.744044,-60.555331,4,6485334,731582,20J,Inexistente o Ausente,No identificada,36,0,https://five.epicollect.net/api/media/plan-de-arbolado-parana-2024-2028?type=photo&format=entry_original&name=660666a0-9bb1-47d2-b8b8-e5bd2d7a79da_1754597091.jpg,Ausencia de estructura por probable vandalismo.,No,No saludable,,No saludable,,Vivero municipal,Parques y/o plazas,No,Natural,
bd0d5459-e825-4e68-b012-00173e370fa4,174e969f-a329-405d-8ab8-e66b552573ad,2025-08-07T20:04:33.000Z,2026-01-21T14:52:57.000Z,174e969f-a329-405d-8ab8-e66b552573ad,-31.744066,-60.555335,4,6485331,731582,20J,Reconocida,Timbó,36,20,https://five.epicollect.net/api/media/plan-de-arbolado-parana-2024-2028?type=photo&format=entry_original&name=174e969f-a329-405d-8ab8-e66b552573ad_1754597027.jpg,Estructura arbórea no reconocida.,Si,No saludable,No posee.,Saludable,Quebrado pero brotando.,Vivero municipal,Parques y/o plazas,No,Natural,
bd0d5459-e825-4e68-b012-00173e370fa4,7bff937d-d7c9-4c5e-ae1a-b3396e7721a8,2025-08-07T20:03:14.000Z,2026-01-21T14:50:35.000Z,7bff937d-d7c9-4c5e-ae1a-b3396e7721a8,-31.7441,-60.555301,6,6485327,731585,20J,Reconocida,Cebillo,36,20,https://five.epicollect.net/api/media/plan-de-arbolado-parana-2024-2028?type=photo&format=entry_original&name=7bff937d-d7c9-4c5e-ae1a-b3396e7721a8_1754596951.jpg,Estructura quebrada no reconocida.,Si,No saludable,No posee.,Saludable,Quebrado pero brotando.,Vivero municipal,Parques y/o plazas,No,Natural,
bd0d5459-e825-4e68-b012-00173e370fa4,ccea1bef-0174-478e-8f03-7ded1a390c6f,2025-08-07T20:02:04.000Z,2025-08-07T20:15:50.000Z,ccea1bef-0174-478e-8f03-7ded1a390c6f,-31.744122,-60.555325,4,6485325,731583,20J,Reconocida,Azota Caballos,36,60,https://five.epicollect.net/api/media/plan-de-arbolado-parana-2024-2028?type=photo&format=entry_original&name=ccea1bef-0174-478e-8f03-7ded1a390c6f_1754596854.jpg,Azota caballos en brotacion. Correctamente sujeto al tutor.,Si,Saludable ,En brotacion.,Saludable,Quebrado pero saludable.,Vivero municipal,Parques y/o plazas,No,Natural,
bd0d5459-e825-4e68-b012-00173e370fa4,008808f8-4b76-47ca-85e7-fd93b2152e51,2025-08-07T19:59:33.000Z,2026-01-21T14:55:27.000Z,008808f8-4b76-47ca-85e7-fd93b2152e51,-31.744133,-60.555322,5,6485324,731583,20J,Reconocida,Palo Jabón,36,20,https://five.epicollect.net/api/media/plan-de-arbolado-parana-2024-2028?type=photo&format=entry_original&name=008808f8-4b76-47ca-85e7-fd93b2152e51_1754596711.jpg,Estructura arborea no reconocible.,Si,No saludable,No posee.,Saludable,Quebrado.,Vivero municipal,Parques y/o plazas,No,Natural,
bd0d5459-e825-4e68-b012-00173e370fa4,31875085-f48c-433a-b9ee-c5c95c3e717d,2025-08-07T19:58:07.000Z,2025-08-07T20:15:47.000Z,31875085-f48c-433a-b9ee-c5c95c3e717d,-31.744168,-60.55538,4,6485320,731577,20J,Reconocida,Azota Caballos,36,50,https://five.epicollect.net/api/media/plan-de-arbolado-parana-2024-2028?type=photo&format=entry_original&name=31875085-f48c-433a-b9ee-c5c95c3e717d_1754596614.jpg,Azota Caballos de 50 cm. En brotacion. Correctamente sujeta al tutor.,Si,Saludable ,Brotando.,Saludable,Quebrado pero podrá crecer.,Vivero municipal,Parques y/o plazas,No,Natural,
bd0d5459-e825-4e68-b012-00173e370fa4,9e9f11b9-ded5-47da-a2d4-889a8e5122de,2025-08-07T19:55:55.000Z,2026-01-21T14:42:49.000Z,9e9f11b9-ded5-47da-a2d4-889a8e5122de,-31.744226,-60.555349,5,6485314,731580,20J,Reconocida,Ceibo,36,45,https://five.epicollect.net/api/media/plan-de-arbolado-parana-2024-2028?type=photo&format=entry_original&name=9e9f11b9-ded5-47da-a2d4-889a8e5122de_1754596508.jpg,,No,No saludable,No posee.,No saludable,Quebrado.,Vivero municipal,Parques y/o plazas,No,Natural,
bd0d5459-e825-4e68-b012-00173e370fa4,d27f8575-4ecf-4a2c-ad6e-53eaba9d47c5,2025-08-07T19:54:20.000Z,2026-01-21T14:58:04.000Z,d27f8575-4ecf-4a2c-ad6e-53eaba9d47c5,-31.744248,-60.555317,4,6485311,731583,20J,Reconocida,Tipa Colorada,36,20,https://five.epicollect.net/api/media/plan-de-arbolado-parana-2024-2028?type=photo&format=entry_original&name=d27f8575-4ecf-4a2c-ad6e-53eaba9d47c5_1754596412.jpg,,No,No saludable,No posee.,No saludable,Quebrado. Sin brotes ni yemas.,Vivero municipal,Parques y/o plazas,No,Natural,
bd0d5459-e825-4e68-b012-00173e370fa4,4f4d4cf2-61af-4f3c-8376-28539aacef4c,2025-08-07T19:52:56.000Z,2025-10-17T15:00:52.000Z,4f4d4cf2-61af-4f3c-8376-28539aacef4c,-31.744328,-60.555147,5,6485302,731599,20J,Inexistente o Ausente,No identificada,36,0,https://five.epicollect.net/api/media/plan-de-arbolado-parana-2024-2028?type=photo&format=entry_original&name=4f4d4cf2-61af-4f3c-8376-28539aacef4c_1754596340.jpg,Posiblemente sustraído por vandalismo.,No,No saludable,,No saludable,,Vivero municipal,Parques y/o plazas,No,Natural,
bd0d5459-e825-4e68-b012-00173e370fa4,cd5b8509-c4cc-4a68-8090-8b9670107a53,2025-08-07T19:51:35.000Z,2026-01-21T15:00:26.000Z,cd5b8509-c4cc-4a68-8090-8b9670107a53,-31.744341,-60.555042,4,6485300,731609,20J,Reconocida,Sen del Campo,36,15,https://five.epicollect.net/api/media/plan-de-arbolado-parana-2024-2028?type=photo&format=entry_original&name=cd5b8509-c4cc-4a68-8090-8b9670107a53_1754596246.jpg,,Si,No saludable,No posee.,No saludable,Posiblemente se seque.,Vivero municipal,Parques y/o plazas,No,Natural,
bd0d5459-e825-4e68-b012-00173e370fa4,09bf37ec-e0ba-4727-a5cc-5606dcc3f74a,2025-08-07T19:50:03.000Z,2025-08-07T20:15:39.000Z,09bf37ec-e0ba-4727-a5cc-5606dcc3f74a,-31.744382,-60.555055,4,6485296,731608,20J,Reconocida,Palo Jabón,36,160,https://five.epicollect.net/api/media/plan-de-arbolado-parana-2024-2028?type=photo&format=entry_original&name=09bf37ec-e0ba-4727-a5cc-5606dcc3f74a_1754596099.jpg,Palo jabón de 1.60m correctamente sujeto al tutor.,Si,No saludable,Presenta clorosis por posible estrés hídrico y térmico.,Saludable,Tallo en colores verdes grisáceosen buen estado conpresencia de lenticelas.,Vivero municipal,Parques y/o plazas,No,Natural,
bd0d5459-e825-4e68-b012-00173e370fa4,5e189eb1-532b-42fd-9107-2f092d9eb1dc,2025-08-07T19:46:35.000Z,2026-01-21T14:58:56.000Z,5e189eb1-532b-42fd-9107-2f092d9eb1dc,-31.744388,-60.554817,4,6485294,731630,20J,Reconocida,Tipa Colorada,36,110,https://five.epicollect.net/api/media/plan-de-arbolado-parana-2024-2028?type=photo&format=entry_original&name=5e189eb1-532b-42fd-9107-2f092d9eb1dc_1754595931.jpg,Correctamente sujeto al tutor.,Si,No saludable,No posee.,Saludable,Quebrado.,Vivero municipal,Parques y/o plazas,No,Natural,
bd0d5459-e825-4e68-b012-00173e370fa4,9d98c51c-41b9-4a10-9bf2-ce08103778e7,2025-08-07T19:44:53.000Z,2026-01-21T14:54:12.000Z,9d98c51c-41b9-4a10-9bf2-ce08103778e7,-31.744384,-60.554728,4,6485295,731639,20J,Reconocida,Azota Caballos,36,20,https://five.epicollect.net/api/media/plan-de-arbolado-parana-2024-2028?type=photo&format=entry_original&name=9d98c51c-41b9-4a10-9bf2-ce08103778e7_1754595782.jpg,,Si,No saludable,No presenta hojas.,Saludable,Tallo de 20 cm quebrado en zona proximal a la raíz.,Vivero municipal,Parques y/o plazas,No,Natural,
bd0d5459-e825-4e68-b012-00173e370fa4,a74919f4-184e-4f6d-a94f-7bbc38f026c1,2025-08-07T19:42:29.000Z,2025-08-07T20:15:34.000Z,a74919f4-184e-4f6d-a94f-7bbc38f026c1,-31.744409,-60.554639,4,6485292,731647,20J,Reconocida,Palo Tinta,36,50,https://five.epicollect.net/api/media/plan-de-arbolado-parana-2024-2028?type=photo&format=entry_original&name=a74919f4-184e-4f6d-a94f-7bbc38f026c1_1754595689.jpg,,Si,Saludable ,Hojas simples sin clorosis ni plagas,Saludable,Tallo en colores verdes en buen estado general.,Vivero municipal,Parques y/o plazas,No,Natural,
bd0d5459-e825-4e68-b012-00173e370fa4,fc5efb6e-38aa-4f9a-8145-31358c2fd067,2025-08-07T19:40:42.000Z,2026-01-21T14:43:34.000Z,fc5efb6e-38aa-4f9a-8145-31358c2fd067,-31.744336,-60.55443,7,6485299,731667,20J,Reconocida,Sen del Campo,36,70,https://five.epicollect.net/api/media/plan-de-arbolado-parana-2024-2028?type=photo&format=entry_original&name=fc5efb6e-38aa-4f9a-8145-31358c2fd067_1754595528.jpg,,No,No saludable,No presenta hojas.,Saludable,,Vivero municipal,Parques y/o plazas,No,Natural,
bd0d5459-e825-4e68-b012-00173e370fa4,30ad7d98-0db4-4d6c-b7fa-ea51cec09db3,2025-08-07T19:37:35.000Z,2025-08-07T20:15:31.000Z,30ad7d98-0db4-4d6c-b7fa-ea51cec09db3,-31.744217,-60.554479,4,6485313,731663,20J,Reconocida,Azota Caballos,36,160,https://five.epicollect.net/api/media/plan-de-arbolado-parana-2024-2028?type=photo&format=entry_original&name=30ad7d98-0db4-4d6c-b7fa-ea51cec09db3_1754595201.jpg,Azota caballos de 1.60 m en buen estado general. Correctamente sujeto al tutor.,Si,Saludable ,Pequeños brotes de hojas en buen estado.,Saludable,Tallo en colores verdes grisáceos con pequeñas laceraciones que no obstaculizarán su crecimiento.,Vivero municipal,Parques y/o plazas,No,Natural,
bd0d5459-e825-4e68-b012-00173e370fa4,647ee4ab-a47a-4ceb-a633-3769d7c270c4,2025-08-07T19:31:56.000Z,2025-08-07T20:15:30.000Z,647ee4ab-a47a-4ceb-a633-3769d7c270c4,-31.744166,-60.55444,4,6485318,731666,20J,Reconocida,Palo Tinta,36,50,https://five.epicollect.net/api/media/plan-de-arbolado-parana-2024-2028?type=photo&format=entry_original&name=647ee4ab-a47a-4ceb-a633-3769d7c270c4_1754594910.jpg,Palo tinta de 50cm de altura en buen estado fitosanitario gral. Se ajusto tutor.,Si,Saludable ,Hojas simples alternas sin plagas ni clorosis.,Saludable,Tallo leñoso en colores grisáceos correctamente sujeto al tutor.,Vivero municipal,Parques y/o plazas,No,Natural,
5d2de367-59ff-4467-9b88-ba304ca754cb,1995c7b8-36b2-4571-abc7-d4a2a2be07ca,2025-07-30T19:51:37.000Z,2025-10-17T13:40:21.000Z,1995c7b8-36b2-4571-abc7-d4a2a2be07ca,-31.732046,-60.515853,4,6486579,735353,20J,Reconocida,Lapacho amarillo,36,200,https://five.epicollect.net/api/media/plan-de-arbolado-parana-2024-2028?type=photo&format=entry_original&name=1995c7b8-36b2-4571-abc7-d4a2a2be07ca_1753905039.jpg,"Lapacho Amarillo de 2 m de altura aprox. en desarrollo. 
Tronco de aspecto sano  en tono grisáceo con presencia de lenticelas. Fijado correctamente al tutor.
Hojas digitadas de 5 foliolos. ",Si,Saludable ,,Saludable,,Vivero municipal,Alineación,No,Natural,
cafd0772-b165-4a16-b5c4-316e9a32111d,1d8708f9-db6a-4da5-9418-586bff7485d7,2025-07-30T19:49:52.000Z,2025-10-17T13:38:25.000Z,1d8708f9-db6a-4da5-9418-586bff7485d7,-31.732067,-60.515919,4,6486577,735347,20J,Reconocida,Lapacho amarillo,36,200,https://five.epicollect.net/api/media/plan-de-arbolado-parana-2024-2028?type=photo&format=entry_original&name=1d8708f9-db6a-4da5-9418-586bff7485d7_1753904896.jpg,"Lapacho Amarillo de 2 m de altura aprox. en desarrollo. 
Tronco de aspecto sano  en tono grisáceo con presencia de lenticelas. Fijado correctamente al tutor.
Hojas digitadas de 5 foliolos. ",Si,Saludable ,,Saludable,,Vivero municipal,Alineación,No,Natural,
829e4b08-286f-481d-ba43-4f70d72f730b,a1105948-04f5-477f-b0b9-f9adb5597ae6,2025-07-30T19:32:01.000Z,2025-10-17T14:09:24.000Z,a1105948-04f5-477f-b0b9-f9adb5597ae6,-31.730366,-60.522486,4,6486780,734729,20J,Reconocida,Lapacho amarillo,36,220,https://five.epicollect.net/api/media/plan-de-arbolado-parana-2024-2028?type=photo&format=entry_original&name=a1105948-04f5-477f-b0b9-f9adb5597ae6_1753903795.jpg,"Lapacho Amarillo de 2.2m de altura aprox. Tronco de aspecto rojizo, sin foliolos. Sin vida.",Si,No saludable,,No saludable,Seco,Vivero municipal,Alineación,No,Natural,
79813a45-b5f0-4fed-b27b-840ced23dc2f,4455da63-c145-4dbc-9621-d6bf6d12752b,2025-07-30T19:24:41.000Z,2025-07-30T19:46:14.000Z,4455da63-c145-4dbc-9621-d6bf6d12752b,-31.730953,-60.520514,4,6486711,734915,20J,,Lapacho amarillo,36,230,https://five.epicollect.net/api/media/plan-de-arbolado-parana-2024-2028?type=photo&format=entry_original&name=4455da63-c145-4dbc-9621-d6bf6d12752b_1753903373.jpg,"Lapacho Amarillo de 2.3m de altura aprox. en desarrollo. 
Tronco de aspecto sano en tono grisaceo con presencia de lenticelas. Fijado correctamente al tutor.
Hojas digitadas de 5 foliolos. Presentando en varios de ellos  necrosis distal por posible estrés térmico.",,,,,,Vivero municipal,Alineación,No,Natural,
3b8c9de0-2cdb-41d0-b750-fd2bcf5fa37c,5429210c-0d6b-4a3c-8686-802d611cd4af,2025-07-30T19:21:04.000Z,2025-10-17T13:55:49.000Z,5429210c-0d6b-4a3c-8686-802d611cd4af,-31.731004,-60.520112,4,6486704,734952,20J,Reconocida,Lapacho amarillo,36,240,https://five.epicollect.net/api/media/plan-de-arbolado-parana-2024-2028?type=photo&format=entry_original&name=5429210c-0d6b-4a3c-8686-802d611cd4af_1753903188.jpg,"Lapacho Amarillo de 2.4m de altura aprox. en desarrollo. 
Tronco de aspecto sano en tono grisaceo con presencia de lenticelas. Fijado correctamente al tutor.
Hojas digitadas de 5 foliolos. Presentando en varios de ellos necrosis.",Si,No saludable,Posible presencia de hongo. Observar evolución durante el monitoreo.,,,Vivero municipal,Parques y/o plazas,No,Natural,
703d4a63-b712-4f9c-87b3-cafd1aa41aa1,f6e61eaf-9f59-47cc-8dad-f647d2d4722d,2025-07-30T19:18:20.000Z,2025-10-17T13:56:50.000Z,f6e61eaf-9f59-47cc-8dad-f647d2d4722d,-31.731011,-60.51982,4,6486703,734980,20J,Reconocida,Lapacho amarillo,36,240,https://five.epicollect.net/api/media/plan-de-arbolado-parana-2024-2028?type=photo&format=entry_original&name=f6e61eaf-9f59-47cc-8dad-f647d2d4722d_1753903024.jpg,"Lapacho Amarillo de 2.4m de altura aprox. en desarrollo. 
Tronco de aspecto sano en tono grisaceo con presencia de lenticelas. Fijado correctamente al tutor.
Hojas digitadas de 5 foliolos de aspecto sano.",Si,Saludable ,,Saludable,,Vivero municipal,Alineación,No,Natural,
95887064-4481-444c-990a-412d11802737,c9b61e7d-8b9e-45c5-9af9-17c80996b7b0,2025-07-30T19:15:04.000Z,2025-07-30T19:46:03.000Z,c9b61e7d-8b9e-45c5-9af9-17c80996b7b0,-31.731285,-60.51899,4,6486671,735058,20J,,Lapacho amarillo,36,175,https://five.epicollect.net/api/media/plan-de-arbolado-parana-2024-2028?type=photo&format=entry_original&name=c9b61e7d-8b9e-45c5-9af9-17c80996b7b0_1753902834.jpg,"Lapacho Amarillo de 1.75m de altura aprox. en desarrollo. 
Tronco de aspecto sano  en tono grisaceo con presencia de lenticelas. Fijado correctamente al tutor.
Hojas digitadas de 5 foliolos de aspecto sano.",,,,,,Vivero municipal,Alineación,No,Natural,
10752c8a-94f9-4d2a-8abc-a8156fd54a45,f492cf29-3ac6-4d15-a688-7bdd568a5c83,2025-07-30T19:12:18.000Z,2025-10-17T13:52:31.000Z,f492cf29-3ac6-4d15-a688-7bdd568a5c83,-31.731328,-60.518805,4,6486665,735076,20J,Reconocida,Lapacho amarillo,36,160,https://five.epicollect.net/api/media/plan-de-arbolado-parana-2024-2028?type=photo&format=entry_original&name=f492cf29-3ac6-4d15-a688-7bdd568a5c83_1753902288.jpg,"Lapacho Amarillo de 1.60m de altura aprox. en desarrollo. El más pequeño de su grupo posiblemente por estar en competencia intraespecífica con otro ejemplar en cercanía.
Tronco dañado en su porción proximal a la raíz posiblemente por motoguadaña. Se recomienda monitoreo regular del tutor para su correcta sujeción y evitar quebradura. Presenta tono grisaceo con presencia de lenticelas. 
",Si,No saludable,"Posible presencia de hongo, observar evolución durante el monitoreo.",,,Vivero municipal,Alineación,No,Natural,
a75e46f8-ef4a-4bf3-8aa3-9690f4bbb478,8eeffec7-ead4-418f-bfd6-d5900ecadeb8,2025-07-30T19:00:54.000Z,2025-07-30T19:45:56.000Z,8eeffec7-ead4-418f-bfd6-d5900ecadeb8,-31.731748,-60.5173,4,6486616,735217,20J,,Lapacho amarillo,36,210,https://five.epicollect.net/api/media/plan-de-arbolado-parana-2024-2028?type=photo&format=entry_original&name=8eeffec7-ead4-418f-bfd6-d5900ecadeb8_1753901889.jpg,"Lapacho Amarillo de 2.10m de altura aprox. en desarrollo. 
Tronco de aspecto sano, bifurcado, en tono grisaceo con presencia de lenticelas. Fijado correctamente al tutor. Hojas digitadas de 5 foliolos en buen estado general.",,,,,,Vivero municipal,Alineación,No,Natural,
1bf9b840-02fb-4683-8f21-3836f5f20160,7fd6892b-4c0c-4c4f-9dd5-a1e7ff1e6e35,2025-07-30T18:56:17.000Z,2025-07-30T19:45:52.000Z,7fd6892b-4c0c-4c4f-9dd5-a1e7ff1e6e35,,,,,,,,Lapacho amarillo,36,270,https://five.epicollect.net/api/media/plan-de-arbolado-parana-2024-2028?type=photo&format=entry_original&name=7fd6892b-4c0c-4c4f-9dd5-a1e7ff1e6e35_1753901694.jpg,"Lapacho Amarillo de 2.70m de altura aprox. en desarrollo. 
Tronco de aspecto sano  en tono grisaceo con presencia de lenticelas. Fijado correctamente al tutor.
Hojas digitadas de 5 foliolos con necrosis por posible presencia de hongos.",,,,,,Vivero municipal,Alineación,No,Natural,
24aca7a7-6576-49c9-8e02-df40b777b0c8,26eeb5c4-5336-49ad-b6e2-183acb0c51c1,2025-07-30T18:51:45.000Z,2025-07-30T19:45:49.000Z,26eeb5c4-5336-49ad-b6e2-183acb0c51c1,-31.731733,-60.517216,6,6486617,735225,20J,,Lapacho amarillo,36,250,https://five.epicollect.net/api/media/plan-de-arbolado-parana-2024-2028?type=photo&format=entry_original&name=26eeb5c4-5336-49ad-b6e2-183acb0c51c1_1753901289.jpg,"Lapacho Amarillo de 2.5m de altura aprox. en desarrollo. 
Tronco de aspecto sano  en general con escoriacion en corteza secundaria que no impedirá su crecimiento, tono grisaceo con presencia de lenticelas. Tutor flojo. Hojas digitadas de 5 foliolos. Presentando en varios de ellos clorosis.",,,,,,Vivero municipal,Parques y/o plazas,No,Natural,
24aca7a7-6576-49c9-8e02-df40b777b0c8,4e88522a-5288-4f24-a783-c6bf25fc4b40,2025-07-30T18:46:56.000Z,2025-07-30T19:45:47.000Z,4e88522a-5288-4f24-a783-c6bf25fc4b40,-31.731852,-60.517169,4,6486604,735229,20J,,Lapacho amarillo,36,270,https://five.epicollect.net/api/media/plan-de-arbolado-parana-2024-2028?type=photo&format=entry_original&name=4e88522a-5288-4f24-a783-c6bf25fc4b40_1753900999.jpg,"Lapacho Amarillo de 2.70m de altura aprox. en desarrollo. 
Tronco de aspecto sano  en tono grisaceo con presencia de lenticelas. Fijado correctamente al tutor.
Hojas digitadas de 5 foliolos. Presentando en varios de ellos necrosis por posible presencia de hongos.",,,,,,Vivero municipal,Alineación,No,Natural,
66e16e72-a457-4f1f-b184-c134e8186bf1,b68a93cc-2572-47eb-b5d9-34e082a9917f,2025-07-30T18:41:14.000Z,2025-07-30T19:45:44.000Z,b68a93cc-2572-47eb-b5d9-34e082a9917f,-31.731946,-60.516895,4,6486593,735255,20J,,Lapacho amarillo,36,200,https://five.epicollect.net/api/media/plan-de-arbolado-parana-2024-2028?type=photo&format=entry_original&name=b68a93cc-2572-47eb-b5d9-34e082a9917f_1753900615.jpg,"Lapacho Amarillo de 2 m de altura aprox. en desarrollo. 
Tronco de aspecto sano  en tono grisaceo con presencia de lenticelas. Fijado correctamente al tutor.
Hojas digitadas de 5 foliolos sanos.",,,,,,Vivero municipal,Parques y/o plazas,No,Natural,
aebcfb22-ef5d-4bc9-a23f-3c6931d1b5f9,bedaecf4-4f37-43c6-983e-d68a2253d107,2025-07-30T18:34:03.000Z,2025-07-30T19:45:40.000Z,bedaecf4-4f37-43c6-983e-d68a2253d107,-31.731907,-60.516686,4,6486597,735275,20J,,Lapacho amarillo,36,200,https://five.epicollect.net/api/media/plan-de-arbolado-parana-2024-2028?type=photo&format=entry_original&name=bedaecf4-4f37-43c6-983e-d68a2253d107_1753900070.jpg,"Lapacho Amarillo de 2 m de altura aprox. en desarrollo. 
Tronco de aspecto sano en general, bifurcado, en tono grisaceo con presencia de lenticelas.  Presenta una pequeña escoriacion de la corteza secundaria que no impedirá su crecimiento. Fijado correctamente al tutor.
Hojas digitadas de 5 foliolos con presencia de cochinillas.",,,,,,Vivero municipal,Alineación,No,Natural,
34bf131e-b8a8-40ca-8833-5a733510667b,4177319e-8348-4c02-9de7-b1b5ca2a223d,2025-07-30T18:24:22.000Z,2025-10-17T13:45:05.000Z,4177319e-8348-4c02-9de7-b1b5ca2a223d,-31.732123,-60.516155,4,6486572,735325,20J,Reconocida,Lapacho amarillo,36,250,https://five.epicollect.net/api/media/plan-de-arbolado-parana-2024-2028?type=photo&format=entry_original&name=4177319e-8348-4c02-9de7-b1b5ca2a223d_1753899839.jpg,"Lapacho Amarillo de 2.5m de altura aprox. en desarrollo. 
Tronco de aspecto sano  en tono grisaceo con presencia de lenticelas. Fijado correctamente al tutor.
Hojas digitadas de 5 foliolos. ",Si,No saludable,Presenta pulgón y hormigas. Se observa enrollamiento de hojas debido a la presencia de estos insectos fitófagos.,Saludable,,Vivero municipal,Alineación,No,Natural,
4df2b39d-df01-4f16-918a-8acb32fb1d9c,eaa45253-3b74-41c3-95b2-dd43077b3f46,2025-07-25T14:06:01.000Z,2025-07-25T14:58:47.000Z,eaa45253-3b74-41c3-95b2-dd43077b3f46,-31.744443,-60.49447,4,6485158,737348,20J,,Timbó,36,120,https://five.epicollect.net/api/media/plan-de-arbolado-parana-2024-2028?type=photo&format=entry_original&name=eaa45253-3b74-41c3-95b2-dd43077b3f46_1753452278.jpg,No estoy seguro de que sea timbó,,,,,,Vivero municipal,Parques y/o plazas,No,Natural,
4df2b39d-df01-4f16-918a-8acb32fb1d9c,7756e269-c88f-447e-afc3-b608ee09124c,2025-07-25T14:03:16.000Z,2025-07-25T14:58:45.000Z,7756e269-c88f-447e-afc3-b608ee09124c,-31.744474,-60.494422,3,6485155,737353,20J,,Ñandubay,36,120,https://five.epicollect.net/api/media/plan-de-arbolado-parana-2024-2028?type=photo&format=entry_original&name=7756e269-c88f-447e-afc3-b608ee09124c_1753452087.jpg,,,,,,,Vivero municipal,Parques y/o plazas,No,Natural,
4df2b39d-df01-4f16-918a-8acb32fb1d9c,2c0a8627-f06c-4557-a2ec-e76e37cdcd02,2025-07-25T13:58:37.000Z,2025-07-25T14:58:43.000Z,2c0a8627-f06c-4557-a2ec-e76e37cdcd02,-31.744631,-60.494476,3,6485137,737347,20J,,Ceibo,36,50,https://five.epicollect.net/api/media/plan-de-arbolado-parana-2024-2028?type=photo&format=entry_original&name=2c0a8627-f06c-4557-a2ec-e76e37cdcd02_1753451835.jpg,,,,,,,Vivero municipal,Parques y/o plazas,No,Natural,
4df2b39d-df01-4f16-918a-8acb32fb1d9c,3646f8d9-8da0-4fad-96f3-231fe463d813,2025-07-25T13:54:33.000Z,2025-07-25T14:58:42.000Z,3646f8d9-8da0-4fad-96f3-231fe463d813,-31.744643,-60.494458,3,6485136,737349,20J,,Algarrobos,24,45,https://five.epicollect.net/api/media/plan-de-arbolado-parana-2024-2028?type=photo&format=entry_original&name=3646f8d9-8da0-4fad-96f3-231fe463d813_1753451607.jpg,,,,,,,Vivero municipal,Parques y/o plazas,No,Natural,
4df2b39d-df01-4f16-918a-8acb32fb1d9c,c20bd8d5-148e-45dd-bff1-15037b485429,2025-07-25T13:52:06.000Z,2025-07-25T14:58:40.000Z,c20bd8d5-148e-45dd-bff1-15037b485429,-31.744696,-60.494507,4,6485130,737344,20J,,Algarrobos,36,140,https://five.epicollect.net/api/media/plan-de-arbolado-parana-2024-2028?type=photo&format=entry_original&name=c20bd8d5-148e-45dd-bff1-15037b485429_1753451491.jpg,,,,,,,Vivero municipal,Parques y/o plazas,No,Natural,
4df2b39d-df01-4f16-918a-8acb32fb1d9c,f2ae6bdd-1fcf-42cc-9dc9-a5270878eadc,2025-07-25T13:47:37.000Z,2025-07-25T14:58:38.000Z,f2ae6bdd-1fcf-42cc-9dc9-a5270878eadc,-31.744718,-60.494476,3,6485128,737347,20J,,Tipa Colorada,24,50,https://five.epicollect.net/api/media/plan-de-arbolado-parana-2024-2028?type=photo&format=entry_original&name=f2ae6bdd-1fcf-42cc-9dc9-a5270878eadc_1753451216.jpg,,,,,,,Vivero municipal,Parques y/o plazas,No,Natural,
4df2b39d-df01-4f16-918a-8acb32fb1d9c,418cc288-4424-4413-a0dd-3ec520166ebb,2025-07-25T13:45:33.000Z,2025-07-25T14:58:37.000Z,418cc288-4424-4413-a0dd-3ec520166ebb,-31.744739,-60.494499,3,6485126,737345,20J,,Guarán,24,100,https://five.epicollect.net/api/media/plan-de-arbolado-parana-2024-2028?type=photo&format=entry_original&name=418cc288-4424-4413-a0dd-3ec520166ebb_1753450983.jpg,,,,,,,Vivero municipal,Parques y/o plazas,No,Natural,
4df2b39d-df01-4f16-918a-8acb32fb1d9c,e5ee2418-1a20-4f1d-8a83-46ff9f51bea7,2025-07-25T13:41:15.000Z,2025-07-25T14:58:35.000Z,e5ee2418-1a20-4f1d-8a83-46ff9f51bea7,-31.744745,-60.494499,3,6485125,737345,20J,,Quebracho Blanco,36,35,,,,,,,,Vivero municipal,Parques y/o plazas,No,Natural,
4df2b39d-df01-4f16-918a-8acb32fb1d9c,aebd3bb1-1800-4840-9077-66edb7ae5c1f,2025-07-25T13:37:34.000Z,2025-07-25T14:58:34.000Z,aebd3bb1-1800-4840-9077-66edb7ae5c1f,-31.744766,-60.49449,4,6485123,737346,20J,,Algarrobos,24,60,https://five.epicollect.net/api/media/plan-de-arbolado-parana-2024-2028?type=photo&format=entry_original&name=aebd3bb1-1800-4840-9077-66edb7ae5c1f_1753450623.jpg,,,,,,,Vivero municipal,Parques y/o plazas,No,Natural,
4df2b39d-df01-4f16-918a-8acb32fb1d9c,1b0ea08f-2898-44b6-9fdd-f97dca30cb02,2025-07-25T13:35:15.000Z,2025-07-25T14:58:32.000Z,1b0ea08f-2898-44b6-9fdd-f97dca30cb02,-31.74483,-60.49451,4,6485115,737344,20J,,Timbó,30,110,https://five.epicollect.net/api/media/plan-de-arbolado-parana-2024-2028?type=photo&format=entry_original&name=1b0ea08f-2898-44b6-9fdd-f97dca30cb02_1753450468.jpg,,,,,,,Vivero municipal,Parques y/o plazas,No,Natural,
4df2b39d-df01-4f16-918a-8acb32fb1d9c,b31cf616-2bcd-42bd-8852-c05e29bf7dbb,2025-07-25T13:32:13.000Z,2025-07-25T14:58:31.000Z,b31cf616-2bcd-42bd-8852-c05e29bf7dbb,-31.744872,-60.494514,3,6485111,737343,20J,,Algarrobos,36,110,https://five.epicollect.net/api/media/plan-de-arbolado-parana-2024-2028?type=photo&format=entry_original&name=b31cf616-2bcd-42bd-8852-c05e29bf7dbb_1753450224.jpg,,,,,,,Vivero municipal,Parques y/o plazas,No,Natural,
4df2b39d-df01-4f16-918a-8acb32fb1d9c,c4e774ad-8e0a-4e58-8f15-2920b940b366,2025-07-25T13:29:32.000Z,2025-07-25T14:58:29.000Z,c4e774ad-8e0a-4e58-8f15-2920b940b366,-31.744888,-60.49453,3,6485109,737341,20J,,Quebracho Blanco,36,40,https://five.epicollect.net/api/media/plan-de-arbolado-parana-2024-2028?type=photo&format=entry_original&name=c4e774ad-8e0a-4e58-8f15-2920b940b366_1753450147.jpg,,,,,,,Vivero municipal,Parques y/o plazas,No,Natural,
4df2b39d-df01-4f16-918a-8acb32fb1d9c,9248402e-d5b3-4479-8756-ad8b160419eb,2025-07-25T13:26:03.000Z,2025-07-25T14:58:28.000Z,9248402e-d5b3-4479-8756-ad8b160419eb,-31.744914,-60.494543,4,6485106,737340,20J,,Guarán,24,110,https://five.epicollect.net/api/media/plan-de-arbolado-parana-2024-2028?type=photo&format=entry_original&name=9248402e-d5b3-4479-8756-ad8b160419eb_1753449855.jpg,,,,,,,Vivero municipal,Parques y/o plazas,No,Natural,
4df2b39d-df01-4f16-918a-8acb32fb1d9c,67b1e181-6ea0-451f-8578-164248e6e5d1,2025-07-25T13:22:45.000Z,2025-07-25T14:58:26.000Z,67b1e181-6ea0-451f-8578-164248e6e5d1,-31.744934,-60.494545,3,6485104,737340,20J,,Palo Jabón,24,70,https://five.epicollect.net/api/media/plan-de-arbolado-parana-2024-2028?type=photo&format=entry_original&name=67b1e181-6ea0-451f-8578-164248e6e5d1_1753449722.jpg,,,,,,,Vivero municipal,Parques y/o plazas,No,Natural,
4df2b39d-df01-4f16-918a-8acb32fb1d9c,6ed0385c-e853-4cd6-83ef-8af510066211,2025-07-25T13:20:31.000Z,2025-07-25T14:58:24.000Z,6ed0385c-e853-4cd6-83ef-8af510066211,-31.744976,-60.494547,4,6485099,737340,20J,,Aguaribay,24,270,,,,,,,,Vivero municipal,Parques y/o plazas,No,Natural,
4df2b39d-df01-4f16-918a-8acb32fb1d9c,363ea86b-b03a-4e1f-ae83-556fb47e2c5b,2025-07-25T13:19:43.000Z,2025-07-25T14:58:22.000Z,363ea86b-b03a-4e1f-ae83-556fb47e2c5b,-31.745013,-60.494532,3,6485095,737341,20J,,Sen del Campo,24,220,https://five.epicollect.net/api/media/plan-de-arbolado-parana-2024-2028?type=photo&format=entry_original&name=363ea86b-b03a-4e1f-ae83-556fb47e2c5b_1753449467.jpg,,,,,,,Vivero municipal,Parques y/o plazas,No,Natural,
4df2b39d-df01-4f16-918a-8acb32fb1d9c,e8ae1a95-924a-4139-9f8c-173afded121a,2025-07-25T13:13:12.000Z,2025-07-25T14:58:19.000Z,e8ae1a95-924a-4139-9f8c-173afded121a,-31.745013,-60.494545,4,6485095,737340,20J,,Algarrobos,36,60,https://five.epicollect.net/api/media/plan-de-arbolado-parana-2024-2028?type=photo&format=entry_original&name=e8ae1a95-924a-4139-9f8c-173afded121a_1753449183.jpg,,,,,,,Vivero municipal,Parques y/o plazas,No,Natural,
4df2b39d-df01-4f16-918a-8acb32fb1d9c,5302f7fe-11c4-42ad-b862-cfd06796717d,2025-07-25T13:12:21.000Z,2025-07-25T14:58:17.000Z,5302f7fe-11c4-42ad-b862-cfd06796717d,-31.745041,-60.494571,4,6485092,737337,20J,,Palo Borracho,36,80,https://five.epicollect.net/api/media/plan-de-arbolado-parana-2024-2028?type=photo&format=entry_original&name=5302f7fe-11c4-42ad-b862-cfd06796717d_1753449078.jpg,,,,,,,Vivero municipal,Parques y/o plazas,No,Natural,
4df2b39d-df01-4f16-918a-8acb32fb1d9c,0520730d-e199-4753-9f65-446f90698573,2025-07-25T13:10:29.000Z,2025-07-25T14:58:16.000Z,0520730d-e199-4753-9f65-446f90698573,-31.745071,-60.49456,4,6485089,737338,20J,,Cebil Colorado,36,180,https://five.epicollect.net/api/media/plan-de-arbolado-parana-2024-2028?type=photo&format=entry_original&name=0520730d-e199-4753-9f65-446f90698573_1753448960.jpg,,,,,,,Vivero municipal,Parques y/o plazas,No,Natural,
4df2b39d-df01-4f16-918a-8acb32fb1d9c,e6dbd28b-0737-47d0-ab82-29764767e2ee,2025-07-25T13:08:10.000Z,2025-07-25T14:58:14.000Z,e6dbd28b-0737-47d0-ab82-29764767e2ee,-31.74509,-60.494568,4,6485087,737337,20J,,Palo Borracho,24,50,https://five.epicollect.net/api/media/plan-de-arbolado-parana-2024-2028?type=photo&format=entry_original&name=e6dbd28b-0737-47d0-ab82-29764767e2ee_1753448860.jpg,,,,,,,Vivero municipal,Parques y/o plazas,No,Natural,
4df2b39d-df01-4f16-918a-8acb32fb1d9c,01022f2d-c8a5-4b0d-91a5-cc186000a2b0,2025-07-25T13:05:15.000Z,2025-07-25T14:58:13.000Z,01022f2d-c8a5-4b0d-91a5-cc186000a2b0,-31.745173,-60.494572,4,6485078,737337,20J,,Guarán,24,100,https://five.epicollect.net/api/media/plan-de-arbolado-parana-2024-2028?type=photo&format=entry_original&name=01022f2d-c8a5-4b0d-91a5-cc186000a2b0_1753448673.jpg,,,,,,,Vivero municipal,Parques y/o plazas,No,Natural,
e14d7517-4e5c-491a-84f9-150871cb540b,0b6cf884-e05f-4112-8b8c-15ce64b8925d,2025-07-25T14:08:15.000Z,2025-07-25T14:54:31.000Z,0b6cf884-e05f-4112-8b8c-15ce64b8925d,-31.744252,-60.494492,2,6485180,737347,20J,,Palo Borracho,24,100,https://five.epicollect.net/api/media/plan-de-arbolado-parana-2024-2028?type=photo&format=entry_original&name=0b6cf884-e05f-4112-8b8c-15ce64b8925d_1753452493.jpg,,,,,,,Vivero municipal,Parques y/o plazas,No,Natural,
e14d7517-4e5c-491a-84f9-150871cb540b,b3a7022f-1095-4459-b6b1-c5239b0ba36f,2025-07-25T14:06:51.000Z,2025-07-25T14:54:29.000Z,b3a7022f-1095-4459-b6b1-c5239b0ba36f,-31.74433,-60.494478,1,6485171,737348,20J,,Azota Caballos,24,200,https://five.epicollect.net/api/media/plan-de-arbolado-parana-2024-2028?type=photo&format=entry_original&name=b3a7022f-1095-4459-b6b1-c5239b0ba36f_1753452407.jpg,,,,,,,Vivero municipal,Parques y/o plazas,No,Natural,
e14d7517-4e5c-491a-84f9-150871cb540b,7ed33c2a-ffab-462a-96d0-9761b7ff3426,2025-07-25T14:05:46.000Z,2025-07-25T14:54:28.000Z,7ed33c2a-ffab-462a-96d0-9761b7ff3426,-31.744366,-60.494445,2,6485167,737351,20J,,Algarrobos,12,100,https://five.epicollect.net/api/media/plan-de-arbolado-parana-2024-2028?type=photo&format=entry_original&name=7ed33c2a-ffab-462a-96d0-9761b7ff3426_1753452339.jpg,,,,,,,Vivero municipal,Parques y/o plazas,No,Natural,
e14d7517-4e5c-491a-84f9-150871cb540b,5fa5efd1-c824-4f8b-8803-5cfb5a4c3597,2025-07-25T14:04:18.000Z,2025-07-25T14:54:25.000Z,5fa5efd1-c824-4f8b-8803-5cfb5a4c3597,-31.744387,-60.494415,2,6485164,737354,20J,,Azota Caballos,24,150,https://five.epicollect.net/api/media/plan-de-arbolado-parana-2024-2028?type=photo&format=entry_original&name=5fa5efd1-c824-4f8b-8803-5cfb5a4c3597_1753452245.jpg,,,,,,,Vivero municipal,Parques y/o plazas,No,Natural,
e14d7517-4e5c-491a-84f9-150871cb540b,68559bad-4ede-4f57-a9f3-f2dceeda74c2,2025-07-25T14:02:41.000Z,2025-07-25T14:54:23.000Z,68559bad-4ede-4f57-a9f3-f2dceeda74c2,-31.744487,-60.494443,2,6485153,737351,20J,,Ceibo,12,70,https://five.epicollect.net/api/media/plan-de-arbolado-parana-2024-2028?type=photo&format=entry_original&name=68559bad-4ede-4f57-a9f3-f2dceeda74c2_1753452157.jpg,,,,,,,Vivero municipal,Parques y/o plazas,No,Natural,
e14d7517-4e5c-491a-84f9-150871cb540b,b03fb62d-81e4-45b6-b772-bd5bde6aecdf,2025-07-25T14:01:42.000Z,2025-07-25T14:54:22.000Z,b03fb62d-81e4-45b6-b772-bd5bde6aecdf,-31.744505,-60.494465,2,6485151,737349,20J,,Sen del Campo,24,250,https://five.epicollect.net/api/media/plan-de-arbolado-parana-2024-2028?type=photo&format=entry_original&name=b03fb62d-81e4-45b6-b772-bd5bde6aecdf_1753452089.jpg,,,,,,,Vivero municipal,Parques y/o plazas,No,Natural,
e14d7517-4e5c-491a-84f9-150871cb540b,607690f9-c25f-4aad-934d-8b75d22a9cbf,2025-07-25T14:00:36.000Z,2025-07-25T14:54:19.000Z,607690f9-c25f-4aad-934d-8b75d22a9cbf,-31.744502,-60.494468,2,6485152,737348,20J,,Palo Borracho,24,180,https://five.epicollect.net/api/media/plan-de-arbolado-parana-2024-2028?type=photo&format=entry_original&name=607690f9-c25f-4aad-934d-8b75d22a9cbf_1753452031.jpg,,,,,,,Vivero municipal,Parques y/o plazas,No,Natural,
e14d7517-4e5c-491a-84f9-150871cb540b,2ee0e54f-32f9-4416-bdbc-34723d7d8418,2025-07-25T13:59:12.000Z,2025-07-25T14:54:17.000Z,2ee0e54f-32f9-4416-bdbc-34723d7d8418,-31.744532,-60.49448,2,6485148,737347,20J,,Cebil Colorado,12,110,https://five.epicollect.net/api/media/plan-de-arbolado-parana-2024-2028?type=photo&format=entry_original&name=2ee0e54f-32f9-4416-bdbc-34723d7d8418_1753451947.jpg,,,,,,,Vivero municipal,Parques y/o plazas,No,Natural,
e14d7517-4e5c-491a-84f9-150871cb540b,dd450371-5ad5-46f7-82f1-03387f027aa8,2025-07-25T13:58:19.000Z,2025-07-25T14:54:12.000Z,dd450371-5ad5-46f7-82f1-03387f027aa8,-31.744556,-60.49448,2,6485146,737347,20J,,Molle pimentón,24,100,https://five.epicollect.net/api/media/plan-de-arbolado-parana-2024-2028?type=photo&format=entry_original&name=dd450371-5ad5-46f7-82f1-03387f027aa8_1753451893.jpg,,,,,,,Vivero municipal,Parques y/o plazas,No,Natural,
e14d7517-4e5c-491a-84f9-150871cb540b,ca341b84-78c4-4493-8fc1-cb07edbf9324,2025-07-25T13:56:16.000Z,2025-07-25T14:54:10.000Z,ca341b84-78c4-4493-8fc1-cb07edbf9324,-31.7446,-60.494501,2,6485141,737345,20J,,Timbó,12,50,https://five.epicollect.net/api/media/plan-de-arbolado-parana-2024-2028?type=photo&format=entry_original&name=ca341b84-78c4-4493-8fc1-cb07edbf9324_1753451757.jpg,,,,,,,Vivero municipal,Parques y/o plazas,No,Natural,
e14d7517-4e5c-491a-84f9-150871cb540b,bd268d74-a8bd-4b81-8c71-b503275bed29,2025-07-25T13:48:47.000Z,2025-07-25T14:54:03.000Z,bd268d74-a8bd-4b81-8c71-b503275bed29,-31.744668,-60.49449,2,6485133,737346,20J,,Algarrobos,36,150,https://five.epicollect.net/api/media/plan-de-arbolado-parana-2024-2028?type=photo&format=entry_original&name=bd268d74-a8bd-4b81-8c71-b503275bed29_1753451310.jpg,,,,,,,Vivero municipal,Parques y/o plazas,No,Natural,
e14d7517-4e5c-491a-84f9-150871cb540b,7bc20183-aac4-42d2-a98a-6910c8fb889e,2025-07-25T13:47:14.000Z,2025-07-25T14:54:02.000Z,7bc20183-aac4-42d2-a98a-6910c8fb889e,-31.744679,-60.494497,2,6485132,737345,20J,,Azota Caballos,36,200,https://five.epicollect.net/api/media/plan-de-arbolado-parana-2024-2028?type=photo&format=entry_original&name=7bc20183-aac4-42d2-a98a-6910c8fb889e_1753451229.jpg,Dudosa,,,,,,Vivero municipal,Parques y/o plazas,No,Natural,
e14d7517-4e5c-491a-84f9-150871cb540b,79b913e2-2521-4536-9afe-d02bc77b7e5c,2025-07-25T13:52:30.000Z,2025-07-25T14:53:59.000Z,79b913e2-2521-4536-9afe-d02bc77b7e5c,-31.744641,-60.494505,2,6485136,737344,20J,,Azota Caballos,36,150,https://five.epicollect.net/api/media/plan-de-arbolado-parana-2024-2028?type=photo&format=entry_original&name=79b913e2-2521-4536-9afe-d02bc77b7e5c_1753451513.jpg,Dudosa especie,,,,,,Vivero municipal,Parques y/o plazas,No,Natural,
e14d7517-4e5c-491a-84f9-150871cb540b,21e94651-37d4-4872-9e23-f08ccac33212,2025-07-25T13:42:30.000Z,2025-07-25T14:53:58.000Z,21e94651-37d4-4872-9e23-f08ccac33212,-31.744703,-60.494508,2,6485130,737344,20J,,Azota Caballos,12,50,https://five.epicollect.net/api/media/plan-de-arbolado-parana-2024-2028?type=photo&format=entry_original&name=21e94651-37d4-4872-9e23-f08ccac33212_1753450946.jpg,,,,,,,Vivero municipal,Parques y/o plazas,No,Natural,
e14d7517-4e5c-491a-84f9-150871cb540b,58f88c39-cd30-4a7d-aa0e-c311bcf4377e,2025-07-25T13:41:05.000Z,2025-07-25T14:53:56.000Z,58f88c39-cd30-4a7d-aa0e-c311bcf4377e,-31.744746,-60.494507,2,6485125,737344,20J,,Cebillo,24,100,https://five.epicollect.net/api/media/plan-de-arbolado-parana-2024-2028?type=photo&format=entry_original&name=58f88c39-cd30-4a7d-aa0e-c311bcf4377e_1753450812.jpg,,,,,,,Vivero municipal,Parques y/o plazas,No,Natural,
e14d7517-4e5c-491a-84f9-150871cb540b,0d004a3e-2ad3-482e-8144-003f3d49c8bd,2025-07-25T13:38:31.000Z,2025-07-25T14:53:55.000Z,0d004a3e-2ad3-482e-8144-003f3d49c8bd,-31.744759,-60.494519,2,6485123,737343,20J,,Sen del Campo,24,200,https://five.epicollect.net/api/media/plan-de-arbolado-parana-2024-2028?type=photo&format=entry_original&name=0d004a3e-2ad3-482e-8144-003f3d49c8bd_1753450638.jpg,,,,,,,Vivero municipal,Parques y/o plazas,No,Natural,
e14d7517-4e5c-491a-84f9-150871cb540b,14da6b96-fbb7-4b0c-ae5f-0769e4aea7eb,2025-07-25T13:35:21.000Z,2025-07-25T14:53:53.000Z,14da6b96-fbb7-4b0c-ae5f-0769e4aea7eb,-31.744794,-60.49451,2,6485119,737344,20J,,Palo Borracho,24,100,https://five.epicollect.net/api/media/plan-de-arbolado-parana-2024-2028?type=photo&format=entry_original&name=14da6b96-fbb7-4b0c-ae5f-0769e4aea7eb_1753450467.jpg,,,,,,,Vivero municipal,Parques y/o plazas,No,Natural,
e14d7517-4e5c-491a-84f9-150871cb540b,d42dd0b5-1f4c-452b-a63d-5496450f143b,2025-07-25T13:32:32.000Z,2025-07-25T14:53:51.000Z,d42dd0b5-1f4c-452b-a63d-5496450f143b,-31.744794,-60.494526,2,6485120,737342,20J,,Algarrobos,36,50,https://five.epicollect.net/api/media/plan-de-arbolado-parana-2024-2028?type=photo&format=entry_original&name=d42dd0b5-1f4c-452b-a63d-5496450f143b_1753450349.jpg,,,,,,,Vivero municipal,Parques y/o plazas,No,Natural,
e14d7517-4e5c-491a-84f9-150871cb540b,7ae062bb-8880-45ec-bc67-7570515cc76f,2025-07-25T13:30:27.000Z,2025-07-25T14:53:50.000Z,7ae062bb-8880-45ec-bc67-7570515cc76f,-31.744895,-60.494497,3,6485108,737345,20J,,Cebil Colorado,36,200,https://five.epicollect.net/api/media/plan-de-arbolado-parana-2024-2028?type=photo&format=entry_original&name=7ae062bb-8880-45ec-bc67-7570515cc76f_1753450221.jpg,,,,,,,Vivero municipal,Parques y/o plazas,No,Natural,
e14d7517-4e5c-491a-84f9-150871cb540b,7399cead-feae-4d04-899f-e359a79738d4,2025-07-25T13:28:06.000Z,2025-07-25T14:53:48.000Z,7399cead-feae-4d04-899f-e359a79738d4,-31.744836,-60.49453,2,6485115,737342,20J,,Cebil Colorado,24,150,https://five.epicollect.net/api/media/plan-de-arbolado-parana-2024-2028?type=photo&format=entry_original&name=7399cead-feae-4d04-899f-e359a79738d4_1753450077.jpg,,,,,,,Vivero municipal,Parques y/o plazas,No,Natural,
e14d7517-4e5c-491a-84f9-150871cb540b,12ccf721-5297-4f69-9900-599d1bf9e1ed,2025-07-25T13:26:17.000Z,2025-07-25T14:53:47.000Z,12ccf721-5297-4f69-9900-599d1bf9e1ed,-31.744859,-60.494537,2,6485112,737341,20J,,Timbó,24,75,https://five.epicollect.net/api/media/plan-de-arbolado-parana-2024-2028?type=photo&format=entry_original&name=12ccf721-5297-4f69-9900-599d1bf9e1ed_1753449969.jpg,,,,,,,Vivero municipal,Parques y/o plazas,No,Natural,
e14d7517-4e5c-491a-84f9-150871cb540b,bf37e948-3d85-49d5-b66d-a9dac3098984,2025-07-25T13:23:25.000Z,2025-07-25T14:53:45.000Z,bf37e948-3d85-49d5-b66d-a9dac3098984,-31.74491,-60.494561,2,6485107,737338,20J,,Timbó,12,50,https://five.epicollect.net/api/media/plan-de-arbolado-parana-2024-2028?type=photo&format=entry_original&name=bf37e948-3d85-49d5-b66d-a9dac3098984_1753449794.jpg,,,,,,,Vivero municipal,Parques y/o plazas,No,Natural,
e14d7517-4e5c-491a-84f9-150871cb540b,5cf76b7f-fef0-4a56-9207-ae17f2cead34,2025-07-25T13:22:03.000Z,2025-07-25T14:53:44.000Z,5cf76b7f-fef0-4a56-9207-ae17f2cead34,-31.744936,-60.494535,2,6485104,737341,20J,,Aguaribay,36,250,https://five.epicollect.net/api/media/plan-de-arbolado-parana-2024-2028?type=photo&format=entry_original&name=5cf76b7f-fef0-4a56-9207-ae17f2cead34_1753449710.jpg,,,,,,,Vivero municipal,Parques y/o plazas,No,Natural,
e14d7517-4e5c-491a-84f9-150871cb540b,dac4e82a-d370-4acf-9a78-8b0f26dae885,2025-07-25T13:20:18.000Z,2025-07-25T14:53:42.000Z,dac4e82a-d370-4acf-9a78-8b0f26dae885,-31.744953,-60.49455,2,6485102,737339,20J,,Timbó,36,170,https://five.epicollect.net/api/media/plan-de-arbolado-parana-2024-2028?type=photo&format=entry_original&name=dac4e82a-d370-4acf-9a78-8b0f26dae885_1753449599.jpg,No sabemos si es un timbo,,,,,,Vivero municipal,Parques y/o plazas,No,Natural,
e14d7517-4e5c-491a-84f9-150871cb540b,c5cd91ca-6331-4d01-82ad-e51a7a0433fd,2025-07-25T13:18:13.000Z,2025-07-25T14:53:40.000Z,c5cd91ca-6331-4d01-82ad-e51a7a0433fd,-31.744961,-60.49457,2,6485101,737337,20J,,Cebillo,24,100,https://five.epicollect.net/api/media/plan-de-arbolado-parana-2024-2028?type=photo&format=entry_original&name=c5cd91ca-6331-4d01-82ad-e51a7a0433fd_1753449486.jpg,,,,,,,Vivero municipal,Parques y/o plazas,No,Natural,
e14d7517-4e5c-491a-84f9-150871cb540b,cab491ec-b71b-408d-ad26-821a2c336d7a,2025-07-25T13:16:35.000Z,2025-07-25T14:53:39.000Z,cab491ec-b71b-408d-ad26-821a2c336d7a,-31.745003,-60.494541,2,6485096,737340,20J,,Timbó,24,120,https://five.epicollect.net/api/media/plan-de-arbolado-parana-2024-2028?type=photo&format=entry_original&name=cab491ec-b71b-408d-ad26-821a2c336d7a_1753449389.jpg,,,,,,,Vivero municipal,Parques y/o plazas,No,Natural,
e14d7517-4e5c-491a-84f9-150871cb540b,ef969663-486b-4e25-98bf-5957b65928b9,2025-07-25T13:15:16.000Z,2025-07-25T14:53:37.000Z,ef969663-486b-4e25-98bf-5957b65928b9,-31.745004,-60.494579,2,6485096,737337,20J,,Cebil Colorado,36,250,https://five.epicollect.net/api/media/plan-de-arbolado-parana-2024-2028?type=photo&format=entry_original&name=ef969663-486b-4e25-98bf-5957b65928b9_1753449294.jpg,,,,,,,Vivero municipal,Parques y/o plazas,No,Natural,
e14d7517-4e5c-491a-84f9-150871cb540b,9b338e8b-0d6a-454b-8fee-3aa005766171,2025-07-25T13:13:37.000Z,2025-07-25T14:53:35.000Z,9b338e8b-0d6a-454b-8fee-3aa005766171,,,,,,,,Palo Borracho,24,200,https://five.epicollect.net/api/media/plan-de-arbolado-parana-2024-2028?type=photo&format=entry_original&name=9b338e8b-0d6a-454b-8fee-3aa005766171_1753449200.jpg,,,,,,,Vivero municipal,Parques y/o plazas,No,Natural,
e14d7517-4e5c-491a-84f9-150871cb540b,8412557a-a453-453e-bc9b-9cc2fe2f6dea,2025-07-25T13:07:26.000Z,2025-07-25T14:53:34.000Z,8412557a-a453-453e-bc9b-9cc2fe2f6dea,-31.745077,-60.494584,2,6485088,737336,20J,,Palo Borracho,12,50,https://five.epicollect.net/api/media/plan-de-arbolado-parana-2024-2028?type=photo&format=entry_original&name=8412557a-a453-453e-bc9b-9cc2fe2f6dea_1753448836.jpg,Quebrado,,,,,,Vivero municipal,Parques y/o plazas,No,Natural,
e14d7517-4e5c-491a-84f9-150871cb540b,66f1e955-afb1-4872-9e59-adaf981a7178,2025-07-25T13:05:25.000Z,2025-07-25T14:53:32.000Z,66f1e955-afb1-4872-9e59-adaf981a7178,-31.745114,-60.494582,2,6485084,737336,20J,,Aguaribay,36,200,https://five.epicollect.net/api/media/plan-de-arbolado-parana-2024-2028?type=photo&format=entry_original&name=66f1e955-afb1-4872-9e59-adaf981a7178_1753448720.jpg,,,,,,,Vivero municipal,Parques y/o plazas,No,Natural,
e14d7517-4e5c-491a-84f9-150871cb540b,096d0d68-d3b0-41b9-abda-374359117e4c,2025-07-25T13:03:42.000Z,2025-07-25T14:53:30.000Z,096d0d68-d3b0-41b9-abda-374359117e4c,-31.745114,-60.494641,2,6485084,737330,20J,,Cebillo,12,70,https://five.epicollect.net/api/media/plan-de-arbolado-parana-2024-2028?type=photo&format=entry_original&name=096d0d68-d3b0-41b9-abda-374359117e4c_1753448611.jpg,,,,,,,Vivero municipal,Parques y/o plazas,No,Natural,
85fd3032-6b5d-4ee1-ad51-fb1ed4bfba90,4220b017-5b92-47dd-b3a0-798349037b38,2025-07-25T14:07:53.000Z,2025-07-25T14:53:08.000Z,4220b017-5b92-47dd-b3a0-798349037b38,-31.74423,-60.494489,3,6485182,737347,20J,,Lapacho,2,2,https://five.epicollect.net/api/media/plan-de-arbolado-parana-2024-2028?type=photo&format=entry_original&name=4220b017-5b92-47dd-b3a0-798349037b38_1753452470.jpg,,,,,,,Vivero municipal,Parques y/o plazas,No,Natural,
85fd3032-6b5d-4ee1-ad51-fb1ed4bfba90,aa1d0d67-0137-4461-b08a-de823966e44c,2025-07-25T14:07:12.000Z,2025-07-25T14:53:05.000Z,aa1d0d67-0137-4461-b08a-de823966e44c,-31.74432,-60.494488,2,6485172,737347,20J,,Cebillo,1,1,https://five.epicollect.net/api/media/plan-de-arbolado-parana-2024-2028?type=photo&format=entry_original&name=aa1d0d67-0137-4461-b08a-de823966e44c_1753452427.jpg,,,,,,,Vivero municipal,Parques y/o plazas,No,Natural,
85fd3032-6b5d-4ee1-ad51-fb1ed4bfba90,09e41f07-faa7-4cbf-ba6d-20cf9e93d0af,2025-07-25T14:06:10.000Z,2025-07-25T14:53:04.000Z,09e41f07-faa7-4cbf-ba6d-20cf9e93d0af,-31.744307,-60.494461,3,6485173,737349,20J,,Tipa Colorada,1,1,https://five.epicollect.net/api/media/plan-de-arbolado-parana-2024-2028?type=photo&format=entry_original&name=09e41f07-faa7-4cbf-ba6d-20cf9e93d0af_1753452364.jpg,,,,,,,Vivero municipal,Parques y/o plazas,No,Natural,
85fd3032-6b5d-4ee1-ad51-fb1ed4bfba90,b69250c2-2682-4087-9e4a-f200a1c9a663,2025-07-25T14:01:17.000Z,2025-07-25T14:53:01.000Z,b69250c2-2682-4087-9e4a-f200a1c9a663,-31.74428,-60.49445,2,6485176,737351,20J,,Palo Borracho,3,3,https://five.epicollect.net/api/media/plan-de-arbolado-parana-2024-2028?type=photo&format=entry_original&name=b69250c2-2682-4087-9e4a-f200a1c9a663_1753452074.jpg,,,,,,,Vivero municipal,Parques y/o plazas,No,Natural,
85fd3032-6b5d-4ee1-ad51-fb1ed4bfba90,6493d01f-a30b-4ba9-96ca-1077b3e7d1a7,2025-07-25T14:00:23.000Z,2025-07-25T14:53:00.000Z,6493d01f-a30b-4ba9-96ca-1077b3e7d1a7,-31.744242,-60.49449,2,6485181,737347,20J,,Palo Borracho,2,1,https://five.epicollect.net/api/media/plan-de-arbolado-parana-2024-2028?type=photo&format=entry_original&name=6493d01f-a30b-4ba9-96ca-1077b3e7d1a7_1753452020.jpg,,,,,,,Vivero municipal,Parques y/o plazas,No,Natural,
85fd3032-6b5d-4ee1-ad51-fb1ed4bfba90,ae86ea76-336c-47fa-ac7c-4546936e885e,2025-07-25T13:59:27.000Z,2025-07-25T14:52:59.000Z,ae86ea76-336c-47fa-ac7c-4546936e885e,-31.744245,-60.494475,2,6485180,737348,20J,,Quebracho Blanco,2,1,https://five.epicollect.net/api/media/plan-de-arbolado-parana-2024-2028?type=photo&format=entry_original&name=ae86ea76-336c-47fa-ac7c-4546936e885e_1753451957.jpg,Se está secando,,,,,,Vivero municipal,Parques y/o plazas,No,Natural,
85fd3032-6b5d-4ee1-ad51-fb1ed4bfba90,2e71df9c-4a79-448a-b1c9-8d6586d04f73,2025-07-25T13:58:33.000Z,2025-07-25T14:52:56.000Z,2e71df9c-4a79-448a-b1c9-8d6586d04f73,-31.744278,-60.494483,2,6485177,737347,20J,,Quebracho Blanco,2,2,https://five.epicollect.net/api/media/plan-de-arbolado-parana-2024-2028?type=photo&format=entry_original&name=2e71df9c-4a79-448a-b1c9-8d6586d04f73_1753451911.jpg,,,,,,,Vivero municipal,Parques y/o plazas,No,Natural,
85fd3032-6b5d-4ee1-ad51-fb1ed4bfba90,a9a2fb55-1a51-4b5a-a058-dac92ea0fa17,2025-07-25T13:57:47.000Z,2025-07-25T14:52:53.000Z,a9a2fb55-1a51-4b5a-a058-dac92ea0fa17,-31.744314,-60.494466,2,6485173,737349,20J,,Quebracho Blanco,1,1,https://five.epicollect.net/api/media/plan-de-arbolado-parana-2024-2028?type=photo&format=entry_original&name=a9a2fb55-1a51-4b5a-a058-dac92ea0fa17_1753451864.jpg,,,,,,,Vivero municipal,Parques y/o plazas,No,Natural,
85fd3032-6b5d-4ee1-ad51-fb1ed4bfba90,0d396416-cb9a-4420-90cf-43b31574c3ad,2025-07-25T13:57:00.000Z,2025-07-25T14:52:52.000Z,0d396416-cb9a-4420-90cf-43b31574c3ad,-31.744357,-60.494473,2,6485168,737348,20J,,Sen del Campo,2,2,https://five.epicollect.net/api/media/plan-de-arbolado-parana-2024-2028?type=photo&format=entry_original&name=0d396416-cb9a-4420-90cf-43b31574c3ad_1753451816.jpg,,,,,,,Vivero municipal,Parques y/o plazas,No,Natural,
85fd3032-6b5d-4ee1-ad51-fb1ed4bfba90,da32896b-e9c5-4c65-b4a6-9dda73097bd9,2025-07-25T13:56:21.000Z,2025-07-25T14:52:51.000Z,da32896b-e9c5-4c65-b4a6-9dda73097bd9,-31.744402,-60.494453,2,6485163,737350,20J,,Tipa Colorada,1,1,https://five.epicollect.net/api/media/plan-de-arbolado-parana-2024-2028?type=photo&format=entry_original&name=da32896b-e9c5-4c65-b4a6-9dda73097bd9_1753451775.jpg,,,,,,,Vivero municipal,Parques y/o plazas,No,Natural,
85fd3032-6b5d-4ee1-ad51-fb1ed4bfba90,55437906-e2d5-4ad0-9b99-a7200ec9ff67,2025-07-25T13:55:39.000Z,2025-07-25T14:52:49.000Z,55437906-e2d5-4ad0-9b99-a7200ec9ff67,-31.744417,-60.494436,4,6485161,737352,20J,,Quebracho Blanco,1,1,https://five.epicollect.net/api/media/plan-de-arbolado-parana-2024-2028?type=photo&format=entry_original&name=55437906-e2d5-4ad0-9b99-a7200ec9ff67_1753451737.jpg,,,,,,,Vivero municipal,Parques y/o plazas,No,Natural,
85fd3032-6b5d-4ee1-ad51-fb1ed4bfba90,e8393cef-7a22-4492-a992-7e272ada4f12,2025-07-25T13:54:57.000Z,2025-07-25T14:52:48.000Z,e8393cef-7a22-4492-a992-7e272ada4f12,-31.744451,-60.494467,3,6485157,737349,20J,,Tipa Colorada,1,1,https://five.epicollect.net/api/media/plan-de-arbolado-parana-2024-2028?type=photo&format=entry_original&name=e8393cef-7a22-4492-a992-7e272ada4f12_1753451694.jpg,,,,,,,Vivero municipal,Parques y/o plazas,No,Natural,
85fd3032-6b5d-4ee1-ad51-fb1ed4bfba90,2e496a19-e1d6-49cf-9e05-e29e9a6f76a6,2025-07-25T13:54:19.000Z,2025-07-25T14:52:46.000Z,2e496a19-e1d6-49cf-9e05-e29e9a6f76a6,-31.744439,-60.494455,3,6485159,737350,20J,,Mimosa,1,1,https://five.epicollect.net/api/media/plan-de-arbolado-parana-2024-2028?type=photo&format=entry_original&name=2e496a19-e1d6-49cf-9e05-e29e9a6f76a6_1753451652.jpg,,,,,,,Vivero municipal,Parques y/o plazas,No,Natural,
85fd3032-6b5d-4ee1-ad51-fb1ed4bfba90,11a9d4cb-c4cd-44b5-be5a-594cf2173f32,2025-07-25T13:53:35.000Z,2025-07-25T14:52:45.000Z,11a9d4cb-c4cd-44b5-be5a-594cf2173f32,-31.744479,-60.494456,3,6485154,737350,20J,,Sen del Campo,2,3,https://five.epicollect.net/api/media/plan-de-arbolado-parana-2024-2028?type=photo&format=entry_original&name=11a9d4cb-c4cd-44b5-be5a-594cf2173f32_1753451611.jpg,,,,,,,Vivero municipal,Parques y/o plazas,No,Natural,
85fd3032-6b5d-4ee1-ad51-fb1ed4bfba90,7dee341d-c2ef-4aa2-87e8-613944083849,2025-07-25T13:53:00.000Z,2025-07-25T14:52:43.000Z,7dee341d-c2ef-4aa2-87e8-613944083849,-31.744468,-60.494439,2,6485155,737351,20J,,Ceibo,2,1,https://five.epicollect.net/api/media/plan-de-arbolado-parana-2024-2028?type=photo&format=entry_original&name=7dee341d-c2ef-4aa2-87e8-613944083849_1753451569.jpg,Se está secando,,,,,,Vivero municipal,Parques y/o plazas,No,Natural,
85fd3032-6b5d-4ee1-ad51-fb1ed4bfba90,80082965-7030-46c6-bf80-43bd3f580011,2025-07-25T13:52:16.000Z,2025-07-25T14:52:41.000Z,80082965-7030-46c6-bf80-43bd3f580011,,,,,,,,Tipa Colorada,1,1,https://five.epicollect.net/api/media/plan-de-arbolado-parana-2024-2028?type=photo&format=entry_original&name=80082965-7030-46c6-bf80-43bd3f580011_1753451532.jpg,,,,,,,Vivero municipal,Parques y/o plazas,No,Natural,
85fd3032-6b5d-4ee1-ad51-fb1ed4bfba90,90dda3b9-9524-493f-b3c3-d0c4b0a30564,2025-07-25T13:51:38.000Z,2025-07-25T14:52:38.000Z,90dda3b9-9524-493f-b3c3-d0c4b0a30564,-31.744556,-60.494449,2,6485146,737350,20J,,Quebracho Blanco,1,1,https://five.epicollect.net/api/media/plan-de-arbolado-parana-2024-2028?type=photo&format=entry_original&name=90dda3b9-9524-493f-b3c3-d0c4b0a30564_1753451495.jpg,,,,,,,Vivero municipal,Parques y/o plazas,No,Natural,
85fd3032-6b5d-4ee1-ad51-fb1ed4bfba90,0ecf450d-9e9a-4121-85d5-8a3aa4e6f3e5,2025-07-25T13:50:31.000Z,2025-07-25T14:52:36.000Z,0ecf450d-9e9a-4121-85d5-8a3aa4e6f3e5,-31.744598,-60.494473,2,6485141,737348,20J,,Mimosa,2,1,https://five.epicollect.net/api/media/plan-de-arbolado-parana-2024-2028?type=photo&format=entry_original&name=0ecf450d-9e9a-4121-85d5-8a3aa4e6f3e5_1753451427.jpg,,,,,,,Vivero municipal,Parques y/o plazas,No,Natural,
85fd3032-6b5d-4ee1-ad51-fb1ed4bfba90,dc541829-025c-4e58-83f0-fbc8f8fbbfbf,2025-07-25T13:49:56.000Z,2025-07-25T14:52:32.000Z,dc541829-025c-4e58-83f0-fbc8f8fbbfbf,-31.744603,-60.494458,3,6485141,737349,20J,,Cebil Colorado,2,1,https://five.epicollect.net/api/media/plan-de-arbolado-parana-2024-2028?type=photo&format=entry_original&name=dc541829-025c-4e58-83f0-fbc8f8fbbfbf_1753451391.jpg,,,,,,,Vivero municipal,Parques y/o plazas,No,Natural,
85fd3032-6b5d-4ee1-ad51-fb1ed4bfba90,93b57570-3dec-48b7-9034-c5c10e87196b,2025-07-25T13:48:23.000Z,2025-07-25T14:52:28.000Z,93b57570-3dec-48b7-9034-c5c10e87196b,-31.744647,-60.494482,3,6485136,737347,20J,,Algarrobos,1,1,https://five.epicollect.net/api/media/plan-de-arbolado-parana-2024-2028?type=photo&format=entry_original&name=93b57570-3dec-48b7-9034-c5c10e87196b_1753451298.jpg,,,,,,,Vivero municipal,Parques y/o plazas,No,Natural,
85fd3032-6b5d-4ee1-ad51-fb1ed4bfba90,33ebcc13-5659-49f8-a774-82a20bb43a5f,2025-07-25T13:47:43.000Z,2025-07-25T14:52:27.000Z,33ebcc13-5659-49f8-a774-82a20bb43a5f,-31.744692,-60.49449,3,6485131,737346,20J,,Algarrobos,2,1,https://five.epicollect.net/api/media/plan-de-arbolado-parana-2024-2028?type=photo&format=entry_original&name=33ebcc13-5659-49f8-a774-82a20bb43a5f_1753451254.jpg,Se está secando,,,,,,Vivero municipal,Parques y/o plazas,No,Natural,
85fd3032-6b5d-4ee1-ad51-fb1ed4bfba90,93eed566-068f-4491-9d4d-34019b390663,2025-07-25T13:47:11.000Z,2025-07-25T14:52:25.000Z,93eed566-068f-4491-9d4d-34019b390663,-31.744401,-60.494539,3,6485163,737342,20J,,Sen del Campo,2,2,https://five.epicollect.net/api/media/plan-de-arbolado-parana-2024-2028?type=photo&format=entry_original&name=93eed566-068f-4491-9d4d-34019b390663_1753451021.jpg,,,,,,,Vivero municipal,Parques y/o plazas,No,Natural,
85fd3032-6b5d-4ee1-ad51-fb1ed4bfba90,0b87cefa-616b-4491-9766-fc8626a9b4e5,2025-07-25T13:42:53.000Z,2025-07-25T14:52:24.000Z,0b87cefa-616b-4491-9766-fc8626a9b4e5,-31.744514,-60.494546,3,6485151,737341,20J,,Lapacho,4,2,https://five.epicollect.net/api/media/plan-de-arbolado-parana-2024-2028?type=photo&format=entry_original&name=0b87cefa-616b-4491-9766-fc8626a9b4e5_1753450970.jpg,,,,,,,Vivero municipal,Parques y/o plazas,No,Natural,
85fd3032-6b5d-4ee1-ad51-fb1ed4bfba90,03f4caa6-274a-4c66-a42b-a50f6bb2a2d5,2025-07-25T13:42:23.000Z,2025-07-25T14:52:23.000Z,03f4caa6-274a-4c66-a42b-a50f6bb2a2d5,-31.744602,-60.494583,3,6485141,737337,20J,,Lapacho,4,3,https://five.epicollect.net/api/media/plan-de-arbolado-parana-2024-2028?type=photo&format=entry_original&name=03f4caa6-274a-4c66-a42b-a50f6bb2a2d5_1753450940.jpg,,,,,,,Vivero municipal,Parques y/o plazas,No,Natural,
85fd3032-6b5d-4ee1-ad51-fb1ed4bfba90,c7fe3cbf-53c9-4c79-97f3-0dbcbdd8a690,2025-07-25T13:41:54.000Z,2025-07-25T14:52:21.000Z,c7fe3cbf-53c9-4c79-97f3-0dbcbdd8a690,-31.744726,-60.494596,4,6485127,737336,20J,,Lapacho,4,3,https://five.epicollect.net/api/media/plan-de-arbolado-parana-2024-2028?type=photo&format=entry_original&name=c7fe3cbf-53c9-4c79-97f3-0dbcbdd8a690_1753450911.jpg,,,,,,,Vivero municipal,Parques y/o plazas,No,Natural,
85fd3032-6b5d-4ee1-ad51-fb1ed4bfba90,449a1c3f-604c-4309-bfcb-9323d2530c76,2025-07-25T13:41:34.000Z,2025-07-25T14:52:19.000Z,449a1c3f-604c-4309-bfcb-9323d2530c76,-31.744767,-60.494645,3,6485123,737331,20J,,Lapacho,4,3,https://five.epicollect.net/api/media/plan-de-arbolado-parana-2024-2028?type=photo&format=entry_original&name=449a1c3f-604c-4309-bfcb-9323d2530c76_1753450890.jpg,,,,,,,Vivero municipal,Parques y/o plazas,No,Natural,
85fd3032-6b5d-4ee1-ad51-fb1ed4bfba90,25aee5c8-905c-4337-b089-bbc5ac66e98b,2025-07-25T13:41:01.000Z,2025-07-25T14:52:17.000Z,25aee5c8-905c-4337-b089-bbc5ac66e98b,-31.744859,-60.494647,3,6485113,737330,20J,,Lapacho,4,3,https://five.epicollect.net/api/media/plan-de-arbolado-parana-2024-2028?type=photo&format=entry_original&name=25aee5c8-905c-4337-b089-bbc5ac66e98b_1753450844.jpg,Plantación anterior al plan de arbolado,,,,,,Vivero municipal,Parques y/o plazas,No,Natural,
85fd3032-6b5d-4ee1-ad51-fb1ed4bfba90,ed77b18a-4869-4f62-96d3-d8ed283ec607,2025-07-25T13:37:58.000Z,2025-07-25T14:52:15.000Z,ed77b18a-4869-4f62-96d3-d8ed283ec607,-31.744968,-60.494626,3,6485100,737332,20J,,Lapacho,3,3,https://five.epicollect.net/api/media/plan-de-arbolado-parana-2024-2028?type=photo&format=entry_original&name=ed77b18a-4869-4f62-96d3-d8ed283ec607_1753450665.jpg,,,,,,,Vivero municipal,Parques y/o plazas,No,Natural,
85fd3032-6b5d-4ee1-ad51-fb1ed4bfba90,0474c4f8-b6b0-406c-88a6-8de92fa1989e,2025-07-25T13:37:24.000Z,2025-07-25T14:52:12.000Z,0474c4f8-b6b0-406c-88a6-8de92fa1989e,-31.744995,-60.494676,3,6485098,737327,20J,,Lapacho,3,2,https://five.epicollect.net/api/media/plan-de-arbolado-parana-2024-2028?type=photo&format=entry_original&name=0474c4f8-b6b0-406c-88a6-8de92fa1989e_1753450641.jpg,,,,,,,Vivero municipal,Parques y/o plazas,No,Natural,
85fd3032-6b5d-4ee1-ad51-fb1ed4bfba90,29ba7792-24da-428d-b7da-4609c8549a6c,2025-07-25T13:36:58.000Z,2025-07-25T14:52:08.000Z,29ba7792-24da-428d-b7da-4609c8549a6c,-31.745142,-60.494692,5,6485081,737325,20J,,Lapacho,3,2,https://five.epicollect.net/api/media/plan-de-arbolado-parana-2024-2028?type=photo&format=entry_original&name=29ba7792-24da-428d-b7da-4609c8549a6c_1753450615.jpg,,,,,,,Vivero municipal,Parques y/o plazas,No,Natural,
85fd3032-6b5d-4ee1-ad51-fb1ed4bfba90,da4dede4-6361-4422-a251-9b79fd920577,2025-07-25T13:36:34.000Z,2025-07-25T14:52:07.000Z,da4dede4-6361-4422-a251-9b79fd920577,-31.745315,-60.494582,4,6485062,737335,20J,,Lapacho,3,3,https://five.epicollect.net/api/media/plan-de-arbolado-parana-2024-2028?type=photo&format=entry_original&name=da4dede4-6361-4422-a251-9b79fd920577_1753450591.jpg,,,,,,,Vivero municipal,Parques y/o plazas,No,Natural,
85fd3032-6b5d-4ee1-ad51-fb1ed4bfba90,f519d79e-d4e3-457f-928b-b0eb6b362675,2025-07-25T13:36:07.000Z,2025-07-25T14:52:05.000Z,f519d79e-d4e3-457f-928b-b0eb6b362675,-31.745289,-60.494747,4,6485065,737320,20J,,Lapacho,4,2,https://five.epicollect.net/api/media/plan-de-arbolado-parana-2024-2028?type=photo&format=entry_original&name=f519d79e-d4e3-457f-928b-b0eb6b362675_1753450562.jpg,,,,,,,Vivero municipal,Parques y/o plazas,No,Natural,
85fd3032-6b5d-4ee1-ad51-fb1ed4bfba90,b2cadd74-4584-427f-9807-89df9d9dbdf1,2025-07-25T13:32:10.000Z,2025-07-25T14:52:04.000Z,b2cadd74-4584-427f-9807-89df9d9dbdf1,-31.745438,-60.494767,3,6485049,737318,20J,,Ceibo,2,2,https://five.epicollect.net/api/media/plan-de-arbolado-parana-2024-2028?type=photo&format=entry_original&name=b2cadd74-4584-427f-9807-89df9d9dbdf1_1753450327.jpg,,,,,,,Vivero municipal,Parques y/o plazas,No,Natural,
85fd3032-6b5d-4ee1-ad51-fb1ed4bfba90,c05a35ba-7a15-4e10-a3f3-0ee1c3931ac4,2025-07-25T13:31:19.000Z,2025-07-25T14:52:03.000Z,c05a35ba-7a15-4e10-a3f3-0ee1c3931ac4,-31.745553,-60.494764,3,6485036,737318,20J,,Azota Caballos,1,1,https://five.epicollect.net/api/media/plan-de-arbolado-parana-2024-2028?type=photo&format=entry_original&name=c05a35ba-7a15-4e10-a3f3-0ee1c3931ac4_1753450276.jpg,,,,,,,Vivero municipal,Parques y/o plazas,No,Natural,
85fd3032-6b5d-4ee1-ad51-fb1ed4bfba90,77ea44b0-3da9-411d-b602-1d117bae4478,2025-07-25T13:30:23.000Z,2025-07-25T14:52:01.000Z,77ea44b0-3da9-411d-b602-1d117bae4478,-31.745556,-60.494791,3,6485036,737315,20J,,Mimosa,1,1,https://five.epicollect.net/api/media/plan-de-arbolado-parana-2024-2028?type=photo&format=entry_original&name=77ea44b0-3da9-411d-b602-1d117bae4478_1753450218.jpg,,,,,,,Vivero municipal,Parques y/o plazas,No,Natural,
85fd3032-6b5d-4ee1-ad51-fb1ed4bfba90,bbdee620-2228-481b-9819-3bfa28d0cd99,2025-07-25T13:29:30.000Z,2025-07-25T14:52:00.000Z,bbdee620-2228-481b-9819-3bfa28d0cd99,-31.7457,-60.494776,2,6485020,737316,20J,,Sen del Campo,2,2,https://five.epicollect.net/api/media/plan-de-arbolado-parana-2024-2028?type=photo&format=entry_original&name=bbdee620-2228-481b-9819-3bfa28d0cd99_1753450164.jpg,Bien,,,,,,Vivero municipal,Parques y/o plazas,No,Natural,
85fd3032-6b5d-4ee1-ad51-fb1ed4bfba90,8a0035be-6fd6-49f0-a686-ccbc472b3e6a,2025-07-25T13:28:51.000Z,2025-07-25T14:51:57.000Z,8a0035be-6fd6-49f0-a686-ccbc472b3e6a,-31.745691,-60.494753,2,6485021,737318,20J,,Ceibo,1,1,https://five.epicollect.net/api/media/plan-de-arbolado-parana-2024-2028?type=photo&format=entry_original&name=8a0035be-6fd6-49f0-a686-ccbc472b3e6a_1753450124.jpg,Se está secando,,,,,,Vivero municipal,Parques y/o plazas,No,Natural,
85fd3032-6b5d-4ee1-ad51-fb1ed4bfba90,94283d23-b442-4099-8502-40b32e309757,2025-07-25T13:28:01.000Z,2025-07-25T14:51:53.000Z,94283d23-b442-4099-8502-40b32e309757,-31.745723,-60.494783,2,6485017,737315,20J,,Cebillo,2,1,https://five.epicollect.net/api/media/plan-de-arbolado-parana-2024-2028?type=photo&format=entry_original&name=94283d23-b442-4099-8502-40b32e309757_1753450078.jpg,,,,,,,Vivero municipal,Parques y/o plazas,No,Natural,
85fd3032-6b5d-4ee1-ad51-fb1ed4bfba90,477bc273-b4ba-4675-8802-dee96ee1821c,2025-07-25T13:27:21.000Z,2025-07-25T14:51:52.000Z,477bc273-b4ba-4675-8802-dee96ee1821c,-31.745751,-60.494746,3,6485014,737319,20J,,Ceibo,2,1,https://five.epicollect.net/api/media/plan-de-arbolado-parana-2024-2028?type=photo&format=entry_original&name=477bc273-b4ba-4675-8802-dee96ee1821c_1753450027.jpg,Necesita abono tiene pulgones,,,,,,Vivero municipal,Parques y/o plazas,No,Natural,
85fd3032-6b5d-4ee1-ad51-fb1ed4bfba90,b2348804-7d45-4cb0-be7d-1ce5d72d5d0d,2025-07-25T13:26:37.000Z,2025-07-25T14:51:50.000Z,b2348804-7d45-4cb0-be7d-1ce5d72d5d0d,-31.745779,-60.494734,2,6485011,737320,20J,,Mimosa,1,1,https://five.epicollect.net/api/media/plan-de-arbolado-parana-2024-2028?type=photo&format=entry_original&name=b2348804-7d45-4cb0-be7d-1ce5d72d5d0d_1753449990.jpg,Se está secando,,,,,,Vivero municipal,Parques y/o plazas,No,Natural,
85fd3032-6b5d-4ee1-ad51-fb1ed4bfba90,3a2e04b4-e25c-4787-ab2b-c93d3a569bff,2025-07-25T13:25:40.000Z,2025-07-25T14:51:49.000Z,3a2e04b4-e25c-4787-ab2b-c93d3a569bff,-31.745824,-60.494739,2,6485006,737319,20J,,Ceibo,2,1,https://five.epicollect.net/api/media/plan-de-arbolado-parana-2024-2028?type=photo&format=entry_original&name=3a2e04b4-e25c-4787-ab2b-c93d3a569bff_1753449932.jpg,,,,,,,Vivero municipal,Parques y/o plazas,No,Natural,
85fd3032-6b5d-4ee1-ad51-fb1ed4bfba90,dea9ff0f-2726-40a2-852c-82af01a4580f,2025-07-25T13:24:59.000Z,2025-07-25T14:51:38.000Z,dea9ff0f-2726-40a2-852c-82af01a4580f,-31.745812,-60.494697,2,6485007,737323,20J,,Mimosa,1,1,https://five.epicollect.net/api/media/plan-de-arbolado-parana-2024-2028?type=photo&format=entry_original&name=dea9ff0f-2726-40a2-852c-82af01a4580f_1753449891.jpg,Se está secando,,,,,,Vivero municipal,Parques y/o plazas,No,Natural,
85fd3032-6b5d-4ee1-ad51-fb1ed4bfba90,166c9158-dba2-4cd1-8cbc-fcf684ec7152,2025-07-25T13:24:23.000Z,2025-07-25T14:51:34.000Z,166c9158-dba2-4cd1-8cbc-fcf684ec7152,-31.745801,-60.49473,2,6485008,737320,20J,,Mimosa,2,1,https://five.epicollect.net/api/media/plan-de-arbolado-parana-2024-2028?type=photo&format=entry_original&name=166c9158-dba2-4cd1-8cbc-fcf684ec7152_1753449854.jpg,Se está secando,,,,,,Vivero municipal,Parques y/o plazas,No,Natural,
85fd3032-6b5d-4ee1-ad51-fb1ed4bfba90,513f0cc4-deba-4a92-991a-480742f342f7,2025-07-25T13:23:39.000Z,2025-07-25T14:51:32.000Z,513f0cc4-deba-4a92-991a-480742f342f7,-31.745827,-60.4947,2,6485005,737323,20J,,Sen del Campo,3,2,https://five.epicollect.net/api/media/plan-de-arbolado-parana-2024-2028?type=photo&format=entry_original&name=513f0cc4-deba-4a92-991a-480742f342f7_1753449809.jpg,Bien,,,,,,Vivero municipal,Parques y/o plazas,No,Natural,
85fd3032-6b5d-4ee1-ad51-fb1ed4bfba90,7ae340aa-24cd-4777-abd4-6d7117147b05,2025-07-25T13:22:59.000Z,2025-07-25T14:51:29.000Z,7ae340aa-24cd-4777-abd4-6d7117147b05,-31.745854,-60.494684,2,6485002,737324,20J,,Jacaranda,2,1,https://five.epicollect.net/api/media/plan-de-arbolado-parana-2024-2028?type=photo&format=entry_original&name=7ae340aa-24cd-4777-abd4-6d7117147b05_1753449768.jpg,Se está secando,,,,,,Vivero municipal,Parques y/o plazas,No,Natural,
46c2099d-0608-47ad-84a8-119f3c165787,abd35e54-fe2e-4d69-8fce-d4b01fd486bd,2025-07-25T13:40:50.000Z,2025-07-25T14:51:28.000Z,abd35e54-fe2e-4d69-8fce-d4b01fd486bd,-31.745183,-60.494725,4,6485077,737322,20J,,Lapacho,36,240,https://five.epicollect.net/api/media/plan-de-arbolado-parana-2024-2028?type=photo&format=entry_original&name=abd35e54-fe2e-4d69-8fce-d4b01fd486bd_1753450838.jpg,Saludable,,,,,,Vivero municipal,Parques y/o plazas,Si ,Natural,
85fd3032-6b5d-4ee1-ad51-fb1ed4bfba90,a3f81e2b-32aa-4517-96c0-6999f79dbd5c,2025-07-25T13:22:21.000Z,2025-07-25T14:51:27.000Z,a3f81e2b-32aa-4517-96c0-6999f79dbd5c,-31.745902,-60.49468,2,6484997,737325,20J,,Palo Jabón,2,1,https://five.epicollect.net/api/media/plan-de-arbolado-parana-2024-2028?type=photo&format=entry_original&name=a3f81e2b-32aa-4517-96c0-6999f79dbd5c_1753449733.jpg,Se está secando,,,,,,Vivero municipal,Parques y/o plazas,No,Natural,
46c2099d-0608-47ad-84a8-119f3c165787,d226ccca-6ec2-439d-a131-2a9f8804164c,2025-07-25T13:39:55.000Z,2025-07-25T14:51:26.000Z,d226ccca-6ec2-439d-a131-2a9f8804164c,-31.745279,-60.494738,3,6485066,737321,20J,,Lapacho,60,220,https://five.epicollect.net/api/media/plan-de-arbolado-parana-2024-2028?type=photo&format=entry_original&name=d226ccca-6ec2-439d-a131-2a9f8804164c_1753450764.jpg,Período adaptativo,,,,,,Vivero municipal,Parques y/o plazas,Si ,Natural,
85fd3032-6b5d-4ee1-ad51-fb1ed4bfba90,ad60de2d-31f7-4b4e-a93b-385d24af3511,2025-07-25T13:21:43.000Z,2025-07-25T14:51:26.000Z,ad60de2d-31f7-4b4e-a93b-385d24af3511,-31.745932,-60.494708,2,6484994,737322,20J,,Jacaranda,2,1,https://five.epicollect.net/api/media/plan-de-arbolado-parana-2024-2028?type=photo&format=entry_original&name=ad60de2d-31f7-4b4e-a93b-385d24af3511_1753449664.jpg,Se está secando,,,,,,Vivero municipal,Parques y/o plazas,No,Natural,
46c2099d-0608-47ad-84a8-119f3c165787,32d09e50-0252-4ff5-810a-287eff6eb267,2025-07-25T13:37:46.000Z,2025-07-25T14:51:25.000Z,32d09e50-0252-4ff5-810a-287eff6eb267,-31.745434,-60.494762,3,6485049,737318,20J,,Molle pimentón,36,180,https://five.epicollect.net/api/media/plan-de-arbolado-parana-2024-2028?type=photo&format=entry_original&name=32d09e50-0252-4ff5-810a-287eff6eb267_1753450604.jpg,Periodo adaptativocritico,,,,,,Vivero municipal,Parques y/o plazas,Si ,Natural,
85fd3032-6b5d-4ee1-ad51-fb1ed4bfba90,996c0592-c8f9-4919-9121-091b3c7bc1dc,2025-07-25T13:20:36.000Z,2025-07-25T14:51:25.000Z,996c0592-c8f9-4919-9121-091b3c7bc1dc,-31.745915,-60.494673,2,6484996,737325,20J,,Sen del Campo,3,2,,En floración,,,,,,Vivero municipal,Parques y/o plazas,No,Natural,
46c2099d-0608-47ad-84a8-119f3c165787,5b101581-99dd-4d2a-985e-2ae58be34cfd,2025-07-25T13:36:06.000Z,2025-07-25T14:51:23.000Z,5b101581-99dd-4d2a-985e-2ae58be34cfd,-31.745546,-60.49477,3,6485037,737317,20J,,Ceibo,36,50,https://five.epicollect.net/api/media/plan-de-arbolado-parana-2024-2028?type=photo&format=entry_original&name=5b101581-99dd-4d2a-985e-2ae58be34cfd_1753450365.jpg,Período adaptativo critico,,,,,,Vivero municipal,Parques y/o plazas,Si ,Natural,
85fd3032-6b5d-4ee1-ad51-fb1ed4bfba90,66f5f7e7-d57a-4ce4-91c5-1433b4b2fa3a,2025-07-25T13:19:35.000Z,2025-07-25T14:51:22.000Z,66f5f7e7-d57a-4ce4-91c5-1433b4b2fa3a,-31.745942,-60.494657,2,6484993,737327,20J,,Ceibo,3,2,,,,,,,,Vivero municipal,Parques y/o plazas,No,Natural,
46c2099d-0608-47ad-84a8-119f3c165787,3fe15194-dabc-4661-83aa-76fdcb87918b,2025-07-25T13:31:55.000Z,2025-07-25T14:51:21.000Z,3fe15194-dabc-4661-83aa-76fdcb87918b,-31.745706,-60.494792,3,6485019,737315,20J,,Azota Caballos,36,50,https://five.epicollect.net/api/media/plan-de-arbolado-parana-2024-2028?type=photo&format=entry_original&name=3fe15194-dabc-4661-83aa-76fdcb87918b_1753450283.jpg,Período adaptativo,,,,,,Vivero municipal,Parques y/o plazas,Si ,Natural,
85fd3032-6b5d-4ee1-ad51-fb1ed4bfba90,f42a3f50-cd72-413d-992f-ea0f955bf347,2025-07-25T13:17:45.000Z,2025-07-25T14:51:21.000Z,f42a3f50-cd72-413d-992f-ea0f955bf347,-31.745964,-60.494643,2,6484990,737328,20J,,Mimosa,1,1,https://five.epicollect.net/api/media/plan-de-arbolado-parana-2024-2028?type=photo&format=entry_original&name=f42a3f50-cd72-413d-992f-ea0f955bf347_1753449455.jpg,Se está secando,,,,,,Vivero municipal,Parques y/o plazas,No,Natural,
85fd3032-6b5d-4ee1-ad51-fb1ed4bfba90,63a30c98-f0d8-4fd0-9785-934614aa75f5,2025-07-25T13:16:57.000Z,2025-07-25T14:51:19.000Z,63a30c98-f0d8-4fd0-9785-934614aa75f5,-31.745919,-60.494606,3,6484995,737332,20J,,Azota Caballos,2,1,https://five.epicollect.net/api/media/plan-de-arbolado-parana-2024-2028?type=photo&format=entry_original&name=63a30c98-f0d8-4fd0-9785-934614aa75f5_1753449381.jpg,,,,,,,Vivero municipal,Parques y/o plazas,No,Natural,
46c2099d-0608-47ad-84a8-119f3c165787,e76f4a46-537e-42f7-bab0-86858516cf33,2025-07-25T13:30:32.000Z,2025-07-25T14:51:19.000Z,e76f4a46-537e-42f7-bab0-86858516cf33,-31.745755,-60.494784,3,6485014,737315,20J,,Algarrobos,36,100,https://five.epicollect.net/api/media/plan-de-arbolado-parana-2024-2028?type=photo&format=entry_original&name=e76f4a46-537e-42f7-bab0-86858516cf33_1753450212.jpg,Período adaptativo,,,,,,Vivero municipal,Parques y/o plazas,Si ,Natural,
85fd3032-6b5d-4ee1-ad51-fb1ed4bfba90,f8a2b3ac-5252-439d-a150-1b405ef7e4c6,2025-07-25T13:15:42.000Z,2025-07-25T14:51:18.000Z,f8a2b3ac-5252-439d-a150-1b405ef7e4c6,-31.74602,-60.494655,3,6484984,737327,20J,,Mimosa,2,1,https://five.epicollect.net/api/media/plan-de-arbolado-parana-2024-2028?type=photo&format=entry_original&name=f8a2b3ac-5252-439d-a150-1b405ef7e4c6_1753449293.jpg,,,,,,,Vivero municipal,Parques y/o plazas,No,Natural,
46c2099d-0608-47ad-84a8-119f3c165787,e6049e81-746c-465b-af6a-fd238b49961e,2025-07-25T13:29:33.000Z,2025-07-25T14:51:17.000Z,e6049e81-746c-465b-af6a-fd238b49961e,-31.745795,-60.494738,3,6485009,737319,20J,,Ceibo,36,100,https://five.epicollect.net/api/media/plan-de-arbolado-parana-2024-2028?type=photo&format=entry_original&name=e6049e81-746c-465b-af6a-fd238b49961e_1753450151.jpg,Período adaptativo critico,,,,,,Vivero municipal,Parques y/o plazas,Si ,Natural,
46c2099d-0608-47ad-84a8-119f3c165787,1f00f0d8-48f2-49d6-a36d-a07d6da58bcc,2025-07-25T13:28:21.000Z,2025-07-25T14:51:16.000Z,1f00f0d8-48f2-49d6-a36d-a07d6da58bcc,-31.745855,-60.494731,3,6485002,737320,20J,,Jacaranda,36,100,https://five.epicollect.net/api/media/plan-de-arbolado-parana-2024-2028?type=photo&format=entry_original&name=1f00f0d8-48f2-49d6-a36d-a07d6da58bcc_1753450087.jpg,Muerto,,,,,,Vivero municipal,Parques y/o plazas,Si ,Natural,
46c2099d-0608-47ad-84a8-119f3c165787,3a2d3e46-4cc2-4e6a-9cdb-2da3ae376bf4,2025-07-25T13:26:26.000Z,2025-07-25T14:51:14.000Z,3a2d3e46-4cc2-4e6a-9cdb-2da3ae376bf4,-31.745884,-60.494729,3,6484999,737320,20J,,Molle pimentón,36,120,https://five.epicollect.net/api/media/plan-de-arbolado-parana-2024-2028?type=photo&format=entry_original&name=3a2d3e46-4cc2-4e6a-9cdb-2da3ae376bf4_1753449947.jpg,Período adaptativo critico,,,,,,Vivero municipal,Parques y/o plazas,Si ,Natural,
139157a9-c42b-4e8e-860f-0d43906d56fa,49872022-9a2e-44b3-92ee-0401b8d92706,2025-07-25T13:13:41.000Z,2025-07-25T14:51:13.000Z,49872022-9a2e-44b3-92ee-0401b8d92706,-31.746036,-60.494616,3,6484982,737330,20J,,Mimosa,2,1,https://five.epicollect.net/api/media/plan-de-arbolado-parana-2024-2028?type=photo&format=entry_original&name=49872022-9a2e-44b3-92ee-0401b8d92706_1753449212.jpg,Seestá secando,,,,,,Vivero municipal,Parques y/o plazas,No,Natural,
46c2099d-0608-47ad-84a8-119f3c165787,f46689e3-545f-4059-ba68-921db1b3adb4,2025-07-25T13:22:47.000Z,2025-07-25T14:51:12.000Z,f46689e3-545f-4059-ba68-921db1b3adb4,-31.745936,-60.494691,3,6484993,737324,20J,,Azota Caballos,24,50,https://five.epicollect.net/api/media/plan-de-arbolado-parana-2024-2028?type=photo&format=entry_original&name=f46689e3-545f-4059-ba68-921db1b3adb4_1753449744.jpg,En rebrote adaptativo,,,,,,Vivero municipal,Parques y/o plazas,Si ,Natural,
139157a9-c42b-4e8e-860f-0d43906d56fa,1eeead31-5e8b-4b9d-a083-0f992ab58c96,2025-07-25T13:12:42.000Z,2025-07-25T14:51:11.000Z,1eeead31-5e8b-4b9d-a083-0f992ab58c96,,,,,,,,Palo Jabón,2,1,,See stá secando,,,,,,Vivero municipal,Parques y/o plazas,No,Natural,
46c2099d-0608-47ad-84a8-119f3c165787,2ae90215-48d3-4033-9433-b18332a9c34d,2025-07-25T13:21:02.000Z,2025-07-25T14:51:10.000Z,2ae90215-48d3-4033-9433-b18332a9c34d,-31.745948,-60.494684,3,6484992,737324,20J,,Sen del Campo,36,210,https://five.epicollect.net/api/media/plan-de-arbolado-parana-2024-2028?type=photo&format=entry_original&name=2ae90215-48d3-4033-9433-b18332a9c34d_1753449647.jpg,Saludable,,,,,,Vivero municipal,Parques y/o plazas,Si ,Natural,
139157a9-c42b-4e8e-860f-0d43906d56fa,48e82945-089a-410b-b0fd-d67a5038857b,2025-07-25T13:10:32.000Z,2025-07-25T14:51:10.000Z,48e82945-089a-410b-b0fd-d67a5038857b,-31.746089,-60.494602,2,6484976,737332,20J,,Mimosa,2,1,https://five.epicollect.net/api/media/plan-de-arbolado-parana-2024-2028?type=photo&format=entry_original&name=48e82945-089a-410b-b0fd-d67a5038857b_1753449018.jpg,,,,,,,Vivero municipal,Parques y/o plazas,No,Natural,
139157a9-c42b-4e8e-860f-0d43906d56fa,4bca7a5b-7170-4900-af1c-3624055b6b82,2025-07-25T13:08:34.000Z,2025-07-25T14:51:09.000Z,4bca7a5b-7170-4900-af1c-3624055b6b82,-31.746108,-60.494581,10,6484974,737334,20J,,Mimosa,1,1,https://five.epicollect.net/api/media/plan-de-arbolado-parana-2024-2028?type=photo&format=entry_original&name=4bca7a5b-7170-4900-af1c-3624055b6b82_1753448901.jpg,Está seco muerto,,,,,,Vivero municipal,Parques y/o plazas,No,Natural,
46c2099d-0608-47ad-84a8-119f3c165787,7e742e5b-7dbd-4fea-b7ab-6ba4120dd329,2025-07-25T13:19:03.000Z,2025-07-25T14:51:08.000Z,7e742e5b-7dbd-4fea-b7ab-6ba4120dd329,-31.746014,-60.494642,3,6484984,737328,20J,,Ceibo,36,120,https://five.epicollect.net/api/media/plan-de-arbolado-parana-2024-2028?type=photo&format=entry_original&name=7e742e5b-7dbd-4fea-b7ab-6ba4120dd329_1753449509.jpg,En rebrote adaptativo critico,,,,,,Vivero municipal,Parques y/o plazas,Si ,Natural,
139157a9-c42b-4e8e-860f-0d43906d56fa,32996034-07cd-47eb-a4e9-b56940d125a2,2025-07-25T13:07:43.000Z,2025-07-25T14:51:07.000Z,32996034-07cd-47eb-a4e9-b56940d125a2,-31.746119,-60.494582,4,6484973,737333,20J,,Mimosa,1,1,https://five.epicollect.net/api/media/plan-de-arbolado-parana-2024-2028?type=photo&format=entry_original&name=32996034-07cd-47eb-a4e9-b56940d125a2_1753448843.jpg,Se está secando,,,,,,Vivero municipal,Parques y/o plazas,No,Natural,
46c2099d-0608-47ad-84a8-119f3c165787,a6b98ba9-4abd-4d9d-803e-e28c74fa2dcb,2025-07-25T13:17:41.000Z,2025-07-25T14:51:06.000Z,a6b98ba9-4abd-4d9d-803e-e28c74fa2dcb,-31.746101,-60.494621,3,6484975,737330,20J,,Azota Caballos,36,40,https://five.epicollect.net/api/media/plan-de-arbolado-parana-2024-2028?type=photo&format=entry_original&name=a6b98ba9-4abd-4d9d-803e-e28c74fa2dcb_1753449437.jpg,En rebrote adaptativo,,,,,,Vivero municipal,Parques y/o plazas,Si ,Natural,
46c2099d-0608-47ad-84a8-119f3c165787,9d5ee6b3-5ae1-47f1-9a34-4e4d84ebd0a7,2025-07-25T13:16:07.000Z,2025-07-25T14:51:05.000Z,9d5ee6b3-5ae1-47f1-9a34-4e4d84ebd0a7,-31.746118,-60.494605,9,6484973,737331,20J,,Jacaranda,36,110,https://five.epicollect.net/api/media/plan-de-arbolado-parana-2024-2028?type=photo&format=entry_original&name=9d5ee6b3-5ae1-47f1-9a34-4e4d84ebd0a7_1753449343.jpg,Saludable,,,,,,Vivero municipal,Parques y/o plazas,Si ,Natural,
139157a9-c42b-4e8e-860f-0d43906d56fa,ded2a343-e36a-4039-9824-2700d2d7eece,2025-07-25T13:05:42.000Z,2025-07-25T14:51:05.000Z,ded2a343-e36a-4039-9824-2700d2d7eece,-31.746143,-60.494581,2,6484970,737333,20J,,Ibirapitá,2,1,https://five.epicollect.net/api/media/plan-de-arbolado-parana-2024-2028?type=photo&format=entry_original&name=ded2a343-e36a-4039-9824-2700d2d7eece_1753448733.jpg,,,,,,,Vivero municipal,Parques y/o plazas,No,Natural,
139157a9-c42b-4e8e-860f-0d43906d56fa,05614735-7867-4007-bd00-1d621da71a18,2025-07-25T13:03:58.000Z,2025-07-25T14:51:03.000Z,05614735-7867-4007-bd00-1d621da71a18,-31.74619,-60.494539,6,6484965,737337,20J,,Ceibo,3,2,https://five.epicollect.net/api/media/plan-de-arbolado-parana-2024-2028?type=photo&format=entry_original&name=05614735-7867-4007-bd00-1d621da71a18_1753448612.jpg,,,,,,,Vivero municipal,Parques y/o plazas,No,Natural,
46c2099d-0608-47ad-84a8-119f3c165787,6ef51a51-3751-4f21-be41-22915bb3ec7f,2025-07-25T13:15:05.000Z,2025-07-25T14:51:03.000Z,6ef51a51-3751-4f21-be41-22915bb3ec7f,-31.746155,-60.494591,3,6484969,737332,20J,,Jacaranda,36,60,https://five.epicollect.net/api/media/plan-de-arbolado-parana-2024-2028?type=photo&format=entry_original&name=6ef51a51-3751-4f21-be41-22915bb3ec7f_1753449275.jpg,En rebrote adaptativo,,,,,,Vivero municipal,Parques y/o plazas,Si ,Natural,
46c2099d-0608-47ad-84a8-119f3c165787,f0a2039b-e65f-4598-8cb6-e01e497a7574,2025-07-25T13:13:11.000Z,2025-07-25T14:51:01.000Z,f0a2039b-e65f-4598-8cb6-e01e497a7574,-31.746109,-60.494612,3,6484974,737331,20J,,Quebracho Blanco,36,40,https://five.epicollect.net/api/media/plan-de-arbolado-parana-2024-2028?type=photo&format=entry_original&name=f0a2039b-e65f-4598-8cb6-e01e497a7574_1753449095.jpg,Saludable,,,,,,Vivero municipal,Parques y/o plazas,Si ,Natural,
d716ebef-4e7d-4058-9448-b690bf4a8d87,5170f947-8a74-488b-8a13-49f2ca8196c2,2025-07-18T14:17:31.000Z,2025-07-18T16:16:33.000Z,5170f947-8a74-488b-8a13-49f2ca8196c2,-31.745171,-60.494605,3,6485078,737334,20J,,Ñandubay,36,175,https://five.epicollect.net/api/media/plan-de-arbolado-parana-2024-2028?type=photo&format=entry_original&name=5170f947-8a74-488b-8a13-49f2ca8196c2_1752848240.jpg,,,,,,,Vivero municipal,Parques y/o plazas,No,Natural,
d716ebef-4e7d-4058-9448-b690bf4a8d87,40b15847-bf51-4321-b371-32cb58a8a53d,2025-07-18T14:16:27.000Z,2025-07-18T16:16:31.000Z,40b15847-bf51-4321-b371-32cb58a8a53d,-31.745204,-60.494601,3,6485074,737334,20J,,Palo Borracho,36,170,https://five.epicollect.net/api/media/plan-de-arbolado-parana-2024-2028?type=photo&format=entry_original&name=40b15847-bf51-4321-b371-32cb58a8a53d_1752848169.jpg,,,,,,,Vivero municipal,Parques y/o plazas,No,Natural,
d716ebef-4e7d-4058-9448-b690bf4a8d87,f9dcd824-e8b3-4483-9365-bef350ab8a22,2025-07-18T14:15:26.000Z,2025-07-18T16:16:30.000Z,f9dcd824-e8b3-4483-9365-bef350ab8a22,-31.745232,-60.494627,4,6485071,737331,20J,,Palo Tinta,24,60,https://five.epicollect.net/api/media/plan-de-arbolado-parana-2024-2028?type=photo&format=entry_original&name=f9dcd824-e8b3-4483-9365-bef350ab8a22_1752848078.jpg,Hay que verificar si es palo tinta u otro,,,,,,Vivero municipal,Parques y/o plazas,No,Natural,
d716ebef-4e7d-4058-9448-b690bf4a8d87,ce022454-f960-4ad8-95b3-a5c0e3d014de,2025-07-18T14:11:15.000Z,2025-07-18T16:16:28.000Z,ce022454-f960-4ad8-95b3-a5c0e3d014de,-31.745238,-60.494616,3,6485070,737332,20J,,Quebracho Blanco,24,35,https://five.epicollect.net/api/media/plan-de-arbolado-parana-2024-2028?type=photo&format=entry_original&name=ce022454-f960-4ad8-95b3-a5c0e3d014de_1752847859.jpg,,,,,,,Vivero municipal,Parques y/o plazas,No,Natural,
d716ebef-4e7d-4058-9448-b690bf4a8d87,5341d554-6ecb-41f8-b2db-97187976b692,2025-07-18T14:09:03.000Z,2025-07-18T16:16:27.000Z,5341d554-6ecb-41f8-b2db-97187976b692,-31.745303,-60.494591,4,6485063,737335,20J,,Guarán,25,110,https://five.epicollect.net/api/media/plan-de-arbolado-parana-2024-2028?type=photo&format=entry_original&name=5341d554-6ecb-41f8-b2db-97187976b692_1752847722.jpg,,,,,,,Vivero municipal,Parques y/o plazas,No,Natural,
d716ebef-4e7d-4058-9448-b690bf4a8d87,02f2aee7-5990-4cce-ba63-824a231a0d2c,2025-07-18T14:07:26.000Z,2025-07-18T16:16:25.000Z,02f2aee7-5990-4cce-ba63-824a231a0d2c,-31.745304,-60.494597,3,6485063,737334,20J,,Aguaribay,24,110,https://five.epicollect.net/api/media/plan-de-arbolado-parana-2024-2028?type=photo&format=entry_original&name=02f2aee7-5990-4cce-ba63-824a231a0d2c_1752847578.jpg,,,,,,,Vivero municipal,Parques y/o plazas,No,Natural,
d716ebef-4e7d-4058-9448-b690bf4a8d87,41461fe6-9f06-4d3f-8b26-4cc70095aaf1,2025-07-18T14:05:15.000Z,2025-07-18T16:16:24.000Z,41461fe6-9f06-4d3f-8b26-4cc70095aaf1,-31.745324,-60.494608,4,6485061,737333,20J,,Tipa Colorada,36,220,https://five.epicollect.net/api/media/plan-de-arbolado-parana-2024-2028?type=photo&format=entry_original&name=41461fe6-9f06-4d3f-8b26-4cc70095aaf1_1752847484.jpg,"Tipa común, existente previo a la plantación",,,,,,Reclutamiento,Parques y/o plazas,No,Natural,
d716ebef-4e7d-4058-9448-b690bf4a8d87,a3d0529c-e3ba-42de-a241-bd9abbbbfdaa,2025-07-18T14:02:27.000Z,2025-07-18T16:16:22.000Z,a3d0529c-e3ba-42de-a241-bd9abbbbfdaa,-31.74535,-60.494596,3,6485058,737334,20J,,Aguaribay,24,220,https://five.epicollect.net/api/media/plan-de-arbolado-parana-2024-2028?type=photo&format=entry_original&name=a3d0529c-e3ba-42de-a241-bd9abbbbfdaa_1752847310.jpg,,,,,,,Vivero municipal,Parques y/o plazas,No,Natural,
d716ebef-4e7d-4058-9448-b690bf4a8d87,2baf142d-867c-440e-8ccf-17a2e978e914,2025-07-18T14:00:58.000Z,2025-07-18T16:16:21.000Z,2baf142d-867c-440e-8ccf-17a2e978e914,-31.745426,-60.494593,3,6485050,737334,20J,,Timbó,36,100,https://five.epicollect.net/api/media/plan-de-arbolado-parana-2024-2028?type=photo&format=entry_original&name=2baf142d-867c-440e-8ccf-17a2e978e914_1752847230.jpg,,,,,,,Vivero municipal,Parques y/o plazas,No,Natural,
d716ebef-4e7d-4058-9448-b690bf4a8d87,3e052cff-0ef3-4342-a6ed-a821a45bf336,2025-07-18T13:58:21.000Z,2025-07-18T16:16:19.000Z,3e052cff-0ef3-4342-a6ed-a821a45bf336,-31.745435,-60.494632,3,6485049,737330,20J,,Ñandubay,36,110,https://five.epicollect.net/api/media/plan-de-arbolado-parana-2024-2028?type=photo&format=entry_original&name=3e052cff-0ef3-4342-a6ed-a821a45bf336_1752847088.jpg,,,,,,,Vivero municipal,Parques y/o plazas,No,Natural,
d716ebef-4e7d-4058-9448-b690bf4a8d87,44784ab3-56cf-4785-8c14-010f45425a4b,2025-07-18T13:57:02.000Z,2025-07-18T16:16:18.000Z,44784ab3-56cf-4785-8c14-010f45425a4b,-31.745442,-60.494653,4,6485048,737328,20J,,Palo Tinta,36,60,https://five.epicollect.net/api/media/plan-de-arbolado-parana-2024-2028?type=photo&format=entry_original&name=44784ab3-56cf-4785-8c14-010f45425a4b_1752847012.jpg,,,,,,,Vivero municipal,Parques y/o plazas,No,Natural,
d716ebef-4e7d-4058-9448-b690bf4a8d87,1cb47740-60fd-4383-8bd0-1a5997958233,2025-07-18T13:55:26.000Z,2025-07-18T16:16:16.000Z,1cb47740-60fd-4383-8bd0-1a5997958233,-31.745508,-60.494639,3,6485041,737330,20J,,Aguaribay,24,120,https://five.epicollect.net/api/media/plan-de-arbolado-parana-2024-2028?type=photo&format=entry_original&name=1cb47740-60fd-4383-8bd0-1a5997958233_1752846901.jpg,,,,,,,Vivero municipal,Parques y/o plazas,No,Natural,
d716ebef-4e7d-4058-9448-b690bf4a8d87,2bcf130b-da55-4bfc-a41d-55117d816926,2025-07-18T13:54:21.000Z,2025-07-18T16:16:15.000Z,2bcf130b-da55-4bfc-a41d-55117d816926,-31.745523,-60.494644,3,6485039,737329,20J,,Aguaribay,24,210,https://five.epicollect.net/api/media/plan-de-arbolado-parana-2024-2028?type=photo&format=entry_original&name=2bcf130b-da55-4bfc-a41d-55117d816926_1752846854.jpg,,,,,,,Vivero municipal,Parques y/o plazas,No,Natural,
d716ebef-4e7d-4058-9448-b690bf4a8d87,420fe07b-b3d1-447e-996c-810938bc10c6,2025-07-18T13:52:15.000Z,2025-07-18T16:16:13.000Z,420fe07b-b3d1-447e-996c-810938bc10c6,-31.745565,-60.494642,4,6485034,737329,20J,,Ceibo,24,40,https://five.epicollect.net/api/media/plan-de-arbolado-parana-2024-2028?type=photo&format=entry_original&name=420fe07b-b3d1-447e-996c-810938bc10c6_1752846693.jpg,,,,,,,Vivero municipal,Parques y/o plazas,No,Natural,
d716ebef-4e7d-4058-9448-b690bf4a8d87,246f403d-45d0-4941-bd79-989a4bc439f9,2025-07-18T13:49:41.000Z,2025-07-18T16:16:12.000Z,246f403d-45d0-4941-bd79-989a4bc439f9,-31.745589,-60.49467,4,6485032,737326,20J,,Quebracho Blanco,24,40,https://five.epicollect.net/api/media/plan-de-arbolado-parana-2024-2028?type=photo&format=entry_original&name=246f403d-45d0-4941-bd79-989a4bc439f9_1752846543.jpg,,,,,,,Vivero municipal,Parques y/o plazas,No,Natural,
d716ebef-4e7d-4058-9448-b690bf4a8d87,0073c713-54f7-4675-8946-0c9d0d7ba42a,2025-07-18T13:47:45.000Z,2025-07-18T16:16:10.000Z,0073c713-54f7-4675-8946-0c9d0d7ba42a,-31.745607,-60.494657,4,6485030,737328,20J,,Tipa Colorada,24,110,https://five.epicollect.net/api/media/plan-de-arbolado-parana-2024-2028?type=photo&format=entry_original&name=0073c713-54f7-4675-8946-0c9d0d7ba42a_1752846459.jpg,,,,,,,Vivero municipal,Parques y/o plazas,No,Natural,
d716ebef-4e7d-4058-9448-b690bf4a8d87,5223cc12-4362-4401-b3c3-17b3ea9476f7,2025-07-18T13:46:25.000Z,2025-07-18T16:16:09.000Z,5223cc12-4362-4401-b3c3-17b3ea9476f7,-31.745635,-60.494676,4,6485027,737326,20J,,Timbó,24,40,https://five.epicollect.net/api/media/plan-de-arbolado-parana-2024-2028?type=photo&format=entry_original&name=5223cc12-4362-4401-b3c3-17b3ea9476f7_1752846377.jpg,,,,,,,Vivero municipal,Parques y/o plazas,No,Natural,
d716ebef-4e7d-4058-9448-b690bf4a8d87,1658114f-2cf0-41b0-8d4a-34f851f88f4e,2025-07-18T13:44:27.000Z,2025-07-18T16:16:07.000Z,1658114f-2cf0-41b0-8d4a-34f851f88f4e,-31.745654,-60.494653,3,6485024,737328,20J,,Quebracho Blanco,24,60,https://five.epicollect.net/api/media/plan-de-arbolado-parana-2024-2028?type=photo&format=entry_original&name=1658114f-2cf0-41b0-8d4a-34f851f88f4e_1752846196.jpg,,,,,,,Vivero municipal,Parques y/o plazas,No,Natural,
d716ebef-4e7d-4058-9448-b690bf4a8d87,f4eab9aa-8ddf-4f8d-a97c-95616bcd3c79,2025-07-18T13:41:40.000Z,2025-07-18T16:16:06.000Z,f4eab9aa-8ddf-4f8d-a97c-95616bcd3c79,-31.745654,-60.494642,3,6485024,737329,20J,,Ñandubay,36,100,https://five.epicollect.net/api/media/plan-de-arbolado-parana-2024-2028?type=photo&format=entry_original&name=f4eab9aa-8ddf-4f8d-a97c-95616bcd3c79_1752846092.jpg,,,,,,,Vivero municipal,Parques y/o plazas,No,Natural,
d716ebef-4e7d-4058-9448-b690bf4a8d87,6810bf9c-466b-44a8-b521-24e61ad69f95,2025-07-18T13:40:27.000Z,2025-07-18T16:16:05.000Z,6810bf9c-466b-44a8-b521-24e61ad69f95,-31.745695,-60.494668,4,6485020,737326,20J,,Palo Jabón,36,120,https://five.epicollect.net/api/media/plan-de-arbolado-parana-2024-2028?type=photo&format=entry_original&name=6810bf9c-466b-44a8-b521-24e61ad69f95_1752845994.jpg,,,,,,,Vivero municipal,Parques y/o plazas,No,Natural,
d716ebef-4e7d-4058-9448-b690bf4a8d87,77174496-0eec-495e-a3c3-86310e9ee9dd,2025-07-18T13:38:45.000Z,2025-07-18T16:16:03.000Z,77174496-0eec-495e-a3c3-86310e9ee9dd,-31.745713,-60.494638,4,6485018,737329,20J,,Sen del Campo,36,170,https://five.epicollect.net/api/media/plan-de-arbolado-parana-2024-2028?type=photo&format=entry_original&name=77174496-0eec-495e-a3c3-86310e9ee9dd_1752845893.jpg,,,,,,,Vivero municipal,Parques y/o plazas,No,Natural,
d716ebef-4e7d-4058-9448-b690bf4a8d87,5ae26113-3b58-4a4c-b830-9d0c48441e15,2025-07-18T13:36:59.000Z,2025-07-18T16:16:01.000Z,5ae26113-3b58-4a4c-b830-9d0c48441e15,-31.745758,-60.494642,3,6485013,737329,20J,,Palo Tinta,36,40,https://five.epicollect.net/api/media/plan-de-arbolado-parana-2024-2028?type=photo&format=entry_original&name=5ae26113-3b58-4a4c-b830-9d0c48441e15_1752845803.jpg,,,,,,,Vivero municipal,Parques y/o plazas,No,Natural,
d716ebef-4e7d-4058-9448-b690bf4a8d87,28025a79-8632-4b54-8bc1-52dcf8f61b61,2025-07-18T13:35:19.000Z,2025-07-18T16:16:00.000Z,28025a79-8632-4b54-8bc1-52dcf8f61b61,-31.745807,-60.494608,3,6485007,737332,20J,,Ceibo,36,100,https://five.epicollect.net/api/media/plan-de-arbolado-parana-2024-2028?type=photo&format=entry_original&name=28025a79-8632-4b54-8bc1-52dcf8f61b61_1752845667.jpg,,,,,,,Vivero municipal,Parques y/o plazas,No,Natural,
d716ebef-4e7d-4058-9448-b690bf4a8d87,3fcae654-ee40-4977-9dfa-36d762f30289,2025-07-18T13:32:50.000Z,2025-07-18T16:15:59.000Z,3fcae654-ee40-4977-9dfa-36d762f30289,-31.745847,-60.494595,4,6485003,737333,20J,,Sen del Campo,36,220,https://five.epicollect.net/api/media/plan-de-arbolado-parana-2024-2028?type=photo&format=entry_original&name=3fcae654-ee40-4977-9dfa-36d762f30289_1752845528.jpg,Lastimado en base con motoguadaña. Se presume seco,,,,,,Vivero municipal,Parques y/o plazas,No,Natural,
d716ebef-4e7d-4058-9448-b690bf4a8d87,3e58a2da-89a2-4633-a1e9-723e582030fd,2025-07-18T13:30:01.000Z,2025-07-18T16:15:57.000Z,3e58a2da-89a2-4633-a1e9-723e582030fd,-31.745872,-60.494585,4,6485000,737334,20J,,Ñandubay,36,100,https://five.epicollect.net/api/media/plan-de-arbolado-parana-2024-2028?type=photo&format=entry_original&name=3e58a2da-89a2-4633-a1e9-723e582030fd_1752845377.jpg,,,,,,,Vivero municipal,Parques y/o plazas,No,Natural,
d716ebef-4e7d-4058-9448-b690bf4a8d87,b2f2cfa3-9350-4a49-85a6-47ea40175c19,2025-07-18T13:28:47.000Z,2025-07-18T16:15:56.000Z,b2f2cfa3-9350-4a49-85a6-47ea40175c19,-31.745891,-60.494567,4,6484998,737335,20J,,Ñandubay,48,100,https://five.epicollect.net/api/media/plan-de-arbolado-parana-2024-2028?type=photo&format=entry_original&name=b2f2cfa3-9350-4a49-85a6-47ea40175c19_1752845310.jpg,,,,,,,Vivero municipal,Parques y/o plazas,No,Natural,
d716ebef-4e7d-4058-9448-b690bf4a8d87,7617c655-2d36-4e5c-91ae-bbcbb6cc673f,2025-07-18T13:26:36.000Z,2025-07-18T16:15:54.000Z,7617c655-2d36-4e5c-91ae-bbcbb6cc673f,-31.745934,-60.494551,3,6484993,737337,20J,,Palo Tinta,36,45,https://five.epicollect.net/api/media/plan-de-arbolado-parana-2024-2028?type=photo&format=entry_original&name=7617c655-2d36-4e5c-91ae-bbcbb6cc673f_1752845148.jpg,,,,,,,Vivero municipal,Parques y/o plazas,No,Natural,
d716ebef-4e7d-4058-9448-b690bf4a8d87,5c28ba70-70da-461a-be41-e946fbd7db75,2025-07-18T13:24:57.000Z,2025-07-18T16:15:53.000Z,5c28ba70-70da-461a-be41-e946fbd7db75,-31.74594,-60.49455,3,6484992,737337,20J,,Ceibo,36,50,https://five.epicollect.net/api/media/plan-de-arbolado-parana-2024-2028?type=photo&format=entry_original&name=5c28ba70-70da-461a-be41-e946fbd7db75_1752845092.jpg,,,,,,,Vivero municipal,Parques y/o plazas,No,Natural,
d716ebef-4e7d-4058-9448-b690bf4a8d87,d9399e07-b3a0-4184-8c78-0b04992b1436,2025-07-18T13:24:04.000Z,2025-07-18T16:15:52.000Z,d9399e07-b3a0-4184-8c78-0b04992b1436,-31.745965,-60.494535,3,6484990,737338,20J,,Palo Tinta,36,40,https://five.epicollect.net/api/media/plan-de-arbolado-parana-2024-2028?type=photo&format=entry_original&name=d9399e07-b3a0-4184-8c78-0b04992b1436_1752845035.jpg,,,,,,,Vivero municipal,Parques y/o plazas,No,Natural,
d716ebef-4e7d-4058-9448-b690bf4a8d87,aebb4d34-9ced-46a5-8a71-9d882db85395,2025-07-18T13:14:00.000Z,2025-07-18T16:15:50.000Z,aebb4d34-9ced-46a5-8a71-9d882db85395,-31.746035,-60.494519,3,6484982,737340,20J,,Cebillo,24,100,https://five.epicollect.net/api/media/plan-de-arbolado-parana-2024-2028?type=photo&format=entry_original&name=aebb4d34-9ced-46a5-8a71-9d882db85395_1752844418.jpg,,,,,,,Vivero municipal,Parques y/o plazas,No,Natural,
d716ebef-4e7d-4058-9448-b690bf4a8d87,f9d6f0cf-dc42-49c3-8f97-161b8a17c940,2025-07-18T13:12:36.000Z,2025-07-18T16:15:49.000Z,f9d6f0cf-dc42-49c3-8f97-161b8a17c940,-31.746079,-60.494518,3,6484977,737340,20J,,Timbó,36,50,https://five.epicollect.net/api/media/plan-de-arbolado-parana-2024-2028?type=photo&format=entry_original&name=f9d6f0cf-dc42-49c3-8f97-161b8a17c940_1752844331.jpg,,,,,,,Vivero municipal,Parques y/o plazas,No,Natural,
d716ebef-4e7d-4058-9448-b690bf4a8d87,c81fc035-4fd3-4e7d-9ab5-f1b244c673f0,2025-07-18T13:10:19.000Z,2025-07-18T16:15:47.000Z,c81fc035-4fd3-4e7d-9ab5-f1b244c673f0,-31.746075,-60.49449,4,6484977,737342,20J,,Ibirapitá,36,200,https://five.epicollect.net/api/media/plan-de-arbolado-parana-2024-2028?type=photo&format=entry_original&name=c81fc035-4fd3-4e7d-9ab5-f1b244c673f0_1752844211.jpg,,,,,,,Vivero municipal,Parques y/o plazas,No,Natural,
d716ebef-4e7d-4058-9448-b690bf4a8d87,78ef1170-4ff6-403a-b5fd-92d00cae08f8,2025-07-18T13:07:32.000Z,2025-07-18T16:15:46.000Z,78ef1170-4ff6-403a-b5fd-92d00cae08f8,-31.746108,-60.49448,3,6484974,737343,20J,,Sen del Campo,24,150,https://five.epicollect.net/api/media/plan-de-arbolado-parana-2024-2028?type=photo&format=entry_original&name=78ef1170-4ff6-403a-b5fd-92d00cae08f8_1752843948.jpg,,,,,,,Vivero municipal,Parques y/o plazas,No,Natural,
d716ebef-4e7d-4058-9448-b690bf4a8d87,e33d1be3-e6ea-408a-adbd-7af58b574667,2025-07-18T13:04:45.000Z,2025-07-18T16:15:44.000Z,e33d1be3-e6ea-408a-adbd-7af58b574667,-31.746115,-60.494534,3,6484973,737338,20J,,Palo Jabón,24,110,https://five.epicollect.net/api/media/plan-de-arbolado-parana-2024-2028?type=photo&format=entry_original&name=e33d1be3-e6ea-408a-adbd-7af58b574667_1752843861.jpg,,,,,,,Vivero municipal,Parques y/o plazas,No,Natural,
d716ebef-4e7d-4058-9448-b690bf4a8d87,8a8bda11-0f18-4dbd-97a4-e640382ca6e0,2025-07-18T13:03:10.000Z,2025-07-18T16:15:43.000Z,8a8bda11-0f18-4dbd-97a4-e640382ca6e0,-31.7462,-60.494432,3,6484963,737347,20J,,Cebillo,24,100,https://five.epicollect.net/api/media/plan-de-arbolado-parana-2024-2028?type=photo&format=entry_original&name=8a8bda11-0f18-4dbd-97a4-e640382ca6e0_1752843771.jpg,,,,,,,Vivero municipal,Parques y/o plazas,No,Natural,
d716ebef-4e7d-4058-9448-b690bf4a8d87,25bd26c9-8504-4dae-b03c-eff7860d95f3,2025-07-18T12:43:58.000Z,2025-07-18T16:15:41.000Z,25bd26c9-8504-4dae-b03c-eff7860d95f3,-31.746198,-60.494449,3,6484964,737346,20J,,Cebillo,24,100,https://five.epicollect.net/api/media/plan-de-arbolado-parana-2024-2028?type=photo&format=entry_original&name=25bd26c9-8504-4dae-b03c-eff7860d95f3_1752842590.jpg,,,,,,,Vivero municipal,Parques y/o plazas,No,Natural,
3ae56255-301e-4944-ada7-8feaf4012551,439ce2aa-c6d7-4ed3-9b77-174c93b124a3,2025-07-18T14:24:57.000Z,2025-07-18T14:31:12.000Z,439ce2aa-c6d7-4ed3-9b77-174c93b124a3,-31.745163,-60.494598,2,6485079,737334,20J,,Palo Jabón,36,160,https://five.epicollect.net/api/media/plan-de-arbolado-parana-2024-2028?type=photo&format=entry_original&name=439ce2aa-c6d7-4ed3-9b77-174c93b124a3_1752848690.jpg,,,,,,,Vivero municipal,Parques y/o plazas,No,Natural,
3ae56255-301e-4944-ada7-8feaf4012551,29f087d1-466c-4738-a8d9-839474555dee,2025-07-18T14:23:40.000Z,2025-07-18T14:31:10.000Z,29f087d1-466c-4738-a8d9-839474555dee,-31.74518,-60.494613,2,6485077,737333,20J,,Quebracho Blanco,36,50,https://five.epicollect.net/api/media/plan-de-arbolado-parana-2024-2028?type=photo&format=entry_original&name=29f087d1-466c-4738-a8d9-839474555dee_1752848614.jpg,,,,,,,Vivero municipal,Parques y/o plazas,No,Natural,
3ae56255-301e-4944-ada7-8feaf4012551,028a2934-403f-4d35-9e97-16c12bd7e5d2,2025-07-18T14:21:25.000Z,2025-07-18T14:31:08.000Z,028a2934-403f-4d35-9e97-16c12bd7e5d2,-31.745196,-60.494635,2,6485075,737331,20J,,Algarrobos,36,50,https://five.epicollect.net/api/media/plan-de-arbolado-parana-2024-2028?type=photo&format=entry_original&name=028a2934-403f-4d35-9e97-16c12bd7e5d2_1752848480.jpg,,,,,,,Vivero municipal,Parques y/o plazas,No,Natural,
3ae56255-301e-4944-ada7-8feaf4012551,dc3f7e22-1745-41c9-b155-e682c508c2ac,2025-07-18T14:15:02.000Z,2025-07-18T14:31:07.000Z,dc3f7e22-1745-41c9-b155-e682c508c2ac,-31.74523,-60.494629,2,6485071,737331,20J,,Ñandubay,36,150,https://five.epicollect.net/api/media/plan-de-arbolado-parana-2024-2028?type=photo&format=entry_original&name=dc3f7e22-1745-41c9-b155-e682c508c2ac_1752848063.jpg,,,,,,,Vivero municipal,Parques y/o plazas,No,Natural,
3ae56255-301e-4944-ada7-8feaf4012551,5321b764-c138-4b7f-b641-18629f7ef2d9,2025-07-18T14:08:06.000Z,2025-07-18T14:11:55.000Z,5321b764-c138-4b7f-b641-18629f7ef2d9,-31.745263,-60.494617,2,6485068,737332,20J,,Cebil Colorado,36,200,https://five.epicollect.net/api/media/plan-de-arbolado-parana-2024-2028?type=photo&format=entry_original&name=5321b764-c138-4b7f-b641-18629f7ef2d9_1752847683.jpg,Cambiar especie,,,,,,Vivero municipal,Parques y/o plazas,No,Natural,
3ae56255-301e-4944-ada7-8feaf4012551,c1b093bb-10d9-4354-93b9-b19888275a36,2025-07-18T14:10:08.000Z,2025-07-18T14:11:54.000Z,c1b093bb-10d9-4354-93b9-b19888275a36,-31.745249,-60.494589,2,6485069,737335,20J,,Cebil Colorado,36,250,https://five.epicollect.net/api/media/plan-de-arbolado-parana-2024-2028?type=photo&format=entry_original&name=c1b093bb-10d9-4354-93b9-b19888275a36_1752847803.jpg,,,,,,,Vivero municipal,Parques y/o plazas,No,Natural,
3ae56255-301e-4944-ada7-8feaf4012551,447b455e-de12-4372-a078-0878f052a879,2025-07-18T14:05:43.000Z,2025-07-18T14:11:52.000Z,447b455e-de12-4372-a078-0878f052a879,-31.745301,-60.494617,2,6485063,737332,20J,,Aguaribay,36,100,https://five.epicollect.net/api/media/plan-de-arbolado-parana-2024-2028?type=photo&format=entry_original&name=447b455e-de12-4372-a078-0878f052a879_1752847538.jpg,,,,,,,Vivero municipal,Parques y/o plazas,No,Natural,
3ae56255-301e-4944-ada7-8feaf4012551,500be919-3391-497a-abb3-58bb495f3a18,2025-07-18T14:03:53.000Z,2025-07-18T14:11:50.000Z,500be919-3391-497a-abb3-58bb495f3a18,-31.745327,-60.494641,2,6485061,737330,20J,,Aguaribay,36,200,https://five.epicollect.net/api/media/plan-de-arbolado-parana-2024-2028?type=photo&format=entry_original&name=500be919-3391-497a-abb3-58bb495f3a18_1752847425.jpg,,,,,,,Vivero municipal,Parques y/o plazas,No,Natural,
3ae56255-301e-4944-ada7-8feaf4012551,a7deb6e6-bb4a-4791-8cb2-76e5831a332c,2025-07-18T14:02:50.000Z,2025-07-18T14:11:49.000Z,a7deb6e6-bb4a-4791-8cb2-76e5831a332c,-31.745351,-60.494605,2,6485058,737333,20J,,Aguaribay,36,200,https://five.epicollect.net/api/media/plan-de-arbolado-parana-2024-2028?type=photo&format=entry_original&name=a7deb6e6-bb4a-4791-8cb2-76e5831a332c_1752847364.jpg,,,,,,,Vivero municipal,Parques y/o plazas,No,Natural,
3ae56255-301e-4944-ada7-8feaf4012551,6b2371fa-a231-483d-b71a-e524b3f49657,2025-07-18T14:01:29.000Z,2025-07-18T14:11:47.000Z,6b2371fa-a231-483d-b71a-e524b3f49657,-31.745399,-60.494632,2,6485053,737330,20J,,Ceibo,36,50,https://five.epicollect.net/api/media/plan-de-arbolado-parana-2024-2028?type=photo&format=entry_original&name=6b2371fa-a231-483d-b71a-e524b3f49657_1752847274.jpg,Helado,,,,,,Vivero municipal,Parques y/o plazas,No,Natural,
3ae56255-301e-4944-ada7-8feaf4012551,d6d4b0ec-46f9-4abe-acb2-7e64ba498a6b,2025-07-18T13:59:41.000Z,2025-07-18T14:11:45.000Z,d6d4b0ec-46f9-4abe-acb2-7e64ba498a6b,-31.745391,-60.494651,2,6485054,737329,20J,,Cebil Colorado,36,100,https://five.epicollect.net/api/media/plan-de-arbolado-parana-2024-2028?type=photo&format=entry_original&name=d6d4b0ec-46f9-4abe-acb2-7e64ba498a6b_1752847162.jpg,,,,,,,Vivero municipal,Parques y/o plazas,No,Natural,
3ae56255-301e-4944-ada7-8feaf4012551,dd9d35a4-fbcd-429e-8f6c-3a06ac90d3a7,2025-07-18T13:57:58.000Z,2025-07-18T14:11:44.000Z,dd9d35a4-fbcd-429e-8f6c-3a06ac90d3a7,-31.74543,-60.494565,3,6485049,737337,20J,,Aguaribay,36,210,https://five.epicollect.net/api/media/plan-de-arbolado-parana-2024-2028?type=photo&format=entry_original&name=dd9d35a4-fbcd-429e-8f6c-3a06ac90d3a7_1752847058.jpg,,,,,,,Vivero municipal,Parques y/o plazas,No,Natural,
3ae56255-301e-4944-ada7-8feaf4012551,02a6b34e-d51c-4252-9258-a96a9421025d,2025-07-18T13:55:54.000Z,2025-07-18T14:11:42.000Z,02a6b34e-d51c-4252-9258-a96a9421025d,-31.745438,-60.494656,3,6485048,737328,20J,,Timbó,36,40,,,,,,,,Vivero municipal,Parques y/o plazas,No,Natural,
3ae56255-301e-4944-ada7-8feaf4012551,3899717a-5125-4e38-ab4a-cc7376aacae4,2025-07-18T13:54:42.000Z,2025-07-18T14:11:40.000Z,3899717a-5125-4e38-ab4a-cc7376aacae4,-31.745467,-60.49463,2,6485045,737331,20J,,Sen del Campo,36,180,https://five.epicollect.net/api/media/plan-de-arbolado-parana-2024-2028?type=photo&format=entry_original&name=3899717a-5125-4e38-ab4a-cc7376aacae4_1752846862.jpg,"Helado
O guaran",,,,,,Vivero municipal,Parques y/o plazas,No,Natural,
3ae56255-301e-4944-ada7-8feaf4012551,2d5744ff-a09e-4b3f-90e5-2941b68cc07a,2025-07-18T13:51:41.000Z,2025-07-18T14:11:39.000Z,2d5744ff-a09e-4b3f-90e5-2941b68cc07a,-31.745498,-60.494635,2,6485042,737330,20J,,Aguaribay,36,250,https://five.epicollect.net/api/media/plan-de-arbolado-parana-2024-2028?type=photo&format=entry_original&name=2d5744ff-a09e-4b3f-90e5-2941b68cc07a_1752846692.jpg,,,,,,,Vivero municipal,Parques y/o plazas,No,Natural,
3ae56255-301e-4944-ada7-8feaf4012551,edf7b298-3ee5-4353-a00b-ccfc8899f101,2025-07-18T13:50:29.000Z,2025-07-18T14:11:37.000Z,edf7b298-3ee5-4353-a00b-ccfc8899f101,-31.745491,-60.494653,2,6485043,737328,20J,,Aguaribay,36,220,https://five.epicollect.net/api/media/plan-de-arbolado-parana-2024-2028?type=photo&format=entry_original&name=edf7b298-3ee5-4353-a00b-ccfc8899f101_1752846601.jpg,,,,,,,Vivero municipal,Parques y/o plazas,No,Natural,
3ae56255-301e-4944-ada7-8feaf4012551,5d905940-ed10-4ed6-a411-7d98f848ee0c,2025-07-18T13:48:56.000Z,2025-07-18T14:11:35.000Z,5d905940-ed10-4ed6-a411-7d98f848ee0c,-31.745506,-60.494633,4,6485041,737330,20J,,Timbó,36,100,https://five.epicollect.net/api/media/plan-de-arbolado-parana-2024-2028?type=photo&format=entry_original&name=5d905940-ed10-4ed6-a411-7d98f848ee0c_1752846519.jpg,Helado,,,,,,Vivero municipal,Parques y/o plazas,No,Natural,
3ae56255-301e-4944-ada7-8feaf4012551,f4f92b01-8917-4bf0-8024-be2ba37c310e,2025-07-18T13:47:14.000Z,2025-07-18T14:11:33.000Z,f4f92b01-8917-4bf0-8024-be2ba37c310e,-31.745553,-60.494661,2,6485036,737327,20J,,Cebil Colorado,36,180,https://five.epicollect.net/api/media/plan-de-arbolado-parana-2024-2028?type=photo&format=entry_original&name=f4f92b01-8917-4bf0-8024-be2ba37c310e_1752846387.jpg,Helado,,,,,,Vivero municipal,Parques y/o plazas,No,Natural,
3ae56255-301e-4944-ada7-8feaf4012551,6005830b-77a1-4d8a-a193-6e729451b2e9,2025-07-18T13:45:37.000Z,2025-07-18T14:11:32.000Z,6005830b-77a1-4d8a-a193-6e729451b2e9,-31.745602,-60.494667,2,6485030,737327,20J,,Guarán,36,150,https://five.epicollect.net/api/media/plan-de-arbolado-parana-2024-2028?type=photo&format=entry_original&name=6005830b-77a1-4d8a-a193-6e729451b2e9_1752846319.jpg,Helado,,,,,,Vivero municipal,Parques y/o plazas,No,Natural,
3ae56255-301e-4944-ada7-8feaf4012551,878c9bbb-dc9f-4d7f-8fbd-980a9d4567c8,2025-07-18T13:44:19.000Z,2025-07-18T14:11:30.000Z,878c9bbb-dc9f-4d7f-8fbd-980a9d4567c8,-31.745616,-60.494673,2,6485029,737326,20J,,Palo Jabón,36,165,https://five.epicollect.net/api/media/plan-de-arbolado-parana-2024-2028?type=photo&format=entry_original&name=878c9bbb-dc9f-4d7f-8fbd-980a9d4567c8_1752846253.jpg,,,,,,,Vivero municipal,Parques y/o plazas,No,Natural,
3ae56255-301e-4944-ada7-8feaf4012551,c630d0b7-9613-470f-baa0-c7a526ea30d4,2025-07-18T13:42:21.000Z,2025-07-18T14:11:29.000Z,c630d0b7-9613-470f-baa0-c7a526ea30d4,-31.745648,-60.494665,2,6485025,737327,20J,,Ceibo,36,100,https://five.epicollect.net/api/media/plan-de-arbolado-parana-2024-2028?type=photo&format=entry_original&name=c630d0b7-9613-470f-baa0-c7a526ea30d4_1752846136.jpg,,,,,,,Vivero municipal,Parques y/o plazas,No,Natural,
3ae56255-301e-4944-ada7-8feaf4012551,85d05c8d-aeb4-4124-89f4-385f52c3d47b,2025-07-18T13:41:05.000Z,2025-07-18T14:11:27.000Z,85d05c8d-aeb4-4124-89f4-385f52c3d47b,-31.74566,-60.49467,2,6485024,737326,20J,,Cebil Colorado,36,170,https://five.epicollect.net/api/media/plan-de-arbolado-parana-2024-2028?type=photo&format=entry_original&name=85d05c8d-aeb4-4124-89f4-385f52c3d47b_1752846048.jpg,,,,,,,Vivero municipal,Parques y/o plazas,No,Natural,
3ae56255-301e-4944-ada7-8feaf4012551,08532761-bbb5-41f9-87ec-f23251603ca0,2025-07-18T13:39:57.000Z,2025-07-18T14:11:25.000Z,08532761-bbb5-41f9-87ec-f23251603ca0,-31.745698,-60.494666,2,6485020,737327,20J,,Timbó,36,75,https://five.epicollect.net/api/media/plan-de-arbolado-parana-2024-2028?type=photo&format=entry_original&name=08532761-bbb5-41f9-87ec-f23251603ca0_1752845985.jpg,,,,,,,Vivero municipal,Parques y/o plazas,No,Natural,
3ae56255-301e-4944-ada7-8feaf4012551,5599b53e-9bd4-455b-80c3-30d23b58ad59,2025-07-18T13:37:32.000Z,2025-07-18T14:11:24.000Z,5599b53e-9bd4-455b-80c3-30d23b58ad59,-31.745706,-60.494682,2,6485019,737325,20J,,Timbó,36,80,https://five.epicollect.net/api/media/plan-de-arbolado-parana-2024-2028?type=photo&format=entry_original&name=5599b53e-9bd4-455b-80c3-30d23b58ad59_1752845835.jpg,,,,,,,Vivero municipal,Parques y/o plazas,No,Natural,
3ae56255-301e-4944-ada7-8feaf4012551,aefe2d46-a7d4-47e4-82f3-9ccf453e426a,2025-07-18T13:35:38.000Z,2025-07-18T14:11:22.000Z,aefe2d46-a7d4-47e4-82f3-9ccf453e426a,-31.745714,-60.494657,2,6485018,737327,20J,,Ceibo,36,100,https://five.epicollect.net/api/media/plan-de-arbolado-parana-2024-2028?type=photo&format=entry_original&name=aefe2d46-a7d4-47e4-82f3-9ccf453e426a_1752845729.jpg,Roto,,,,,,Vivero municipal,Parques y/o plazas,No,Natural,
3ae56255-301e-4944-ada7-8feaf4012551,0b40a193-4201-4e44-ba69-44a9e455c3d1,2025-07-18T13:33:59.000Z,2025-07-18T14:11:20.000Z,0b40a193-4201-4e44-ba69-44a9e455c3d1,-31.745747,-60.494647,2,6485014,737328,20J,,Tipa Colorada,36,80,https://five.epicollect.net/api/media/plan-de-arbolado-parana-2024-2028?type=photo&format=entry_original&name=0b40a193-4201-4e44-ba69-44a9e455c3d1_1752845634.jpg,,,,,,,Vivero municipal,Parques y/o plazas,No,Natural,
3ae56255-301e-4944-ada7-8feaf4012551,9e00a63a-fccb-4fe6-b628-aab100a079fe,2025-07-18T13:32:32.000Z,2025-07-18T14:11:19.000Z,9e00a63a-fccb-4fe6-b628-aab100a079fe,-31.745779,-60.494656,5,6485011,737327,20J,,Timbó,36,100,https://five.epicollect.net/api/media/plan-de-arbolado-parana-2024-2028?type=photo&format=entry_original&name=9e00a63a-fccb-4fe6-b628-aab100a079fe_1752845549.jpg,,,,,,,Vivero municipal,Parques y/o plazas,No,Natural,
3ae56255-301e-4944-ada7-8feaf4012551,e5cb93a9-4984-4e5f-b525-a7f6a07312f9,2025-07-18T13:29:30.000Z,2025-07-18T14:11:17.000Z,e5cb93a9-4984-4e5f-b525-a7f6a07312f9,-31.745774,-60.494617,2,6485011,737331,20J,,Ceibo,36,150,https://five.epicollect.net/api/media/plan-de-arbolado-parana-2024-2028?type=photo&format=entry_original&name=e5cb93a9-4984-4e5f-b525-a7f6a07312f9_1752845339.jpg,Ramas cortadas,,,,,,Vivero municipal,Parques y/o plazas,No,Natural,
3ae56255-301e-4944-ada7-8feaf4012551,cb47218c-f518-476e-bf5c-c65e7c35cd86,2025-07-18T13:26:46.000Z,2025-07-18T14:11:15.000Z,cb47218c-f518-476e-bf5c-c65e7c35cd86,-31.74579,-60.494619,2,6485009,737331,20J,,Ibirapitá,36,220,https://five.epicollect.net/api/media/plan-de-arbolado-parana-2024-2028?type=photo&format=entry_original&name=cb47218c-f518-476e-bf5c-c65e7c35cd86_1752845159.jpg,Helado,,,,,,Vivero municipal,Parques y/o plazas,No,Natural,
3ae56255-301e-4944-ada7-8feaf4012551,5498be5a-488b-4d1a-b353-8f09a0a745c5,2025-07-18T13:24:45.000Z,2025-07-18T14:11:14.000Z,5498be5a-488b-4d1a-b353-8f09a0a745c5,-31.745909,-60.494715,6,6484996,737321,20J,,Tipa Colorada,36,100,https://five.epicollect.net/api/media/plan-de-arbolado-parana-2024-2028?type=photo&format=entry_original&name=5498be5a-488b-4d1a-b353-8f09a0a745c5_1752845056.jpg,,,,,,,Vivero municipal,Parques y/o plazas,No,Natural,
3ae56255-301e-4944-ada7-8feaf4012551,860afd73-fd2e-4e7d-8b9a-681f8f90d9e0,2025-07-18T13:21:55.000Z,2025-07-18T14:11:12.000Z,860afd73-fd2e-4e7d-8b9a-681f8f90d9e0,-31.745822,-60.494611,2,6485006,737331,20J,,Timbó,36,160,https://five.epicollect.net/api/media/plan-de-arbolado-parana-2024-2028?type=photo&format=entry_original&name=860afd73-fd2e-4e7d-8b9a-681f8f90d9e0_1752844907.jpg,,,,,,,Vivero municipal,Parques y/o plazas,No,Natural,
3ae56255-301e-4944-ada7-8feaf4012551,96ef8e0a-e9ee-4eb1-bd95-6c2a2d1b63b9,2025-07-18T13:19:52.000Z,2025-07-18T14:11:10.000Z,96ef8e0a-e9ee-4eb1-bd95-6c2a2d1b63b9,-31.74586,-60.494577,2,6485001,737335,20J,,Tipa Colorada,36,60,https://five.epicollect.net/api/media/plan-de-arbolado-parana-2024-2028?type=photo&format=entry_original&name=96ef8e0a-e9ee-4eb1-bd95-6c2a2d1b63b9_1752844765.jpg,,,,,,,Vivero municipal,Parques y/o plazas,No,Natural,
3ae56255-301e-4944-ada7-8feaf4012551,2c8f6e38-e19b-413f-8809-f1f636fb15b0,2025-07-18T13:18:38.000Z,2025-07-18T14:11:09.000Z,2c8f6e38-e19b-413f-8809-f1f636fb15b0,-31.745881,-60.494595,2,6484999,737333,20J,,Algarrobos,36,80,https://five.epicollect.net/api/media/plan-de-arbolado-parana-2024-2028?type=photo&format=entry_original&name=2c8f6e38-e19b-413f-8809-f1f636fb15b0_1752844713.jpg,,,,,,,Vivero municipal,Parques y/o plazas,No,Natural,
3ae56255-301e-4944-ada7-8feaf4012551,03f884f5-02c8-4c3f-a020-eb5a757aa17a,2025-07-18T13:17:15.000Z,2025-07-18T14:11:07.000Z,03f884f5-02c8-4c3f-a020-eb5a757aa17a,-31.745904,-60.494584,2,6484997,737334,20J,,Tipa Colorada,36,100,,,,,,,,Vivero municipal,Parques y/o plazas,No,Natural,
3ae56255-301e-4944-ada7-8feaf4012551,443fc73d-7987-4edf-be7f-f98693fa01f7,2025-07-18T13:15:38.000Z,2025-07-18T14:11:05.000Z,443fc73d-7987-4edf-be7f-f98693fa01f7,-31.745954,-60.494535,7,6484991,737338,20J,,Timbó,36,60,https://five.epicollect.net/api/media/plan-de-arbolado-parana-2024-2028?type=photo&format=entry_original&name=443fc73d-7987-4edf-be7f-f98693fa01f7_1752844530.jpg,,,,,,,Vivero municipal,Parques y/o plazas,No,Natural,
3ae56255-301e-4944-ada7-8feaf4012551,f63605aa-37a0-439e-963e-424cfcad8fbd,2025-07-18T13:14:31.000Z,2025-07-18T14:11:04.000Z,f63605aa-37a0-439e-963e-424cfcad8fbd,-31.745952,-60.494548,2,6484991,737337,20J,,Timbó,36,50,https://five.epicollect.net/api/media/plan-de-arbolado-parana-2024-2028?type=photo&format=entry_original&name=f63605aa-37a0-439e-963e-424cfcad8fbd_1752844377.jpg,,,,,,,Vivero municipal,Parques y/o plazas,No,Natural,
3ae56255-301e-4944-ada7-8feaf4012551,bbdd19bd-f2a3-4437-a1cb-2ea58ce7b482,2025-07-18T12:50:52.000Z,2025-07-18T14:11:02.000Z,bbdd19bd-f2a3-4437-a1cb-2ea58ce7b482,-31.746119,-60.494438,3,6484972,737347,20J,,Cebillo,36,100,https://five.epicollect.net/api/media/plan-de-arbolado-parana-2024-2028?type=photo&format=entry_original&name=bbdd19bd-f2a3-4437-a1cb-2ea58ce7b482_1752843044.jpg,,,,,,,Vivero municipal,Parques y/o plazas,No,Natural,
3ae56255-301e-4944-ada7-8feaf4012551,4670850b-9cba-4e1a-ac43-2d8c7016ac61,2025-07-18T13:09:19.000Z,2025-07-18T14:11:00.000Z,4670850b-9cba-4e1a-ac43-2d8c7016ac61,-31.745959,-60.494551,2,6484990,737337,20J,,Timbó,36,50,https://five.epicollect.net/api/media/plan-de-arbolado-parana-2024-2028?type=photo&format=entry_original&name=4670850b-9cba-4e1a-ac43-2d8c7016ac61_1752843915.jpg,,,,,,,Vivero municipal,Parques y/o plazas,No,Natural,
3ae56255-301e-4944-ada7-8feaf4012551,8877d217-ffe4-4e3f-8cb1-815558c0eed3,2025-07-18T13:04:27.000Z,2025-07-18T14:10:59.000Z,8877d217-ffe4-4e3f-8cb1-815558c0eed3,-31.745956,-60.494537,2,6484991,737338,20J,,Palo Tinta,36,80,https://five.epicollect.net/api/media/plan-de-arbolado-parana-2024-2028?type=photo&format=entry_original&name=8877d217-ffe4-4e3f-8cb1-815558c0eed3_1752843795.jpg,,,,,,,Vivero municipal,Parques y/o plazas,No,Natural,
3ae56255-301e-4944-ada7-8feaf4012551,c624fcf6-9d65-4bfd-9490-31686cdc05d8,2025-07-18T13:02:23.000Z,2025-07-18T14:10:57.000Z,c624fcf6-9d65-4bfd-9490-31686cdc05d8,-31.745993,-60.494532,2,6484987,737338,20J,,Ñandubay,36,100,https://five.epicollect.net/api/media/plan-de-arbolado-parana-2024-2028?type=photo&format=entry_original&name=c624fcf6-9d65-4bfd-9490-31686cdc05d8_1752843738.jpg,,,,,,,Vivero municipal,Parques y/o plazas,No,Natural,
3ae56255-301e-4944-ada7-8feaf4012551,3cdf0c13-5303-4c02-98d8-f47d4f853453,2025-07-18T12:59:38.000Z,2025-07-18T14:10:55.000Z,3cdf0c13-5303-4c02-98d8-f47d4f853453,-31.746006,-60.494531,2,6484985,737339,20J,,Algarrobos,36,100,,,,,,,,Vivero municipal,Parques y/o plazas,No,Natural,
3ae56255-301e-4944-ada7-8feaf4012551,a8e1dd5f-ba68-4531-8d8e-2de1d1094548,2025-07-18T12:57:45.000Z,2025-07-18T14:10:54.000Z,a8e1dd5f-ba68-4531-8d8e-2de1d1094548,-31.746031,-60.494502,2,6484982,737341,20J,,Mimosa,36,150,https://five.epicollect.net/api/media/plan-de-arbolado-parana-2024-2028?type=photo&format=entry_original&name=a8e1dd5f-ba68-4531-8d8e-2de1d1094548_1752843449.jpg,Seco por la helada,,,,,,Vivero municipal,Parques y/o plazas,No,Natural,
3ae56255-301e-4944-ada7-8feaf4012551,833cbeea-b554-48fa-9e44-1ea01de30dd5,2025-07-18T12:56:30.000Z,2025-07-18T14:10:52.000Z,833cbeea-b554-48fa-9e44-1ea01de30dd5,-31.746037,-60.494479,2,6484982,737343,20J,,Tipa Colorada,36,50,https://five.epicollect.net/api/media/plan-de-arbolado-parana-2024-2028?type=photo&format=entry_original&name=833cbeea-b554-48fa-9e44-1ea01de30dd5_1752843329.jpg,"No tiene caño protector
Daño en el tronco por motoguadaña",,,,,,Vivero municipal,Parques y/o plazas,No,Natural,
3ae56255-301e-4944-ada7-8feaf4012551,f8be02bf-7799-4219-954f-640cd117f62f,2025-07-18T12:53:46.000Z,2025-07-18T14:10:51.000Z,f8be02bf-7799-4219-954f-640cd117f62f,-31.74605,-60.494474,2,6484980,737344,20J,,Palo Borracho,36,100,,Dañado por corte de pasto,,,,,,Vivero municipal,Parques y/o plazas,No,Natural,
3ae56255-301e-4944-ada7-8feaf4012551,48c80561-fd3b-4c7f-adc2-82e8bde8d369,2025-07-18T12:47:47.000Z,2025-07-18T14:10:49.000Z,48c80561-fd3b-4c7f-adc2-82e8bde8d369,-31.746126,-60.494434,2,6484972,737347,20J,,Mimosa,36,100,https://five.epicollect.net/api/media/plan-de-arbolado-parana-2024-2028?type=photo&format=entry_original&name=48c80561-fd3b-4c7f-adc2-82e8bde8d369_1752842821.jpg,Seco por la helada,,,,,,Vivero municipal,Parques y/o plazas,No,Natural,
3ae56255-301e-4944-ada7-8feaf4012551,bd889a0a-eea9-4735-a482-c7c3692ac8eb,2025-07-18T12:45:05.000Z,2025-07-18T14:10:47.000Z,bd889a0a-eea9-4735-a482-c7c3692ac8eb,-31.746189,-60.494447,2,6484965,737346,20J,,Ñandubay,36,60,https://five.epicollect.net/api/media/plan-de-arbolado-parana-2024-2028?type=photo&format=entry_original&name=bd889a0a-eea9-4735-a482-c7c3692ac8eb_1752842691.jpg,,,,,,,Vivero municipal,Parques y/o plazas,No,Natural,
3ae56255-301e-4944-ada7-8feaf4012551,a767544a-8bf8-4c29-aaae-8c40e6254a3e,2025-07-18T12:42:29.000Z,2025-07-18T14:10:46.000Z,a767544a-8bf8-4c29-aaae-8c40e6254a3e,-31.746191,-60.494477,2,6484965,737343,20J,,Algarrobos,36,150,https://five.epicollect.net/api/media/plan-de-arbolado-parana-2024-2028?type=photo&format=entry_original&name=a767544a-8bf8-4c29-aaae-8c40e6254a3e_1752842478.jpg,No,,,,,,Vivero municipal,Parques y/o plazas,No,Natural,
